#include <pgmspace.h>

const uint8_t FontAwesomesolid9006[] PROGMEM = {
0x00, 0x00, 0x01, 0xEC, 0x00, 0x00, 0x00, 0x0B, 0x00, 0x00, 0x00, 0x0C, 0x00, 0x00, 0x00, 0x00,
0x00, 0x00, 0x00, 0x0A, 0x00, 0x00, 0x00, 0x01, 0x00, 0x00, 0xF0, 0x13, 0x00, 0x00, 0x00, 0x0D,
0x00, 0x00, 0x00, 0x0C, 0x00, 0x00, 0x00, 0x0C, 0x00, 0x00, 0x00, 0x0B, 0x00, 0x00, 0x00, 0x00,
0x00, 0x00, 0x00, 0x00, 0x00, 0x00, 0xF0, 0x14, 0x00, 0x00, 0x00, 0x0D, 0x00, 0x00, 0x00, 0x0B,
0x00, 0x00, 0x00, 0x0B, 0x00, 0x00, 0x00, 0x0B, 0x00, 0x00, 0x00, 0x00, 0x00, 0x00, 0x00, 0x00,
0x00, 0x00, 0xF0, 0x15, 0x00, 0x00, 0x00, 0x0D, 0x00, 0x00, 0x00, 0x0C, 0x00, 0x00, 0x00, 0x0C,
0x00, 0x00, 0x00, 0x0B, 0x00, 0x00, 0x00, 0x00, 0x00, 0x00, 0x00, 0x00, 0x00, 0x00, 0xF0, 0x15,
0x00, 0x00, 0x00, 0x0D, 0x00, 0x00, 0x00, 0x0C, 0x00, 0x00, 0x00, 0x0C, 0x00, 0x00, 0x00, 0x0B,
0x00, 0x00, 0x00, 0x00, 0x00, 0x00, 0x00, 0x00, 0x00, 0x00, 0xF0, 0x16, 0x00, 0x00, 0x00, 0x0D,
0x00, 0x00, 0x00, 0x09, 0x00, 0x00, 0x00, 0x09, 0x00, 0x00, 0x00, 0x0B, 0x00, 0x00, 0x00, 0x00,
0x00, 0x00, 0x00, 0x00, 0x00, 0x00, 0xF0, 0x16, 0x00, 0x00, 0x00, 0x0D, 0x00, 0x00, 0x00, 0x09,
0x00, 0x00, 0x00, 0x09, 0x00, 0x00, 0x00, 0x0B, 0x00, 0x00, 0x00, 0x00, 0x00, 0x00, 0x00, 0x00,
0x00, 0x00, 0xF0, 0x17, 0x00, 0x00, 0x00, 0x0D, 0x00, 0x00, 0x00, 0x0C, 0x00, 0x00, 0x00, 0x0C,
0x00, 0x00, 0x00, 0x0B, 0x00, 0x00, 0x00, 0x00, 0x00, 0x00, 0x00, 0x00, 0x00, 0x00, 0xF0, 0x17,
0x00, 0x00, 0x00, 0x0D, 0x00, 0x00, 0x00, 0x0C, 0x00, 0x00, 0x00, 0x0C, 0x00, 0x00, 0x00, 0x0B,
0x00, 0x00, 0x00, 0x00, 0x00, 0x00, 0x00, 0x00, 0x00, 0x00, 0xF0, 0x18, 0x00, 0x00, 0x00, 0x0B,
0x00, 0x00, 0x00, 0x0C, 0x00, 0x00, 0x00, 0x0C, 0x00, 0x00, 0x00, 0x0A, 0x00, 0x00, 0x00, 0x00,
0x00, 0x00, 0x00, 0x00, 0x00, 0x00, 0xF0, 0x18, 0x00, 0x00, 0x00, 0x0B, 0x00, 0x00, 0x00, 0x0C,
0x00, 0x00, 0x00, 0x0C, 0x00, 0x00, 0x00, 0x0A, 0x00, 0x00, 0x00, 0x00, 0x00, 0x00, 0x00, 0x00,
0x00, 0x00, 0xF0, 0x19, 0x00, 0x00, 0x00, 0x0C, 0x00, 0x00, 0x00, 0x0B, 0x00, 0x00, 0x00, 0x0B,
0x00, 0x00, 0x00, 0x0B, 0x00, 0x00, 0x00, 0x00, 0x00, 0x00, 0x00, 0x00, 0x00, 0x00, 0xF0, 0x19,
0x00, 0x00, 0x00, 0x0C, 0x00, 0x00, 0x00, 0x0B, 0x00, 0x00, 0x00, 0x0B, 0x00, 0x00, 0x00, 0x0B,
0x00, 0x00, 0x00, 0x00, 0x00, 0x00, 0x00, 0x00, 0x00, 0x00, 0xF0, 0x1A, 0x00, 0x00, 0x00, 0x0D,
0x00, 0x00, 0x00, 0x0C, 0x00, 0x00, 0x00, 0x0C, 0x00, 0x00, 0x00, 0x0B, 0x00, 0x00, 0x00, 0x00,
0x00, 0x00, 0x00, 0x00, 0x00, 0x00, 0xF0, 0x1A, 0x00, 0x00, 0x00, 0x0D, 0x00, 0x00, 0x00, 0x0C,
0x00, 0x00, 0x00, 0x0C, 0x00, 0x00, 0x00, 0x0B, 0x00, 0x00, 0x00, 0x00, 0x00, 0x00, 0x00, 0x00,
0x00, 0x00, 0xF0, 0x1B, 0x00, 0x00, 0x00, 0x0D, 0x00, 0x00, 0x00, 0x0C, 0x00, 0x00, 0x00, 0x0C,
0x00, 0x00, 0x00, 0x0B, 0x00, 0x00, 0x00, 0x00, 0x00, 0x00, 0x00, 0x00, 0x00, 0x00, 0xF0, 0x1B,
0x00, 0x00, 0x00, 0x0D, 0x00, 0x00, 0x00, 0x0C, 0x00, 0x00, 0x00, 0x0C, 0x00, 0x00, 0x00, 0x0B,
0x00, 0x00, 0x00, 0x00, 0x00, 0x00, 0x00, 0x00, 0x00, 0x00, 0xF0, 0x1C, 0x00, 0x00, 0x00, 0x0B,
0x00, 0x00, 0x00, 0x0C, 0x00, 0x00, 0x00, 0x0C, 0x00, 0x00, 0x00, 0x0A, 0x00, 0x00, 0x00, 0x00,
0x00, 0x00, 0x00, 0x00, 0x00, 0x00, 0xF0, 0x1C, 0x00, 0x00, 0x00, 0x0B, 0x00, 0x00, 0x00, 0x0C,
0x00, 0x00, 0x00, 0x0C, 0x00, 0x00, 0x00, 0x0A, 0x00, 0x00, 0x00, 0x00, 0x00, 0x00, 0x00, 0x00,
0x00, 0x00, 0xF0, 0x1D, 0x00, 0x00, 0x00, 0x0D, 0x00, 0x00, 0x00, 0x0C, 0x00, 0x00, 0x00, 0x0C,
0x00, 0x00, 0x00, 0x0B, 0x00, 0x00, 0x00, 0x00, 0x00, 0x00, 0x00, 0x00, 0x00, 0x00, 0xF0, 0x1D,
0x00, 0x00, 0x00, 0x0D, 0x00, 0x00, 0x00, 0x0C, 0x00, 0x00, 0x00, 0x0C, 0x00, 0x00, 0x00, 0x0B,
0x00, 0x00, 0x00, 0x00, 0x00, 0x00, 0x00, 0x00, 0x00, 0x00, 0xF0, 0x1E, 0x00, 0x00, 0x00, 0x0D,
0x00, 0x00, 0x00, 0x0C, 0x00, 0x00, 0x00, 0x0C, 0x00, 0x00, 0x00, 0x0B, 0x00, 0x00, 0x00, 0x00,
0x00, 0x00, 0x00, 0x00, 0x00, 0x00, 0xF0, 0x1E, 0x00, 0x00, 0x00, 0x0D, 0x00, 0x00, 0x00, 0x0C,
0x00, 0x00, 0x00, 0x0C, 0x00, 0x00, 0x00, 0x0B, 0x00, 0x00, 0x00, 0x00, 0x00, 0x00, 0x00, 0x00,
0x00, 0x00, 0xF0, 0x21, 0x00, 0x00, 0x00, 0x0D, 0x00, 0x00, 0x00, 0x0C, 0x00, 0x00, 0x00, 0x0C,
0x00, 0x00, 0x00, 0x0B, 0x00, 0x00, 0x00, 0x00, 0x00, 0x00, 0x00, 0x00, 0x00, 0x00, 0xF0, 0x21,
0x00, 0x00, 0x00, 0x0D, 0x00, 0x00, 0x00, 0x0C, 0x00, 0x00, 0x00, 0x0C, 0x00, 0x00, 0x00, 0x0B,
0x00, 0x00, 0x00, 0x00, 0x00, 0x00, 0x00, 0x00, 0x00, 0x00, 0xF0, 0x22, 0x00, 0x00, 0x00, 0x09,
0x00, 0x00, 0x00, 0x0C, 0x00, 0x00, 0x00, 0x0C, 0x00, 0x00, 0x00, 0x09, 0x00, 0x00, 0x00, 0x00,
0x00, 0x00, 0x00, 0x00, 0x00, 0x00, 0xF0, 0x22, 0x00, 0x00, 0x00, 0x09, 0x00, 0x00, 0x00, 0x0C,
0x00, 0x00, 0x00, 0x0C, 0x00, 0x00, 0x00, 0x09, 0x00, 0x00, 0x00, 0x00, 0x00, 0x00, 0x00, 0x00,
0x00, 0x00, 0xF0, 0x23, 0x00, 0x00, 0x00, 0x0E, 0x00, 0x00, 0x00, 0x09, 0x00, 0x00, 0x00, 0x09,
0x00, 0x00, 0x00, 0x0C, 0x00, 0x00, 0x00, 0x00, 0x00, 0x00, 0x00, 0x00, 0x00, 0x00, 0xF0, 0x23,
0x00, 0x00, 0x00, 0x0E, 0x00, 0x00, 0x00, 0x09, 0x00, 0x00, 0x00, 0x09, 0x00, 0x00, 0x00, 0x0C,
0x00, 0x00, 0x00, 0x00, 0x00, 0x00, 0x00, 0x00, 0x00, 0x00, 0xF0, 0x24, 0x00, 0x00, 0x00, 0x0D,
0x00, 0x00, 0x00, 0x0B, 0x00, 0x00, 0x00, 0x0B, 0x00, 0x00, 0x00, 0x0B, 0x00, 0x00, 0x00, 0x00,
0x00, 0x00, 0x00, 0x00, 0x00, 0x00, 0xF0, 0x24, 0x00, 0x00, 0x00, 0x0D, 0x00, 0x00, 0x00, 0x0B,
0x00, 0x00, 0x00, 0x0B, 0x00, 0x00, 0x00, 0x0B, 0x00, 0x00, 0x00, 0x00, 0x00, 0x00, 0x00, 0x00,
0x00, 0x00, 0xF0, 0x25, 0x00, 0x00, 0x00, 0x0C, 0x00, 0x00, 0x00, 0x0B, 0x00, 0x00, 0x00, 0x0B,
0x00, 0x00, 0x00, 0x0B, 0x00, 0x00, 0x00, 0x00, 0x00, 0x00, 0x00, 0x00, 0x00, 0x00, 0xF0, 0x25,
0x00, 0x00, 0x00, 0x0C, 0x00, 0x00, 0x00, 0x0B, 0x00, 0x00, 0x00, 0x0B, 0x00, 0x00, 0x00, 0x0B,
0x00, 0x00, 0x00, 0x00, 0x00, 0x00, 0x00, 0x00, 0x00, 0x00, 0xF0, 0x26, 0x00, 0x00, 0x00, 0x0B,
0x00, 0x00, 0x00, 0x07, 0x00, 0x00, 0x00, 0x08, 0x00, 0x00, 0x00, 0x0A, 0x00, 0x00, 0x00, 0x00,
0x00, 0x00, 0x00, 0x00, 0x00, 0x00, 0xF0, 0x26, 0x00, 0x00, 0x00, 0x0B, 0x00, 0x00, 0x00, 0x07,
0x00, 0x00, 0x00, 0x08, 0x00, 0x00, 0x00, 0x0A, 0x00, 0x00, 0x00, 0x00, 0x00, 0x00, 0x00, 0x00,
0x00, 0x00, 0xF0, 0x27, 0x00, 0x00, 0x00, 0x0B, 0x00, 0x00, 0x00, 0x0A, 0x00, 0x00, 0x00, 0x0B,
0x00, 0x00, 0x00, 0x0A, 0x00, 0x00, 0x00, 0x00, 0x00, 0x00, 0x00, 0x00, 0x00, 0x00, 0xF0, 0x27,
0x00, 0x00, 0x00, 0x0B, 0x00, 0x00, 0x00, 0x0A, 0x00, 0x00, 0x00, 0x0B, 0x00, 0x00, 0x00, 0x0A,
0x00, 0x00, 0x00, 0x00, 0x00, 0x00, 0x00, 0x00, 0x00, 0x00, 0xF0, 0x28, 0x00, 0x00, 0x00, 0x0B,
0x00, 0x00, 0x00, 0x0F, 0x00, 0x00, 0x00, 0x0F, 0x00, 0x00, 0x00, 0x0A, 0x00, 0x00, 0x00, 0x00,
0x00, 0x00, 0x00, 0x00, 0x00, 0x00, 0xF0, 0x28, 0x00, 0x00, 0x00, 0x0B, 0x00, 0x00, 0x00, 0x0F,
0x00, 0x00, 0x00, 0x0F, 0x00, 0x00, 0x00, 0x0A, 0x00, 0x00, 0x00, 0x00, 0x00, 0x00, 0x00, 0x00,
0x00, 0x00, 0xF0, 0x29, 0x00, 0x00, 0x00, 0x0B, 0x00, 0x00, 0x00, 0x0B, 0x00, 0x00, 0x00, 0x0B,
0x00, 0x00, 0x00, 0x0A, 0x00, 0x00, 0x00, 0x00, 0x00, 0x00, 0x00, 0x00, 0x00, 0x00, 0xF0, 0x29,
0x00, 0x00, 0x00, 0x0B, 0x00, 0x00, 0x00, 0x0B, 0x00, 0x00, 0x00, 0x0B, 0x00, 0x00, 0x00, 0x0A,
0x00, 0x00, 0x00, 0x00, 0x00, 0x00, 0x00, 0x00, 0x00, 0x00, 0xF0, 0x2A, 0x00, 0x00, 0x00, 0x0B,
0x00, 0x00, 0x00, 0x0B, 0x00, 0x00, 0x00, 0x0B, 0x00, 0x00, 0x00, 0x0A, 0x00, 0x00, 0x00, 0x00,
0x00, 0x00, 0x00, 0x00, 0x00, 0x00, 0xF0, 0x2A, 0x00, 0x00, 0x00, 0x0B, 0x00, 0x00, 0x00, 0x0B,
0x00, 0x00, 0x00, 0x0B, 0x00, 0x00, 0x00, 0x0A, 0x00, 0x00, 0x00, 0x00, 0x00, 0x00, 0x00, 0x00,
0x00, 0x00, 0xF0, 0x2B, 0x00, 0x00, 0x00, 0x0C, 0x00, 0x00, 0x00, 0x0C, 0x00, 0x00, 0x00, 0x0C,
0x00, 0x00, 0x00, 0x0A, 0x00, 0x00, 0x00, 0x00, 0x00, 0x00, 0x00, 0x00, 0x00, 0x00, 0xF0, 0x2B,
0x00, 0x00, 0x00, 0x0C, 0x00, 0x00, 0x00, 0x0C, 0x00, 0x00, 0x00, 0x0C, 0x00, 0x00, 0x00, 0x0A,
0x00, 0x00, 0x00, 0x00, 0x00, 0x00, 0x00, 0x00, 0x00, 0x00, 0xF0, 0x2C, 0x00, 0x00, 0x00, 0x0B,
0x00, 0x00, 0x00, 0x0E, 0x00, 0x00, 0x00, 0x0E, 0x00, 0x00, 0x00, 0x0A, 0x00, 0x00, 0x00, 0x00,
0x00, 0x00, 0x00, 0x00, 0x00, 0x00, 0xF0, 0x2C, 0x00, 0x00, 0x00, 0x0B, 0x00, 0x00, 0x00, 0x0E,
0x00, 0x00, 0x00, 0x0E, 0x00, 0x00, 0x00, 0x0A, 0x00, 0x00, 0x00, 0x00, 0x00, 0x00, 0x00, 0x00,
0x00, 0x00, 0xF0, 0x2D, 0x00, 0x00, 0x00, 0x0D, 0x00, 0x00, 0x00, 0x0B, 0x00, 0x00, 0x00, 0x0B,
0x00, 0x00, 0x00, 0x0B, 0x00, 0x00, 0x00, 0x00, 0x00, 0x00, 0x00, 0x00, 0x00, 0x00, 0xF0, 0x2D,
0x00, 0x00, 0x00, 0x0D, 0x00, 0x00, 0x00, 0x0B, 0x00, 0x00, 0x00, 0x0B, 0x00, 0x00, 0x00, 0x0B,
0x00, 0x00, 0x00, 0x00, 0x00, 0x00, 0x00, 0x00, 0x00, 0x00, 0xF0, 0x2E, 0x00, 0x00, 0x00, 0x0D,
0x00, 0x00, 0x00, 0x09, 0x00, 0x00, 0x00, 0x09, 0x00, 0x00, 0x00, 0x0B, 0x00, 0x00, 0x00, 0x00,
0x00, 0x00, 0x00, 0x00, 0x00, 0x00, 0xF0, 0x2E, 0x00, 0x00, 0x00, 0x0D, 0x00, 0x00, 0x00, 0x09,
0x00, 0x00, 0x00, 0x09, 0x00, 0x00, 0x00, 0x0B, 0x00, 0x00, 0x00, 0x00, 0x00, 0x00, 0x00, 0x00,
0x00, 0x00, 0xF0, 0x2F, 0x00, 0x00, 0x00, 0x0D, 0x00, 0x00, 0x00, 0x0C, 0x00, 0x00, 0x00, 0x0C,
0x00, 0x00, 0x00, 0x0B, 0x00, 0x00, 0x00, 0x00, 0x00, 0x00, 0x00, 0x00, 0x00, 0x00, 0xF0, 0x2F,
0x00, 0x00, 0x00, 0x0D, 0x00, 0x00, 0x00, 0x0C, 0x00, 0x00, 0x00, 0x0C, 0x00, 0x00, 0x00, 0x0B,
0x00, 0x00, 0x00, 0x00, 0x00, 0x00, 0x00, 0x00, 0x00, 0x00, 0xF0, 0x30, 0x00, 0x00, 0x00, 0x0B,
0x00, 0x00, 0x00, 0x0C, 0x00, 0x00, 0x00, 0x0C, 0x00, 0x00, 0x00, 0x0A, 0x00, 0x00, 0x00, 0x00,
0x00, 0x00, 0x00, 0x00, 0x00, 0x00, 0xF0, 0x30, 0x00, 0x00, 0x00, 0x0B, 0x00, 0x00, 0x00, 0x0C,
0x00, 0x00, 0x00, 0x0C, 0x00, 0x00, 0x00, 0x0A, 0x00, 0x00, 0x00, 0x00, 0x00, 0x00, 0x00, 0x00,
0x00, 0x00, 0xF0, 0x31, 0x00, 0x00, 0x00, 0x0B, 0x00, 0x00, 0x00, 0x0C, 0x00, 0x00, 0x00, 0x0C,
0x00, 0x00, 0x00, 0x0A, 0x00, 0x00, 0x00, 0x00, 0x00, 0x00, 0x00, 0x00, 0x00, 0x00, 0xF0, 0x31,
0x00, 0x00, 0x00, 0x0B, 0x00, 0x00, 0x00, 0x0C, 0x00, 0x00, 0x00, 0x0C, 0x00, 0x00, 0x00, 0x0A,
0x00, 0x00, 0x00, 0x00, 0x00, 0x00, 0x00, 0x00, 0x00, 0x00, 0xF0, 0x32, 0x00, 0x00, 0x00, 0x0B,
0x00, 0x00, 0x00, 0x09, 0x00, 0x00, 0x00, 0x09, 0x00, 0x00, 0x00, 0x0A, 0x00, 0x00, 0x00, 0x00,
0x00, 0x00, 0x00, 0x00, 0x00, 0x00, 0xF0, 0x32, 0x00, 0x00, 0x00, 0x0B, 0x00, 0x00, 0x00, 0x09,
0x00, 0x00, 0x00, 0x09, 0x00, 0x00, 0x00, 0x0A, 0x00, 0x00, 0x00, 0x00, 0x00, 0x00, 0x00, 0x00,
0x00, 0x00, 0xF0, 0x33, 0x00, 0x00, 0x00, 0x0B, 0x00, 0x00, 0x00, 0x09, 0x00, 0x00, 0x00, 0x09,
0x00, 0x00, 0x00, 0x0A, 0x00, 0x00, 0x00, 0x00, 0x00, 0x00, 0x00, 0x00, 0x00, 0x00, 0xF0, 0x33,
0x00, 0x00, 0x00, 0x0B, 0x00, 0x00, 0x00, 0x09, 0x00, 0x00, 0x00, 0x09, 0x00, 0x00, 0x00, 0x0A,
0x00, 0x00, 0x00, 0x00, 0x00, 0x00, 0x00, 0x00, 0x00, 0x00, 0xF0, 0x34, 0x00, 0x00, 0x00, 0x0B,
0x00, 0x00, 0x00, 0x0E, 0x00, 0x00, 0x00, 0x0E, 0x00, 0x00, 0x00, 0x0A, 0x00, 0x00, 0x00, 0x00,
0x00, 0x00, 0x00, 0x00, 0x00, 0x00, 0xF0, 0x34, 0x00, 0x00, 0x00, 0x0B, 0x00, 0x00, 0x00, 0x0E,
0x00, 0x00, 0x00, 0x0E, 0x00, 0x00, 0x00, 0x0A, 0x00, 0x00, 0x00, 0x00, 0x00, 0x00, 0x00, 0x00,
0x00, 0x00, 0xF0, 0x35, 0x00, 0x00, 0x00, 0x0E, 0x00, 0x00, 0x00, 0x0B, 0x00, 0x00, 0x00, 0x0B,
0x00, 0x00, 0x00, 0x0B, 0x00, 0x00, 0x00, 0x00, 0x00, 0x00, 0x00, 0x00, 0x00, 0x00, 0xF0, 0x35,
0x00, 0x00, 0x00, 0x0E, 0x00, 0x00, 0x00, 0x0B, 0x00, 0x00, 0x00, 0x0B, 0x00, 0x00, 0x00, 0x0B,
0x00, 0x00, 0x00, 0x00, 0x00, 0x00, 0x00, 0x00, 0x00, 0x00, 0xF0, 0x36, 0x00, 0x00, 0x00, 0x0B,
0x00, 0x00, 0x00, 0x0B, 0x00, 0x00, 0x00, 0x0B, 0x00, 0x00, 0x00, 0x0A, 0x00, 0x00, 0x00, 0x00,
0x00, 0x00, 0x00, 0x00, 0x00, 0x00, 0xF0, 0x36, 0x00, 0x00, 0x00, 0x0B, 0x00, 0x00, 0x00, 0x0B,
0x00, 0x00, 0x00, 0x0B, 0x00, 0x00, 0x00, 0x0A, 0x00, 0x00, 0x00, 0x00, 0x00, 0x00, 0x00, 0x00,
0x00, 0x00, 0xF0, 0x37, 0x00, 0x00, 0x00, 0x0B, 0x00, 0x00, 0x00, 0x0B, 0x00, 0x00, 0x00, 0x0B,
0x00, 0x00, 0x00, 0x0A, 0x00, 0x00, 0x00, 0x00, 0x00, 0x00, 0x00, 0x00, 0x00, 0x00, 0xF0, 0x37,
0x00, 0x00, 0x00, 0x0B, 0x00, 0x00, 0x00, 0x0B, 0x00, 0x00, 0x00, 0x0B, 0x00, 0x00, 0x00, 0x0A,
0x00, 0x00, 0x00, 0x00, 0x00, 0x00, 0x00, 0x00, 0x00, 0x00, 0xF0, 0x38, 0x00, 0x00, 0x00, 0x0B,
0x00, 0x00, 0x00, 0x0B, 0x00, 0x00, 0x00, 0x0B, 0x00, 0x00, 0x00, 0x0A, 0x00, 0x00, 0x00, 0x00,
0x00, 0x00, 0x00, 0x00, 0x00, 0x00, 0xF0, 0x38, 0x00, 0x00, 0x00, 0x0B, 0x00, 0x00, 0x00, 0x0B,
0x00, 0x00, 0x00, 0x0B, 0x00, 0x00, 0x00, 0x0A, 0x00, 0x00, 0x00, 0x00, 0x00, 0x00, 0x00, 0x00,
0x00, 0x00, 0xF0, 0x39, 0x00, 0x00, 0x00, 0x0B, 0x00, 0x00, 0x00, 0x0B, 0x00, 0x00, 0x00, 0x0B,
0x00, 0x00, 0x00, 0x0A, 0x00, 0x00, 0x00, 0x00, 0x00, 0x00, 0x00, 0x00, 0x00, 0x00, 0xF0, 0x39,
0x00, 0x00, 0x00, 0x0B, 0x00, 0x00, 0x00, 0x0B, 0x00, 0x00, 0x00, 0x0B, 0x00, 0x00, 0x00, 0x0A,
0x00, 0x00, 0x00, 0x00, 0x00, 0x00, 0x00, 0x00, 0x00, 0x00, 0xF0, 0x3A, 0x00, 0x00, 0x00, 0x0B,
0x00, 0x00, 0x00, 0x0C, 0x00, 0x00, 0x00, 0x0C, 0x00, 0x00, 0x00, 0x0A, 0x00, 0x00, 0x00, 0x00,
0x00, 0x00, 0x00, 0x00, 0x00, 0x00, 0xF0, 0x3A, 0x00, 0x00, 0x00, 0x0B, 0x00, 0x00, 0x00, 0x0C,
0x00, 0x00, 0x00, 0x0C, 0x00, 0x00, 0x00, 0x0A, 0x00, 0x00, 0x00, 0x00, 0x00, 0x00, 0x00, 0x00,
0x00, 0x00, 0xF0, 0x3B, 0x00, 0x00, 0x00, 0x0B, 0x00, 0x00, 0x00, 0x0C, 0x00, 0x00, 0x00, 0x0B,
0x00, 0x00, 0x00, 0x0A, 0xFF, 0xFF, 0xFF, 0xFF, 0x00, 0x00, 0x00, 0x00, 0x00, 0x00, 0xF0, 0x3B,
0x00, 0x00, 0x00, 0x0B, 0x00, 0x00, 0x00, 0x0C, 0x00, 0x00, 0x00, 0x0B, 0x00, 0x00, 0x00, 0x0A,
0xFF, 0xFF, 0xFF, 0xFF, 0x00, 0x00, 0x00, 0x00, 0x00, 0x00, 0xF0, 0x3C, 0x00, 0x00, 0x00, 0x0B,
0x00, 0x00, 0x00, 0x0B, 0x00, 0x00, 0x00, 0x0B, 0x00, 0x00, 0x00, 0x0A, 0x00, 0x00, 0x00, 0x00,
0x00, 0x00, 0x00, 0x00, 0x00, 0x00, 0xF0, 0x3C, 0x00, 0x00, 0x00, 0x0B, 0x00, 0x00, 0x00, 0x0B,
0x00, 0x00, 0x00, 0x0B, 0x00, 0x00, 0x00, 0x0A, 0x00, 0x00, 0x00, 0x00, 0x00, 0x00, 0x00, 0x00,
0x00, 0x00, 0xF0, 0x3D, 0x00, 0x00, 0x00, 0x09, 0x00, 0x00, 0x00, 0x0E, 0x00, 0x00, 0x00, 0x0E,
0x00, 0x00, 0x00, 0x09, 0x00, 0x00, 0x00, 0x00, 0x00, 0x00, 0x00, 0x00, 0x00, 0x00, 0xF0, 0x3D,
0x00, 0x00, 0x00, 0x09, 0x00, 0x00, 0x00, 0x0E, 0x00, 0x00, 0x00, 0x0E, 0x00, 0x00, 0x00, 0x09,
0x00, 0x00, 0x00, 0x00, 0x00, 0x00, 0x00, 0x00, 0x00, 0x00, 0xF0, 0x3E, 0x00, 0x00, 0x00, 0x0B,
0x00, 0x00, 0x00, 0x0B, 0x00, 0x00, 0x00, 0x0B, 0x00, 0x00, 0x00, 0x0A, 0x00, 0x00, 0x00, 0x00,
0x00, 0x00, 0x00, 0x00, 0x00, 0x00, 0xF0, 0x3E, 0x00, 0x00, 0x00, 0x0B, 0x00, 0x00, 0x00, 0x0B,
0x00, 0x00, 0x00, 0x0B, 0x00, 0x00, 0x00, 0x0A, 0x00, 0x00, 0x00, 0x00, 0x00, 0x00, 0x00, 0x00,
0x00, 0x00, 0xF0, 0x40, 0x00, 0x00, 0x00, 0x0D, 0x00, 0x00, 0x00, 0x0C, 0x00, 0x00, 0x00, 0x0C,
0x00, 0x00, 0x00, 0x0B, 0x00, 0x00, 0x00, 0x00, 0x00, 0x00, 0x00, 0x00, 0x00, 0x00, 0xF0, 0x40,
0x00, 0x00, 0x00, 0x0D, 0x00, 0x00, 0x00, 0x0C, 0x00, 0x00, 0x00, 0x0C, 0x00, 0x00, 0x00, 0x0B,
0x00, 0x00, 0x00, 0x00, 0x00, 0x00, 0x00, 0x00, 0x00, 0x00, 0xF0, 0x41, 0x00, 0x00, 0x00, 0x0D,
0x00, 0x00, 0x00, 0x09, 0x00, 0x00, 0x00, 0x09, 0x00, 0x00, 0x00, 0x0B, 0x00, 0x00, 0x00, 0x00,
0x00, 0x00, 0x00, 0x00, 0x00, 0x00, 0xF0, 0x41, 0x00, 0x00, 0x00, 0x0D, 0x00, 0x00, 0x00, 0x09,
0x00, 0x00, 0x00, 0x09, 0x00, 0x00, 0x00, 0x0B, 0x00, 0x00, 0x00, 0x00, 0x00, 0x00, 0x00, 0x00,
0x00, 0x00, 0xF0, 0x42, 0x00, 0x00, 0x00, 0x0D, 0x00, 0x00, 0x00, 0x0C, 0x00, 0x00, 0x00, 0x0C,
0x00, 0x00, 0x00, 0x0B, 0x00, 0x00, 0x00, 0x00, 0x00, 0x00, 0x00, 0x00, 0x00, 0x00, 0xF0, 0x42,
0x00, 0x00, 0x00, 0x0D, 0x00, 0x00, 0x00, 0x0C, 0x00, 0x00, 0x00, 0x0C, 0x00, 0x00, 0x00, 0x0B,
0x00, 0x00, 0x00, 0x00, 0x00, 0x00, 0x00, 0x00, 0x00, 0x00, 0xF0, 0x43, 0x00, 0x00, 0x00, 0x0D,
0x00, 0x00, 0x00, 0x09, 0x00, 0x00, 0x00, 0x09, 0x00, 0x00, 0x00, 0x0B, 0x00, 0x00, 0x00, 0x00,
0x00, 0x00, 0x00, 0x00, 0x00, 0x00, 0xF0, 0x43, 0x00, 0x00, 0x00, 0x0D, 0x00, 0x00, 0x00, 0x09,
0x00, 0x00, 0x00, 0x09, 0x00, 0x00, 0x00, 0x0B, 0x00, 0x00, 0x00, 0x00, 0x00, 0x00, 0x00, 0x00,
0x00, 0x00, 0xF0, 0x44, 0x00, 0x00, 0x00, 0x0D, 0x00, 0x00, 0x00, 0x0C, 0x00, 0x00, 0x00, 0x0C,
0x00, 0x00, 0x00, 0x0B, 0x00, 0x00, 0x00, 0x00, 0x00, 0x00, 0x00, 0x00, 0x00, 0x00, 0xF0, 0x44,
0x00, 0x00, 0x00, 0x0D, 0x00, 0x00, 0x00, 0x0C, 0x00, 0x00, 0x00, 0x0C, 0x00, 0x00, 0x00, 0x0B,
0x00, 0x00, 0x00, 0x00, 0x00, 0x00, 0x00, 0x00, 0x00, 0x00, 0xF0, 0x45, 0x00, 0x00, 0x00, 0x0D,
0x00, 0x00, 0x00, 0x0E, 0x00, 0x00, 0x00, 0x0E, 0x00, 0x00, 0x00, 0x0B, 0x00, 0x00, 0x00, 0x00,
0x00, 0x00, 0x00, 0x00, 0x00, 0x00, 0xF0, 0x45, 0x00, 0x00, 0x00, 0x0D, 0x00, 0x00, 0x00, 0x0E,
0x00, 0x00, 0x00, 0x0E, 0x00, 0x00, 0x00, 0x0B, 0x00, 0x00, 0x00, 0x00, 0x00, 0x00, 0x00, 0x00,
0x00, 0x00, 0xF0, 0x46, 0x00, 0x00, 0x00, 0x0B, 0x00, 0x00, 0x00, 0x0B, 0x00, 0x00, 0x00, 0x0B,
0x00, 0x00, 0x00, 0x0A, 0x00, 0x00, 0x00, 0x00, 0x00, 0x00, 0x00, 0x00, 0x00, 0x00, 0xF0, 0x46,
0x00, 0x00, 0x00, 0x0B, 0x00, 0x00, 0x00, 0x0B, 0x00, 0x00, 0x00, 0x0B, 0x00, 0x00, 0x00, 0x0A,
0x00, 0x00, 0x00, 0x00, 0x00, 0x00, 0x00, 0x00, 0x00, 0x00, 0xF0, 0x47, 0x00, 0x00, 0x00, 0x0D,
0x00, 0x00, 0x00, 0x0C, 0x00, 0x00, 0x00, 0x0C, 0x00, 0x00, 0x00, 0x0B, 0x00, 0x00, 0x00, 0x00,
0x00, 0x00, 0x00, 0x00, 0x00, 0x00, 0xF0, 0x47, 0x00, 0x00, 0x00, 0x0D, 0x00, 0x00, 0x00, 0x0C,
0x00, 0x00, 0x00, 0x0C, 0x00, 0x00, 0x00, 0x0B, 0x00, 0x00, 0x00, 0x00, 0x00, 0x00, 0x00, 0x00,
0x00, 0x00, 0xF0, 0x48, 0x00, 0x00, 0x00, 0x0B, 0x00, 0x00, 0x00, 0x09, 0x00, 0x00, 0x00, 0x09,
0x00, 0x00, 0x00, 0x0A, 0x00, 0x00, 0x00, 0x00, 0x00, 0x00, 0x00, 0x00, 0x00, 0x00, 0xF0, 0x48,
0x00, 0x00, 0x00, 0x0B, 0x00, 0x00, 0x00, 0x09, 0x00, 0x00, 0x00, 0x09, 0x00, 0x00, 0x00, 0x0A,
0x00, 0x00, 0x00, 0x00, 0x00, 0x00, 0x00, 0x00, 0x00, 0x00, 0xF0, 0x49, 0x00, 0x00, 0x00, 0x0B,
0x00, 0x00, 0x00, 0x0C, 0x00, 0x00, 0x00, 0x0C, 0x00, 0x00, 0x00, 0x0A, 0x00, 0x00, 0x00, 0x00,
0x00, 0x00, 0x00, 0x00, 0x00, 0x00, 0xF0, 0x49, 0x00, 0x00, 0x00, 0x0B, 0x00, 0x00, 0x00, 0x0C,
0x00, 0x00, 0x00, 0x0C, 0x00, 0x00, 0x00, 0x0A, 0x00, 0x00, 0x00, 0x00, 0x00, 0x00, 0x00, 0x00,
0x00, 0x00, 0xF0, 0x4A, 0x00, 0x00, 0x00, 0x0B, 0x00, 0x00, 0x00, 0x0C, 0x00, 0x00, 0x00, 0x0E,
0x00, 0x00, 0x00, 0x0A, 0x00, 0x00, 0x00, 0x00, 0x00, 0x00, 0x00, 0x00, 0x00, 0x00, 0xF0, 0x4A,
0x00, 0x00, 0x00, 0x0B, 0x00, 0x00, 0x00, 0x0C, 0x00, 0x00, 0x00, 0x0E, 0x00, 0x00, 0x00, 0x0A,
0x00, 0x00, 0x00, 0x00, 0x00, 0x00, 0x00, 0x00, 0x00, 0x00, 0xF0, 0x4B, 0x00, 0x00, 0x00, 0x0B,
0x00, 0x00, 0x00, 0x0B, 0x00, 0x00, 0x00, 0x0B, 0x00, 0x00, 0x00, 0x0A, 0x00, 0x00, 0x00, 0x00,
0x00, 0x00, 0x00, 0x00, 0x00, 0x00, 0xF0, 0x4B, 0x00, 0x00, 0x00, 0x0B, 0x00, 0x00, 0x00, 0x0B,
0x00, 0x00, 0x00, 0x0B, 0x00, 0x00, 0x00, 0x0A, 0x00, 0x00, 0x00, 0x00, 0x00, 0x00, 0x00, 0x00,
0x00, 0x00, 0xF0, 0x4C, 0x00, 0x00, 0x00, 0x0B, 0x00, 0x00, 0x00, 0x09, 0x00, 0x00, 0x00, 0x09,
0x00, 0x00, 0x00, 0x0A, 0x00, 0x00, 0x00, 0x00, 0x00, 0x00, 0x00, 0x00, 0x00, 0x00, 0xF0, 0x4C,
0x00, 0x00, 0x00, 0x0B, 0x00, 0x00, 0x00, 0x09, 0x00, 0x00, 0x00, 0x09, 0x00, 0x00, 0x00, 0x0A,
0x00, 0x00, 0x00, 0x00, 0x00, 0x00, 0x00, 0x00, 0x00, 0x00, 0xF0, 0x4D, 0x00, 0x00, 0x00, 0x0B,
0x00, 0x00, 0x00, 0x0B, 0x00, 0x00, 0x00, 0x0B, 0x00, 0x00, 0x00, 0x0A, 0x00, 0x00, 0x00, 0x00,
0x00, 0x00, 0x00, 0x00, 0x00, 0x00, 0xF0, 0x4D, 0x00, 0x00, 0x00, 0x0B, 0x00, 0x00, 0x00, 0x0B,
0x00, 0x00, 0x00, 0x0B, 0x00, 0x00, 0x00, 0x0A, 0x00, 0x00, 0x00, 0x00, 0x00, 0x00, 0x00, 0x00,
0x00, 0x00, 0xF0, 0x4E, 0x00, 0x00, 0x00, 0x0B, 0x00, 0x00, 0x00, 0x0D, 0x00, 0x00, 0x00, 0x0E,
0x00, 0x00, 0x00, 0x0A, 0x00, 0x00, 0x00, 0x01, 0x00, 0x00, 0x00, 0x00, 0x00, 0x00, 0xF0, 0x4E,
0x00, 0x00, 0x00, 0x0B, 0x00, 0x00, 0x00, 0x0D, 0x00, 0x00, 0x00, 0x0E, 0x00, 0x00, 0x00, 0x0A,
0x00, 0x00, 0x00, 0x01, 0x00, 0x00, 0x00, 0x00, 0x00, 0x00, 0xF0, 0x50, 0x00, 0x00, 0x00, 0x0B,
0x00, 0x00, 0x00, 0x0C, 0x00, 0x00, 0x00, 0x0C, 0x00, 0x00, 0x00, 0x0A, 0x00, 0x00, 0x00, 0x00,
0x00, 0x00, 0x00, 0x00, 0x00, 0x00, 0xF0, 0x50, 0x00, 0x00, 0x00, 0x0B, 0x00, 0x00, 0x00, 0x0C,
0x00, 0x00, 0x00, 0x0C, 0x00, 0x00, 0x00, 0x0A, 0x00, 0x00, 0x00, 0x00, 0x00, 0x00, 0x00, 0x00,
0x00, 0x00, 0xF0, 0x51, 0x00, 0x00, 0x00, 0x0B, 0x00, 0x00, 0x00, 0x09, 0x00, 0x00, 0x00, 0x09,
0x00, 0x00, 0x00, 0x0A, 0x00, 0x00, 0x00, 0x00, 0x00, 0x00, 0x00, 0x00, 0x00, 0x00, 0xF0, 0x51,
0x00, 0x00, 0x00, 0x0B, 0x00, 0x00, 0x00, 0x09, 0x00, 0x00, 0x00, 0x09, 0x00, 0x00, 0x00, 0x0A,
0x00, 0x00, 0x00, 0x00, 0x00, 0x00, 0x00, 0x00, 0x00, 0x00, 0xF0, 0x52, 0x00, 0x00, 0x00, 0x0B,
0x00, 0x00, 0x00, 0x0B, 0x00, 0x00, 0x00, 0x0B, 0x00, 0x00, 0x00, 0x0A, 0x00, 0x00, 0x00, 0x00,
0x00, 0x00, 0x00, 0x00, 0x00, 0x00, 0xF0, 0x52, 0x00, 0x00, 0x00, 0x0B, 0x00, 0x00, 0x00, 0x0B,
0x00, 0x00, 0x00, 0x0B, 0x00, 0x00, 0x00, 0x0A, 0x00, 0x00, 0x00, 0x00, 0x00, 0x00, 0x00, 0x00,
0x00, 0x00, 0xF0, 0x53, 0x00, 0x00, 0x00, 0x0B, 0x00, 0x00, 0x00, 0x06, 0x00, 0x00, 0x00, 0x08,
0x00, 0x00, 0x00, 0x0A, 0x00, 0x00, 0x00, 0x00, 0x00, 0x00, 0x00, 0x00, 0x00, 0x00, 0xF0, 0x53,
0x00, 0x00, 0x00, 0x0B, 0x00, 0x00, 0x00, 0x06, 0x00, 0x00, 0x00, 0x08, 0x00, 0x00, 0x00, 0x0A,
0x00, 0x00, 0x00, 0x00, 0x00, 0x00, 0x00, 0x00, 0x00, 0x00, 0xF0, 0x54, 0x00, 0x00, 0x00, 0x0B,
0x00, 0x00, 0x00, 0x07, 0x00, 0x00, 0x00, 0x08, 0x00, 0x00, 0x00, 0x0A, 0x00, 0x00, 0x00, 0x01,
0x00, 0x00, 0x00, 0x00, 0x00, 0x00, 0xF0, 0x54, 0x00, 0x00, 0x00, 0x0B, 0x00, 0x00, 0x00, 0x07,
0x00, 0x00, 0x00, 0x08, 0x00, 0x00, 0x00, 0x0A, 0x00, 0x00, 0x00, 0x01, 0x00, 0x00, 0x00, 0x00,
0x00, 0x00, 0xF0, 0x55, 0x00, 0x00, 0x00, 0x0D, 0x00, 0x00, 0x00, 0x0C, 0x00, 0x00, 0x00, 0x0C,
0x00, 0x00, 0x00, 0x0B, 0x00, 0x00, 0x00, 0x00, 0x00, 0x00, 0x00, 0x00, 0x00, 0x00, 0xF0, 0x55,
0x00, 0x00, 0x00, 0x0D, 0x00, 0x00, 0x00, 0x0C, 0x00, 0x00, 0x00, 0x0C, 0x00, 0x00, 0x00, 0x0B,
0x00, 0x00, 0x00, 0x00, 0x00, 0x00, 0x00, 0x00, 0x00, 0x00, 0xF0, 0x56, 0x00, 0x00, 0x00, 0x0D,
0x00, 0x00, 0x00, 0x0C, 0x00, 0x00, 0x00, 0x0C, 0x00, 0x00, 0x00, 0x0B, 0x00, 0x00, 0x00, 0x00,
0x00, 0x00, 0x00, 0x00, 0x00, 0x00, 0xF0, 0x56, 0x00, 0x00, 0x00, 0x0D, 0x00, 0x00, 0x00, 0x0C,
0x00, 0x00, 0x00, 0x0C, 0x00, 0x00, 0x00, 0x0B, 0x00, 0x00, 0x00, 0x00, 0x00, 0x00, 0x00, 0x00,
0x00, 0x00, 0xF0, 0x57, 0x00, 0x00, 0x00, 0x0D, 0x00, 0x00, 0x00, 0x0C, 0x00, 0x00, 0x00, 0x0C,
0x00, 0x00, 0x00, 0x0B, 0x00, 0x00, 0x00, 0x00, 0x00, 0x00, 0x00, 0x00, 0x00, 0x00, 0xF0, 0x57,
0x00, 0x00, 0x00, 0x0D, 0x00, 0x00, 0x00, 0x0C, 0x00, 0x00, 0x00, 0x0C, 0x00, 0x00, 0x00, 0x0B,
0x00, 0x00, 0x00, 0x00, 0x00, 0x00, 0x00, 0x00, 0x00, 0x00, 0xF0, 0x58, 0x00, 0x00, 0x00, 0x0D,
0x00, 0x00, 0x00, 0x0C, 0x00, 0x00, 0x00, 0x0C, 0x00, 0x00, 0x00, 0x0B, 0x00, 0x00, 0x00, 0x00,
0x00, 0x00, 0x00, 0x00, 0x00, 0x00, 0xF0, 0x58, 0x00, 0x00, 0x00, 0x0D, 0x00, 0x00, 0x00, 0x0C,
0x00, 0x00, 0x00, 0x0C, 0x00, 0x00, 0x00, 0x0B, 0x00, 0x00, 0x00, 0x00, 0x00, 0x00, 0x00, 0x00,
0x00, 0x00, 0xF0, 0x59, 0x00, 0x00, 0x00, 0x0D, 0x00, 0x00, 0x00, 0x0C, 0x00, 0x00, 0x00, 0x0C,
0x00, 0x00, 0x00, 0x0B, 0x00, 0x00, 0x00, 0x00, 0x00, 0x00, 0x00, 0x00, 0x00, 0x00, 0xF0, 0x59,
0x00, 0x00, 0x00, 0x0D, 0x00, 0x00, 0x00, 0x0C, 0x00, 0x00, 0x00, 0x0C, 0x00, 0x00, 0x00, 0x0B,
0x00, 0x00, 0x00, 0x00, 0x00, 0x00, 0x00, 0x00, 0x00, 0x00, 0xF0, 0x5A, 0x00, 0x00, 0x00, 0x0D,
0x00, 0x00, 0x00, 0x0C, 0x00, 0x00, 0x00, 0x0C, 0x00, 0x00, 0x00, 0x0B, 0x00, 0x00, 0x00, 0x00,
0x00, 0x00, 0x00, 0x00, 0x00, 0x00, 0xF0, 0x5A, 0x00, 0x00, 0x00, 0x0D, 0x00, 0x00, 0x00, 0x0C,
0x00, 0x00, 0x00, 0x0C, 0x00, 0x00, 0x00, 0x0B, 0x00, 0x00, 0x00, 0x00, 0x00, 0x00, 0x00, 0x00,
0x00, 0x00, 0xF0, 0x5B, 0x00, 0x00, 0x00, 0x0D, 0x00, 0x00, 0x00, 0x0E, 0x00, 0x00, 0x00, 0x0E,
0x00, 0x00, 0x00, 0x0B, 0x00, 0x00, 0x00, 0x00, 0x00, 0x00, 0x00, 0x00, 0x00, 0x00, 0xF0, 0x5B,
0x00, 0x00, 0x00, 0x0D, 0x00, 0x00, 0x00, 0x0E, 0x00, 0x00, 0x00, 0x0E, 0x00, 0x00, 0x00, 0x0B,
0x00, 0x00, 0x00, 0x00, 0x00, 0x00, 0x00, 0x00, 0x00, 0x00, 0xF0, 0x5C, 0x00, 0x00, 0x00, 0x0D,
0x00, 0x00, 0x00, 0x0C, 0x00, 0x00, 0x00, 0x0C, 0x00, 0x00, 0x00, 0x0B, 0x00, 0x00, 0x00, 0x00,
0x00, 0x00, 0x00, 0x00, 0x00, 0x00, 0xF0, 0x5C, 0x00, 0x00, 0x00, 0x0D, 0x00, 0x00, 0x00, 0x0C,
0x00, 0x00, 0x00, 0x0C, 0x00, 0x00, 0x00, 0x0B, 0x00, 0x00, 0x00, 0x00, 0x00, 0x00, 0x00, 0x00,
0x00, 0x00, 0xF0, 0x5D, 0x00, 0x00, 0x00, 0x0D, 0x00, 0x00, 0x00, 0x0C, 0x00, 0x00, 0x00, 0x0C,
0x00, 0x00, 0x00, 0x0B, 0x00, 0x00, 0x00, 0x00, 0x00, 0x00, 0x00, 0x00, 0x00, 0x00, 0xF0, 0x5D,
0x00, 0x00, 0x00, 0x0D, 0x00, 0x00, 0x00, 0x0C, 0x00, 0x00, 0x00, 0x0C, 0x00, 0x00, 0x00, 0x0B,
0x00, 0x00, 0x00, 0x00, 0x00, 0x00, 0x00, 0x00, 0x00, 0x00, 0xF0, 0x5E, 0x00, 0x00, 0x00, 0x0D,
0x00, 0x00, 0x00, 0x0C, 0x00, 0x00, 0x00, 0x0C, 0x00, 0x00, 0x00, 0x0B, 0x00, 0x00, 0x00, 0x00,
0x00, 0x00, 0x00, 0x00, 0x00, 0x00, 0xF0, 0x5E, 0x00, 0x00, 0x00, 0x0D, 0x00, 0x00, 0x00, 0x0C,
0x00, 0x00, 0x00, 0x0C, 0x00, 0x00, 0x00, 0x0B, 0x00, 0x00, 0x00, 0x00, 0x00, 0x00, 0x00, 0x00,
0x00, 0x00, 0xF0, 0x60, 0x00, 0x00, 0x00, 0x09, 0x00, 0x00, 0x00, 0x0C, 0x00, 0x00, 0x00, 0x0C,
0x00, 0x00, 0x00, 0x09, 0x00, 0x00, 0x00, 0x00, 0x00, 0x00, 0x00, 0x00, 0x00, 0x00, 0xF0, 0x60,
0x00, 0x00, 0x00, 0x09, 0x00, 0x00, 0x00, 0x0C, 0x00, 0x00, 0x00, 0x0C, 0x00, 0x00, 0x00, 0x09,
0x00, 0x00, 0x00, 0x00, 0x00, 0x00, 0x00, 0x00, 0x00, 0x00, 0xF0, 0x61, 0x00, 0x00, 0x00, 0x09,
0x00, 0x00, 0x00, 0x0C, 0x00, 0x00, 0x00, 0x0C, 0x00, 0x00, 0x00, 0x09, 0x00, 0x00, 0x00, 0x00,
0x00, 0x00, 0x00, 0x00, 0x00, 0x00, 0xF0, 0x61, 0x00, 0x00, 0x00, 0x09, 0x00, 0x00, 0x00, 0x0C,
0x00, 0x00, 0x00, 0x0C, 0x00, 0x00, 0x00, 0x09, 0x00, 0x00, 0x00, 0x00, 0x00, 0x00, 0x00, 0x00,
0x00, 0x00, 0xF0, 0x62, 0x00, 0x00, 0x00, 0x0D, 0x00, 0x00, 0x00, 0x09, 0x00, 0x00, 0x00, 0x09,
0x00, 0x00, 0x00, 0x0B, 0x00, 0x00, 0x00, 0x00, 0x00, 0x00, 0x00, 0x00, 0x00, 0x00, 0xF0, 0x62,
0x00, 0x00, 0x00, 0x0D, 0x00, 0x00, 0x00, 0x09, 0x00, 0x00, 0x00, 0x09, 0x00, 0x00, 0x00, 0x0B,
0x00, 0x00, 0x00, 0x00, 0x00, 0x00, 0x00, 0x00, 0x00, 0x00, 0xF0, 0x63, 0x00, 0x00, 0x00, 0x0D,
0x00, 0x00, 0x00, 0x09, 0x00, 0x00, 0x00, 0x09, 0x00, 0x00, 0x00, 0x0B, 0x00, 0x00, 0x00, 0x00,
0x00, 0x00, 0x00, 0x00, 0x00, 0x00, 0xF0, 0x63, 0x00, 0x00, 0x00, 0x0D, 0x00, 0x00, 0x00, 0x09,
0x00, 0x00, 0x00, 0x09, 0x00, 0x00, 0x00, 0x0B, 0x00, 0x00, 0x00, 0x00, 0x00, 0x00, 0x00, 0x00,
0x00, 0x00, 0xF0, 0x64, 0x00, 0x00, 0x00, 0x0C, 0x00, 0x00, 0x00, 0x0C, 0x00, 0x00, 0x00, 0x0C,
0x00, 0x00, 0x00, 0x0B, 0x00, 0x00, 0x00, 0x00, 0x00, 0x00, 0x00, 0x00, 0x00, 0x00, 0xF0, 0x64,
0x00, 0x00, 0x00, 0x0C, 0x00, 0x00, 0x00, 0x0C, 0x00, 0x00, 0x00, 0x0C, 0x00, 0x00, 0x00, 0x0B,
0x00, 0x00, 0x00, 0x00, 0x00, 0x00, 0x00, 0x00, 0x00, 0x00, 0xF0, 0x65, 0x00, 0x00, 0x00, 0x0B,
0x00, 0x00, 0x00, 0x0B, 0x00, 0x00, 0x00, 0x0B, 0x00, 0x00, 0x00, 0x0A, 0x00, 0x00, 0x00, 0x00,
0x00, 0x00, 0x00, 0x00, 0x00, 0x00, 0xF0, 0x65, 0x00, 0x00, 0x00, 0x0B, 0x00, 0x00, 0x00, 0x0B,
0x00, 0x00, 0x00, 0x0B, 0x00, 0x00, 0x00, 0x0A, 0x00, 0x00, 0x00, 0x00, 0x00, 0x00, 0x00, 0x00,
0x00, 0x00, 0xF0, 0x66, 0x00, 0x00, 0x00, 0x0B, 0x00, 0x00, 0x00, 0x0B, 0x00, 0x00, 0x00, 0x0B,
0x00, 0x00, 0x00, 0x0A, 0x00, 0x00, 0x00, 0x00, 0x00, 0x00, 0x00, 0x00, 0x00, 0x00, 0xF0, 0x66,
0x00, 0x00, 0x00, 0x0B, 0x00, 0x00, 0x00, 0x0B, 0x00, 0x00, 0x00, 0x0B, 0x00, 0x00, 0x00, 0x0A,
0x00, 0x00, 0x00, 0x00, 0x00, 0x00, 0x00, 0x00, 0x00, 0x00, 0xF0, 0x67, 0x00, 0x00, 0x00, 0x0B,
0x00, 0x00, 0x00, 0x0B, 0x00, 0x00, 0x00, 0x0B, 0x00, 0x00, 0x00, 0x0A, 0x00, 0x00, 0x00, 0x00,
0x00, 0x00, 0x00, 0x00, 0x00, 0x00, 0xF0, 0x67, 0x00, 0x00, 0x00, 0x0B, 0x00, 0x00, 0x00, 0x0B,
0x00, 0x00, 0x00, 0x0B, 0x00, 0x00, 0x00, 0x0A, 0x00, 0x00, 0x00, 0x00, 0x00, 0x00, 0x00, 0x00,
0x00, 0x00, 0xF0, 0x68, 0x00, 0x00, 0x00, 0x03, 0x00, 0x00, 0x00, 0x0B, 0x00, 0x00, 0x00, 0x0B,
0x00, 0x00, 0x00, 0x06, 0x00, 0x00, 0x00, 0x00, 0x00, 0x00, 0x00, 0x00, 0x00, 0x00, 0xF0, 0x68,
0x00, 0x00, 0x00, 0x03, 0x00, 0x00, 0x00, 0x0B, 0x00, 0x00, 0x00, 0x0B, 0x00, 0x00, 0x00, 0x06,
0x00, 0x00, 0x00, 0x00, 0x00, 0x00, 0x00, 0x00, 0x00, 0x00, 0xF0, 0x69, 0x00, 0x00, 0x00, 0x0D,
0x00, 0x00, 0x00, 0x0B, 0x00, 0x00, 0x00, 0x0B, 0x00, 0x00, 0x00, 0x0B, 0x00, 0x00, 0x00, 0x00,
0x00, 0x00, 0x00, 0x00, 0x00, 0x00, 0xF0, 0x69, 0x00, 0x00, 0x00, 0x0D, 0x00, 0x00, 0x00, 0x0B,
0x00, 0x00, 0x00, 0x0B, 0x00, 0x00, 0x00, 0x0B, 0x00, 0x00, 0x00, 0x00, 0x00, 0x00, 0x00, 0x00,
0x00, 0x00, 0xF0, 0x6A, 0x00, 0x00, 0x00, 0x0D, 0x00, 0x00, 0x00, 0x0C, 0x00, 0x00, 0x00, 0x0C,
0x00, 0x00, 0x00, 0x0B, 0x00, 0x00, 0x00, 0x00, 0x00, 0x00, 0x00, 0x00, 0x00, 0x00, 0xF0, 0x6A,
0x00, 0x00, 0x00, 0x0D, 0x00, 0x00, 0x00, 0x0C, 0x00, 0x00, 0x00, 0x0C, 0x00, 0x00, 0x00, 0x0B,
0x00, 0x00, 0x00, 0x00, 0x00, 0x00, 0x00, 0x00, 0x00, 0x00, 0xF0, 0x6B, 0x00, 0x00, 0x00, 0x0C,
0x00, 0x00, 0x00, 0x0C, 0x00, 0x00, 0x00, 0x0C, 0x00, 0x00, 0x00, 0x0B, 0x00, 0x00, 0x00, 0x00,
0x00, 0x00, 0x00, 0x00, 0x00, 0x00, 0xF0, 0x6B, 0x00, 0x00, 0x00, 0x0C, 0x00, 0x00, 0x00, 0x0C,
0x00, 0x00, 0x00, 0x0C, 0x00, 0x00, 0x00, 0x0B, 0x00, 0x00, 0x00, 0x00, 0x00, 0x00, 0x00, 0x00,
0x00, 0x00, 0xF0, 0x6C, 0x00, 0x00, 0x00, 0x0C, 0x00, 0x00, 0x00, 0x0C, 0x00, 0x00, 0x00, 0x0C,
0x00, 0x00, 0x00, 0x0B, 0x00, 0x00, 0x00, 0x00, 0x00, 0x00, 0x00, 0x00, 0x00, 0x00, 0xF0, 0x6C,
0x00, 0x00, 0x00, 0x0C, 0x00, 0x00, 0x00, 0x0C, 0x00, 0x00, 0x00, 0x0C, 0x00, 0x00, 0x00, 0x0B,
0x00, 0x00, 0x00, 0x00, 0x00, 0x00, 0x00, 0x00, 0x00, 0x00, 0xF0, 0x6D, 0x00, 0x00, 0x00, 0x0E,
0x00, 0x00, 0x00, 0x0B, 0x00, 0x00, 0x00, 0x0B, 0x00, 0x00, 0x00, 0x0C, 0x00, 0x00, 0x00, 0x00,
0x00, 0x00, 0x00, 0x00, 0x00, 0x00, 0xF0, 0x6D, 0x00, 0x00, 0x00, 0x0E, 0x00, 0x00, 0x00, 0x0B,
0x00, 0x00, 0x00, 0x0B, 0x00, 0x00, 0x00, 0x0C, 0x00, 0x00, 0x00, 0x00, 0x00, 0x00, 0x00, 0x00,
0x00, 0x00, 0xF0, 0x6E, 0x00, 0x00, 0x00, 0x0B, 0x00, 0x00, 0x00, 0x0E, 0x00, 0x00, 0x00, 0x0E,
0x00, 0x00, 0x00, 0x0A, 0x00, 0x00, 0x00, 0x00, 0x00, 0x00, 0x00, 0x00, 0x00, 0x00, 0xF0, 0x6E,
0x00, 0x00, 0x00, 0x0B, 0x00, 0x00, 0x00, 0x0E, 0x00, 0x00, 0x00, 0x0E, 0x00, 0x00, 0x00, 0x0A,
0x00, 0x00, 0x00, 0x00, 0x00, 0x00, 0x00, 0x00, 0x00, 0x00, 0xF0, 0x70, 0x00, 0x00, 0x00, 0x0F,
0x00, 0x00, 0x00, 0x0E, 0x00, 0x00, 0x00, 0x0E, 0x00, 0x00, 0x00, 0x0C, 0x00, 0x00, 0x00, 0x00,
0x00, 0x00, 0x00, 0x00, 0x00, 0x00, 0xF0, 0x70, 0x00, 0x00, 0x00, 0x0F, 0x00, 0x00, 0x00, 0x0E,
0x00, 0x00, 0x00, 0x0E, 0x00, 0x00, 0x00, 0x0C, 0x00, 0x00, 0x00, 0x00, 0x00, 0x00, 0x00, 0x00,
0x00, 0x00, 0xF0, 0x71, 0x00, 0x00, 0x00, 0x0C, 0x00, 0x00, 0x00, 0x0C, 0x00, 0x00, 0x00, 0x0C,
0x00, 0x00, 0x00, 0x0B, 0x00, 0x00, 0x00, 0x00, 0x00, 0x00, 0x00, 0x00, 0x00, 0x00, 0xF0, 0x71,
0x00, 0x00, 0x00, 0x0C, 0x00, 0x00, 0x00, 0x0C, 0x00, 0x00, 0x00, 0x0C, 0x00, 0x00, 0x00, 0x0B,
0x00, 0x00, 0x00, 0x00, 0x00, 0x00, 0x00, 0x00, 0x00, 0x00, 0xF0, 0x72, 0x00, 0x00, 0x00, 0x0D,
0x00, 0x00, 0x00, 0x0E, 0x00, 0x00, 0x00, 0x0E, 0x00, 0x00, 0x00, 0x0B, 0x00, 0x00, 0x00, 0x00,
0x00, 0x00, 0x00, 0x00, 0x00, 0x00, 0xF0, 0x72, 0x00, 0x00, 0x00, 0x0D, 0x00, 0x00, 0x00, 0x0E,
0x00, 0x00, 0x00, 0x0E, 0x00, 0x00, 0x00, 0x0B, 0x00, 0x00, 0x00, 0x00, 0x00, 0x00, 0x00, 0x00,
0x00, 0x00, 0xF0, 0x73, 0x00, 0x00, 0x00, 0x0C, 0x00, 0x00, 0x00, 0x0B, 0x00, 0x00, 0x00, 0x0B,
0x00, 0x00, 0x00, 0x0B, 0x00, 0x00, 0x00, 0x00, 0x00, 0x00, 0x00, 0x00, 0x00, 0x00, 0xF0, 0x73,
0x00, 0x00, 0x00, 0x0C, 0x00, 0x00, 0x00, 0x0B, 0x00, 0x00, 0x00, 0x0B, 0x00, 0x00, 0x00, 0x0B,
0x00, 0x00, 0x00, 0x00, 0x00, 0x00, 0x00, 0x00, 0x00, 0x00, 0xF0, 0x74, 0x00, 0x00, 0x00, 0x0B,
0x00, 0x00, 0x00, 0x0C, 0x00, 0x00, 0x00, 0x0C, 0x00, 0x00, 0x00, 0x0A, 0x00, 0x00, 0x00, 0x00,
0x00, 0x00, 0x00, 0x00, 0x00, 0x00, 0xF0, 0x74, 0x00, 0x00, 0x00, 0x0B, 0x00, 0x00, 0x00, 0x0C,
0x00, 0x00, 0x00, 0x0C, 0x00, 0x00, 0x00, 0x0A, 0x00, 0x00, 0x00, 0x00, 0x00, 0x00, 0x00, 0x00,
0x00, 0x00, 0xF0, 0x75, 0x00, 0x00, 0x00, 0x0D, 0x00, 0x00, 0x00, 0x0C, 0x00, 0x00, 0x00, 0x0C,
0x00, 0x00, 0x00, 0x0B, 0x00, 0x00, 0x00, 0x00, 0x00, 0x00, 0x00, 0x00, 0x00, 0x00, 0xF0, 0x75,
0x00, 0x00, 0x00, 0x0D, 0x00, 0x00, 0x00, 0x0C, 0x00, 0x00, 0x00, 0x0C, 0x00, 0x00, 0x00, 0x0B,
0x00, 0x00, 0x00, 0x00, 0x00, 0x00, 0x00, 0x00, 0x00, 0x00, 0xF0, 0x76, 0x00, 0x00, 0x00, 0x0C,
0x00, 0x00, 0x00, 0x0B, 0x00, 0x00, 0x00, 0x0B, 0x00, 0x00, 0x00, 0x0A, 0x00, 0x00, 0x00, 0x00,
0x00, 0x00, 0x00, 0x00, 0x00, 0x00, 0xF0, 0x76, 0x00, 0x00, 0x00, 0x0C, 0x00, 0x00, 0x00, 0x0B,
0x00, 0x00, 0x00, 0x0B, 0x00, 0x00, 0x00, 0x0A, 0x00, 0x00, 0x00, 0x00, 0x00, 0x00, 0x00, 0x00,
0x00, 0x00, 0xF0, 0x77, 0x00, 0x00, 0x00, 0x07, 0x00, 0x00, 0x00, 0x0B, 0x00, 0x00, 0x00, 0x0B,
0x00, 0x00, 0x00, 0x09, 0x00, 0x00, 0x00, 0x00, 0x00, 0x00, 0x00, 0x00, 0x00, 0x00, 0xF0, 0x77,
0x00, 0x00, 0x00, 0x07, 0x00, 0x00, 0x00, 0x0B, 0x00, 0x00, 0x00, 0x0B, 0x00, 0x00, 0x00, 0x09,
0x00, 0x00, 0x00, 0x00, 0x00, 0x00, 0x00, 0x00, 0x00, 0x00, 0xF0, 0x78, 0x00, 0x00, 0x00, 0x07,
0x00, 0x00, 0x00, 0x0B, 0x00, 0x00, 0x00, 0x0B, 0x00, 0x00, 0x00, 0x07, 0x00, 0x00, 0x00, 0x00,
0x00, 0x00, 0x00, 0x00, 0x00, 0x00, 0xF0, 0x78, 0x00, 0x00, 0x00, 0x07, 0x00, 0x00, 0x00, 0x0B,
0x00, 0x00, 0x00, 0x0B, 0x00, 0x00, 0x00, 0x07, 0x00, 0x00, 0x00, 0x00, 0x00, 0x00, 0x00, 0x00,
0x00, 0x00, 0xF0, 0x79, 0x00, 0x00, 0x00, 0x0B, 0x00, 0x00, 0x00, 0x0E, 0x00, 0x00, 0x00, 0x0E,
0x00, 0x00, 0x00, 0x0A, 0x00, 0x00, 0x00, 0x00, 0x00, 0x00, 0x00, 0x00, 0x00, 0x00, 0xF0, 0x79,
0x00, 0x00, 0x00, 0x0B, 0x00, 0x00, 0x00, 0x0E, 0x00, 0x00, 0x00, 0x0E, 0x00, 0x00, 0x00, 0x0A,
0x00, 0x00, 0x00, 0x00, 0x00, 0x00, 0x00, 0x00, 0x00, 0x00, 0xF0, 0x7A, 0x00, 0x00, 0x00, 0x0D,
0x00, 0x00, 0x00, 0x0E, 0x00, 0x00, 0x00, 0x0F, 0x00, 0x00, 0x00, 0x0B, 0x00, 0x00, 0x00, 0x00,
0x00, 0x00, 0x00, 0x00, 0x00, 0x00, 0xF0, 0x7A, 0x00, 0x00, 0x00, 0x0D, 0x00, 0x00, 0x00, 0x0E,
0x00, 0x00, 0x00, 0x0F, 0x00, 0x00, 0x00, 0x0B, 0x00, 0x00, 0x00, 0x00, 0x00, 0x00, 0x00, 0x00,
0x00, 0x00, 0xF0, 0x7B, 0x00, 0x00, 0x00, 0x0A, 0x00, 0x00, 0x00, 0x0C, 0x00, 0x00, 0x00, 0x0C,
0x00, 0x00, 0x00, 0x0A, 0x00, 0x00, 0x00, 0x00, 0x00, 0x00, 0x00, 0x00, 0x00, 0x00, 0xF0, 0x7B,
0x00, 0x00, 0x00, 0x0A, 0x00, 0x00, 0x00, 0x0C, 0x00, 0x00, 0x00, 0x0C, 0x00, 0x00, 0x00, 0x0A,
0x00, 0x00, 0x00, 0x00, 0x00, 0x00, 0x00, 0x00, 0x00, 0x00, 0xF0, 0x7C, 0x00, 0x00, 0x00, 0x0A,
0x00, 0x00, 0x00, 0x0E, 0x00, 0x00, 0x00, 0x0E, 0x00, 0x00, 0x00, 0x0A, 0x00, 0x00, 0x00, 0x00,
0x00, 0x00, 0x00, 0x00, 0x00, 0x00, 0xF0, 0x7C, 0x00, 0x00, 0x00, 0x0A, 0x00, 0x00, 0x00, 0x0E,
0x00, 0x00, 0x00, 0x0E, 0x00, 0x00, 0x00, 0x0A, 0x00, 0x00, 0x00, 0x00, 0x00, 0x00, 0x00, 0x00,
0x00, 0x00, 0xF0, 0x7D, 0x00, 0x00, 0x00, 0x0F, 0x00, 0x00, 0x00, 0x06, 0x00, 0x00, 0x00, 0x06,
0x00, 0x00, 0x00, 0x0C, 0x00, 0x00, 0x00, 0x00, 0x00, 0x00, 0x00, 0x00, 0x00, 0x00, 0xF0, 0x7D,
0x00, 0x00, 0x00, 0x0F, 0x00, 0x00, 0x00, 0x06, 0x00, 0x00, 0x00, 0x06, 0x00, 0x00, 0x00, 0x0C,
0x00, 0x00, 0x00, 0x00, 0x00, 0x00, 0x00, 0x00, 0x00, 0x00, 0xF0, 0x7E, 0x00, 0x00, 0x00, 0x07,
0x00, 0x00, 0x00, 0x0E, 0x00, 0x00, 0x00, 0x0E, 0x00, 0x00, 0x00, 0x08, 0x00, 0x00, 0x00, 0x00,
0x00, 0x00, 0x00, 0x00, 0x00, 0x00, 0xF0, 0x7E, 0x00, 0x00, 0x00, 0x07, 0x00, 0x00, 0x00, 0x0E,
0x00, 0x00, 0x00, 0x0E, 0x00, 0x00, 0x00, 0x08, 0x00, 0x00, 0x00, 0x00, 0x00, 0x00, 0x00, 0x00,
0x00, 0x00, 0xF0, 0x80, 0x00, 0x00, 0x00, 0x0B, 0x00, 0x00, 0x00, 0x0C, 0x00, 0x00, 0x00, 0x0C,
0x00, 0x00, 0x00, 0x0A, 0x00, 0x00, 0x00, 0x00, 0x00, 0x00, 0x00, 0x00, 0x00, 0x00, 0xF0, 0x80,
0x00, 0x00, 0x00, 0x0B, 0x00, 0x00, 0x00, 0x0C, 0x00, 0x00, 0x00, 0x0C, 0x00, 0x00, 0x00, 0x0A,
0x00, 0x00, 0x00, 0x00, 0x00, 0x00, 0x00, 0x00, 0x00, 0x00, 0xF0, 0x83, 0x00, 0x00, 0x00, 0x0B,
0x00, 0x00, 0x00, 0x0C, 0x00, 0x00, 0x00, 0x0C, 0x00, 0x00, 0x00, 0x0A, 0x00, 0x00, 0x00, 0x00,
0x00, 0x00, 0x00, 0x00, 0x00, 0x00, 0xF0, 0x83, 0x00, 0x00, 0x00, 0x0B, 0x00, 0x00, 0x00, 0x0C,
0x00, 0x00, 0x00, 0x0C, 0x00, 0x00, 0x00, 0x0A, 0x00, 0x00, 0x00, 0x00, 0x00, 0x00, 0x00, 0x00,
0x00, 0x00, 0xF0, 0x84, 0x00, 0x00, 0x00, 0x0D, 0x00, 0x00, 0x00, 0x0C, 0x00, 0x00, 0x00, 0x0C,
0x00, 0x00, 0x00, 0x0B, 0x00, 0x00, 0x00, 0x00, 0x00, 0x00, 0x00, 0x00, 0x00, 0x00, 0xF0, 0x84,
0x00, 0x00, 0x00, 0x0D, 0x00, 0x00, 0x00, 0x0C, 0x00, 0x00, 0x00, 0x0C, 0x00, 0x00, 0x00, 0x0B,
0x00, 0x00, 0x00, 0x00, 0x00, 0x00, 0x00, 0x00, 0x00, 0x00, 0xF0, 0x85, 0x00, 0x00, 0x00, 0x0F,
0x00, 0x00, 0x00, 0x0F, 0x00, 0x00, 0x00, 0x0F, 0x00, 0x00, 0x00, 0x0C, 0x00, 0x00, 0x00, 0x00,
0x00, 0x00, 0x00, 0x00, 0x00, 0x00, 0xF0, 0x85, 0x00, 0x00, 0x00, 0x0F, 0x00, 0x00, 0x00, 0x0F,
0x00, 0x00, 0x00, 0x0F, 0x00, 0x00, 0x00, 0x0C, 0x00, 0x00, 0x00, 0x00, 0x00, 0x00, 0x00, 0x00,
0x00, 0x00, 0xF0, 0x86, 0x00, 0x00, 0x00, 0x0F, 0x00, 0x00, 0x00, 0x0E, 0x00, 0x00, 0x00, 0x0E,
0x00, 0x00, 0x00, 0x0C, 0x00, 0x00, 0x00, 0x00, 0x00, 0x00, 0x00, 0x00, 0x00, 0x00, 0xF0, 0x86,
0x00, 0x00, 0x00, 0x0F, 0x00, 0x00, 0x00, 0x0E, 0x00, 0x00, 0x00, 0x0E, 0x00, 0x00, 0x00, 0x0C,
0x00, 0x00, 0x00, 0x00, 0x00, 0x00, 0x00, 0x00, 0x00, 0x00, 0xF0, 0x87, 0x00, 0x00, 0x00, 0x0C,
0x00, 0x00, 0x00, 0x0C, 0x00, 0x00, 0x00, 0x0C, 0x00, 0x00, 0x00, 0x0B, 0x00, 0x00, 0x00, 0x00,
0x00, 0x00, 0x00, 0x00, 0x00, 0x00, 0xF0, 0x87, 0x00, 0x00, 0x00, 0x0C, 0x00, 0x00, 0x00, 0x0C,
0x00, 0x00, 0x00, 0x0C, 0x00, 0x00, 0x00, 0x0B, 0x00, 0x00, 0x00, 0x00, 0x00, 0x00, 0x00, 0x00,
0x00, 0x00, 0xF0, 0x88, 0x00, 0x00, 0x00, 0x0C, 0x00, 0x00, 0x00, 0x0C, 0x00, 0x00, 0x00, 0x0C,
0x00, 0x00, 0x00, 0x0A, 0x00, 0x00, 0x00, 0x00, 0x00, 0x00, 0x00, 0x00, 0x00, 0x00, 0xF0, 0x88,
0x00, 0x00, 0x00, 0x0C, 0x00, 0x00, 0x00, 0x0C, 0x00, 0x00, 0x00, 0x0C, 0x00, 0x00, 0x00, 0x0A,
0x00, 0x00, 0x00, 0x00, 0x00, 0x00, 0x00, 0x00, 0x00, 0x00, 0xF0, 0x89, 0x00, 0x00, 0x00, 0x0C,
0x00, 0x00, 0x00, 0x08, 0x00, 0x00, 0x00, 0x0E, 0x00, 0x00, 0x00, 0x0B, 0x00, 0x00, 0x00, 0x00,
0x00, 0x00, 0x00, 0x00, 0x00, 0x00, 0xF0, 0x89, 0x00, 0x00, 0x00, 0x0C, 0x00, 0x00, 0x00, 0x08,
0x00, 0x00, 0x00, 0x0E, 0x00, 0x00, 0x00, 0x0B, 0x00, 0x00, 0x00, 0x00, 0x00, 0x00, 0x00, 0x00,
0x00, 0x00, 0xF0, 0x8A, 0x00, 0x00, 0x00, 0x0B, 0x00, 0x00, 0x00, 0x0C, 0x00, 0x00, 0x00, 0x0C,
0x00, 0x00, 0x00, 0x0A, 0x00, 0x00, 0x00, 0x00, 0x00, 0x00, 0x00, 0x00, 0x00, 0x00, 0xF0, 0x8A,
0x00, 0x00, 0x00, 0x0B, 0x00, 0x00, 0x00, 0x0C, 0x00, 0x00, 0x00, 0x0C, 0x00, 0x00, 0x00, 0x0A,
0x00, 0x00, 0x00, 0x00, 0x00, 0x00, 0x00, 0x00, 0x00, 0x00, 0xF0, 0x8B, 0x00, 0x00, 0x00, 0x0B,
0x00, 0x00, 0x00, 0x0C, 0x00, 0x00, 0x00, 0x0C, 0x00, 0x00, 0x00, 0x0A, 0x00, 0x00, 0x00, 0x00,
0x00, 0x00, 0x00, 0x00, 0x00, 0x00, 0xF0, 0x8B, 0x00, 0x00, 0x00, 0x0B, 0x00, 0x00, 0x00, 0x0C,
0x00, 0x00, 0x00, 0x0C, 0x00, 0x00, 0x00, 0x0A, 0x00, 0x00, 0x00, 0x00, 0x00, 0x00, 0x00, 0x00,
0x00, 0x00, 0xF0, 0x8D, 0x00, 0x00, 0x00, 0x0E, 0x00, 0x00, 0x00, 0x09, 0x00, 0x00, 0x00, 0x09,
0x00, 0x00, 0x00, 0x0B, 0x00, 0x00, 0x00, 0x00, 0x00, 0x00, 0x00, 0x00, 0x00, 0x00, 0xF0, 0x8D,
0x00, 0x00, 0x00, 0x0E, 0x00, 0x00, 0x00, 0x09, 0x00, 0x00, 0x00, 0x09, 0x00, 0x00, 0x00, 0x0B,
0x00, 0x00, 0x00, 0x00, 0x00, 0x00, 0x00, 0x00, 0x00, 0x00, 0xF0, 0x8E, 0x00, 0x00, 0x00, 0x0D,
0x00, 0x00, 0x00, 0x0C, 0x00, 0x00, 0x00, 0x0C, 0x00, 0x00, 0x00, 0x0B, 0x00, 0x00, 0x00, 0x00,
0x00, 0x00, 0x00, 0x00, 0x00, 0x00, 0xF0, 0x8E, 0x00, 0x00, 0x00, 0x0D, 0x00, 0x00, 0x00, 0x0C,
0x00, 0x00, 0x00, 0x0C, 0x00, 0x00, 0x00, 0x0B, 0x00, 0x00, 0x00, 0x00, 0x00, 0x00, 0x00, 0x00,
0x00, 0x00, 0xF0, 0x90, 0x00, 0x00, 0x00, 0x0B, 0x00, 0x00, 0x00, 0x0C, 0x00, 0x00, 0x00, 0x0C,
0x00, 0x00, 0x00, 0x0A, 0x00, 0x00, 0x00, 0x00, 0x00, 0x00, 0x00, 0x00, 0x00, 0x00, 0xF0, 0x90,
0x00, 0x00, 0x00, 0x0B, 0x00, 0x00, 0x00, 0x0C, 0x00, 0x00, 0x00, 0x0C, 0x00, 0x00, 0x00, 0x0A,
0x00, 0x00, 0x00, 0x00, 0x00, 0x00, 0x00, 0x00, 0x00, 0x00, 0xF0, 0x91, 0x00, 0x00, 0x00, 0x0D,
0x00, 0x00, 0x00, 0x0C, 0x00, 0x00, 0x00, 0x0C, 0x00, 0x00, 0x00, 0x0B, 0x00, 0x00, 0x00, 0x00,
0x00, 0x00, 0x00, 0x00, 0x00, 0x00, 0xF0, 0x91, 0x00, 0x00, 0x00, 0x0D, 0x00, 0x00, 0x00, 0x0C,
0x00, 0x00, 0x00, 0x0C, 0x00, 0x00, 0x00, 0x0B, 0x00, 0x00, 0x00, 0x00, 0x00, 0x00, 0x00, 0x00,
0x00, 0x00, 0xF0, 0x93, 0x00, 0x00, 0x00, 0x0C, 0x00, 0x00, 0x00, 0x0B, 0x00, 0x00, 0x00, 0x0B,
0x00, 0x00, 0x00, 0x0B, 0x00, 0x00, 0x00, 0x00, 0x00, 0x00, 0x00, 0x00, 0x00, 0x00, 0xF0, 0x93,
0x00, 0x00, 0x00, 0x0C, 0x00, 0x00, 0x00, 0x0B, 0x00, 0x00, 0x00, 0x0B, 0x00, 0x00, 0x00, 0x0B,
0x00, 0x00, 0x00, 0x00, 0x00, 0x00, 0x00, 0x00, 0x00, 0x00, 0xF0, 0x94, 0x00, 0x00, 0x00, 0x0B,
0x00, 0x00, 0x00, 0x0B, 0x00, 0x00, 0x00, 0x0B, 0x00, 0x00, 0x00, 0x0A, 0x00, 0x00, 0x00, 0x00,
0x00, 0x00, 0x00, 0x00, 0x00, 0x00, 0xF0, 0x94, 0x00, 0x00, 0x00, 0x0B, 0x00, 0x00, 0x00, 0x0B,
0x00, 0x00, 0x00, 0x0B, 0x00, 0x00, 0x00, 0x0A, 0x00, 0x00, 0x00, 0x00, 0x00, 0x00, 0x00, 0x00,
0x00, 0x00, 0xF0, 0x95, 0x00, 0x00, 0x00, 0x0D, 0x00, 0x00, 0x00, 0x0C, 0x00, 0x00, 0x00, 0x0C,
0x00, 0x00, 0x00, 0x0B, 0x00, 0x00, 0x00, 0x00, 0x00, 0x00, 0x00, 0x00, 0x00, 0x00, 0xF0, 0x95,
0x00, 0x00, 0x00, 0x0D, 0x00, 0x00, 0x00, 0x0C, 0x00, 0x00, 0x00, 0x0C, 0x00, 0x00, 0x00, 0x0B,
0x00, 0x00, 0x00, 0x00, 0x00, 0x00, 0x00, 0x00, 0x00, 0x00, 0xF0, 0x96, 0x00, 0x00, 0x00, 0x0B,
0x00, 0x00, 0x00, 0x0B, 0x00, 0x00, 0x00, 0x0B, 0x00, 0x00, 0x00, 0x0A, 0x00, 0x00, 0x00, 0x00,
0x00, 0x00, 0x00, 0x00, 0x00, 0x00, 0xF0, 0x96, 0x00, 0x00, 0x00, 0x0B, 0x00, 0x00, 0x00, 0x0B,
0x00, 0x00, 0x00, 0x0B, 0x00, 0x00, 0x00, 0x0A, 0x00, 0x00, 0x00, 0x00, 0x00, 0x00, 0x00, 0x00,
0x00, 0x00, 0xF0, 0x97, 0x00, 0x00, 0x00, 0x0D, 0x00, 0x00, 0x00, 0x09, 0x00, 0x00, 0x00, 0x09,
0x00, 0x00, 0x00, 0x0B, 0x00, 0x00, 0x00, 0x00, 0x00, 0x00, 0x00, 0x00, 0x00, 0x00, 0xF0, 0x97,
0x00, 0x00, 0x00, 0x0D, 0x00, 0x00, 0x00, 0x09, 0x00, 0x00, 0x00, 0x09, 0x00, 0x00, 0x00, 0x0B,
0x00, 0x00, 0x00, 0x00, 0x00, 0x00, 0x00, 0x00, 0x00, 0x00, 0xF0, 0x98, 0x00, 0x00, 0x00, 0x0B,
0x00, 0x00, 0x00, 0x0B, 0x00, 0x00, 0x00, 0x0B, 0x00, 0x00, 0x00, 0x0A, 0x00, 0x00, 0x00, 0x00,
0x00, 0x00, 0x00, 0x00, 0x00, 0x00, 0xF0, 0x98, 0x00, 0x00, 0x00, 0x0B, 0x00, 0x00, 0x00, 0x0B,
0x00, 0x00, 0x00, 0x0B, 0x00, 0x00, 0x00, 0x0A, 0x00, 0x00, 0x00, 0x00, 0x00, 0x00, 0x00, 0x00,
0x00, 0x00, 0xF0, 0x9C, 0x00, 0x00, 0x00, 0x0E, 0x00, 0x00, 0x00, 0x09, 0x00, 0x00, 0x00, 0x09,
0x00, 0x00, 0x00, 0x0C, 0x00, 0x00, 0x00, 0x00, 0x00, 0x00, 0x00, 0x00, 0x00, 0x00, 0xF0, 0x9C,
0x00, 0x00, 0x00, 0x0E, 0x00, 0x00, 0x00, 0x09, 0x00, 0x00, 0x00, 0x09, 0x00, 0x00, 0x00, 0x0C,
0x00, 0x00, 0x00, 0x00, 0x00, 0x00, 0x00, 0x00, 0x00, 0x00, 0xF0, 0x9D, 0x00, 0x00, 0x00, 0x09,
0x00, 0x00, 0x00, 0x0C, 0x00, 0x00, 0x00, 0x0C, 0x00, 0x00, 0x00, 0x09, 0x00, 0x00, 0x00, 0x00,
0x00, 0x00, 0x00, 0x00, 0x00, 0x00, 0xF0, 0x9D, 0x00, 0x00, 0x00, 0x09, 0x00, 0x00, 0x00, 0x0C,
0x00, 0x00, 0x00, 0x0C, 0x00, 0x00, 0x00, 0x09, 0x00, 0x00, 0x00, 0x00, 0x00, 0x00, 0x00, 0x00,
0x00, 0x00, 0xF0, 0x9E, 0x00, 0x00, 0x00, 0x0B, 0x00, 0x00, 0x00, 0x0B, 0x00, 0x00, 0x00, 0x0B,
0x00, 0x00, 0x00, 0x0A, 0x00, 0x00, 0x00, 0x00, 0x00, 0x00, 0x00, 0x00, 0x00, 0x00, 0xF0, 0x9E,
0x00, 0x00, 0x00, 0x0B, 0x00, 0x00, 0x00, 0x0B, 0x00, 0x00, 0x00, 0x0B, 0x00, 0x00, 0x00, 0x0A,
0x00, 0x00, 0x00, 0x00, 0x00, 0x00, 0x00, 0x00, 0x00, 0x00, 0xF0, 0xA0, 0x00, 0x00, 0x00, 0x0B,
0x00, 0x00, 0x00, 0x0B, 0x00, 0x00, 0x00, 0x0B, 0x00, 0x00, 0x00, 0x0A, 0x00, 0x00, 0x00, 0x00,
0x00, 0x00, 0x00, 0x00, 0x00, 0x00, 0xF0, 0xA0, 0x00, 0x00, 0x00, 0x0B, 0x00, 0x00, 0x00, 0x0B,
0x00, 0x00, 0x00, 0x0B, 0x00, 0x00, 0x00, 0x0A, 0x00, 0x00, 0x00, 0x00, 0x00, 0x00, 0x00, 0x00,
0x00, 0x00, 0xF0, 0xA1, 0x00, 0x00, 0x00, 0x0D, 0x00, 0x00, 0x00, 0x0C, 0x00, 0x00, 0x00, 0x0C,
0x00, 0x00, 0x00, 0x0B, 0x00, 0x00, 0x00, 0x00, 0x00, 0x00, 0x00, 0x00, 0x00, 0x00, 0xF0, 0xA1,
0x00, 0x00, 0x00, 0x0D, 0x00, 0x00, 0x00, 0x0C, 0x00, 0x00, 0x00, 0x0C, 0x00, 0x00, 0x00, 0x0B,
0x00, 0x00, 0x00, 0x00, 0x00, 0x00, 0x00, 0x00, 0x00, 0x00, 0xF0, 0xA2, 0x00, 0x00, 0x00, 0x0D,
0x00, 0x00, 0x00, 0x0B, 0x00, 0x00, 0x00, 0x0B, 0x00, 0x00, 0x00, 0x0B, 0x00, 0x00, 0x00, 0x00,
0x00, 0x00, 0x00, 0x00, 0x00, 0x00, 0xF0, 0xA2, 0x00, 0x00, 0x00, 0x0D, 0x00, 0x00, 0x00, 0x0B,
0x00, 0x00, 0x00, 0x0B, 0x00, 0x00, 0x00, 0x0B, 0x00, 0x00, 0x00, 0x00, 0x00, 0x00, 0x00, 0x00,
0x00, 0x00, 0xF0, 0xA3, 0x00, 0x00, 0x00, 0x0D, 0x00, 0x00, 0x00, 0x0E, 0x00, 0x00, 0x00, 0x0E,
0x00, 0x00, 0x00, 0x0B, 0x00, 0x00, 0x00, 0x00, 0x00, 0x00, 0x00, 0x00, 0x00, 0x00, 0xF0, 0xA3,
0x00, 0x00, 0x00, 0x0D, 0x00, 0x00, 0x00, 0x0E, 0x00, 0x00, 0x00, 0x0E, 0x00, 0x00, 0x00, 0x0B,
0x00, 0x00, 0x00, 0x00, 0x00, 0x00, 0x00, 0x00, 0x00, 0x00, 0xF0, 0xA4, 0x00, 0x00, 0x00, 0x09,
0x00, 0x00, 0x00, 0x0C, 0x00, 0x00, 0x00, 0x0C, 0x00, 0x00, 0x00, 0x09, 0x00, 0x00, 0x00, 0x00,
0x00, 0x00, 0x00, 0x00, 0x00, 0x00, 0xF0, 0xA4, 0x00, 0x00, 0x00, 0x09, 0x00, 0x00, 0x00, 0x0C,
0x00, 0x00, 0x00, 0x0C, 0x00, 0x00, 0x00, 0x09, 0x00, 0x00, 0x00, 0x00, 0x00, 0x00, 0x00, 0x00,
0x00, 0x00, 0xF0, 0xA5, 0x00, 0x00, 0x00, 0x09, 0x00, 0x00, 0x00, 0x0C, 0x00, 0x00, 0x00, 0x0C,
0x00, 0x00, 0x00, 0x09, 0x00, 0x00, 0x00, 0x00, 0x00, 0x00, 0x00, 0x00, 0x00, 0x00, 0xF0, 0xA5,
0x00, 0x00, 0x00, 0x09, 0x00, 0x00, 0x00, 0x0C, 0x00, 0x00, 0x00, 0x0C, 0x00, 0x00, 0x00, 0x09,
0x00, 0x00, 0x00, 0x00, 0x00, 0x00, 0x00, 0x00, 0x00, 0x00, 0xF0, 0xA6, 0x00, 0x00, 0x00, 0x0D,
0x00, 0x00, 0x00, 0x09, 0x00, 0x00, 0x00, 0x09, 0x00, 0x00, 0x00, 0x0B, 0x00, 0x00, 0x00, 0x00,
0x00, 0x00, 0x00, 0x00, 0x00, 0x00, 0xF0, 0xA6, 0x00, 0x00, 0x00, 0x0D, 0x00, 0x00, 0x00, 0x09,
0x00, 0x00, 0x00, 0x09, 0x00, 0x00, 0x00, 0x0B, 0x00, 0x00, 0x00, 0x00, 0x00, 0x00, 0x00, 0x00,
0x00, 0x00, 0xF0, 0xA7, 0x00, 0x00, 0x00, 0x0D, 0x00, 0x00, 0x00, 0x09, 0x00, 0x00, 0x00, 0x09,
0x00, 0x00, 0x00, 0x0B, 0x00, 0x00, 0x00, 0x00, 0x00, 0x00, 0x00, 0x00, 0x00, 0x00, 0xF0, 0xA7,
0x00, 0x00, 0x00, 0x0D, 0x00, 0x00, 0x00, 0x09, 0x00, 0x00, 0x00, 0x09, 0x00, 0x00, 0x00, 0x0B,
0x00, 0x00, 0x00, 0x00, 0x00, 0x00, 0x00, 0x00, 0x00, 0x00, 0xF0, 0xA8, 0x00, 0x00, 0x00, 0x0D,
0x00, 0x00, 0x00, 0x0C, 0x00, 0x00, 0x00, 0x0C, 0x00, 0x00, 0x00, 0x0B, 0x00, 0x00, 0x00, 0x00,
0x00, 0x00, 0x00, 0x00, 0x00, 0x00, 0xF0, 0xA8, 0x00, 0x00, 0x00, 0x0D, 0x00, 0x00, 0x00, 0x0C,
0x00, 0x00, 0x00, 0x0C, 0x00, 0x00, 0x00, 0x0B, 0x00, 0x00, 0x00, 0x00, 0x00, 0x00, 0x00, 0x00,
0x00, 0x00, 0xF0, 0xA9, 0x00, 0x00, 0x00, 0x0D, 0x00, 0x00, 0x00, 0x0C, 0x00, 0x00, 0x00, 0x0C,
0x00, 0x00, 0x00, 0x0B, 0x00, 0x00, 0x00, 0x00, 0x00, 0x00, 0x00, 0x00, 0x00, 0x00, 0xF0, 0xA9,
0x00, 0x00, 0x00, 0x0D, 0x00, 0x00, 0x00, 0x0C, 0x00, 0x00, 0x00, 0x0C, 0x00, 0x00, 0x00, 0x0B,
0x00, 0x00, 0x00, 0x00, 0x00, 0x00, 0x00, 0x00, 0x00, 0x00, 0xF0, 0xAA, 0x00, 0x00, 0x00, 0x0D,
0x00, 0x00, 0x00, 0x0C, 0x00, 0x00, 0x00, 0x0C, 0x00, 0x00, 0x00, 0x0B, 0x00, 0x00, 0x00, 0x00,
0x00, 0x00, 0x00, 0x00, 0x00, 0x00, 0xF0, 0xAA, 0x00, 0x00, 0x00, 0x0D, 0x00, 0x00, 0x00, 0x0C,
0x00, 0x00, 0x00, 0x0C, 0x00, 0x00, 0x00, 0x0B, 0x00, 0x00, 0x00, 0x00, 0x00, 0x00, 0x00, 0x00,
0x00, 0x00, 0xF0, 0xAB, 0x00, 0x00, 0x00, 0x0D, 0x00, 0x00, 0x00, 0x0C, 0x00, 0x00, 0x00, 0x0C,
0x00, 0x00, 0x00, 0x0B, 0x00, 0x00, 0x00, 0x00, 0x00, 0x00, 0x00, 0x00, 0x00, 0x00, 0xF0, 0xAB,
0x00, 0x00, 0x00, 0x0D, 0x00, 0x00, 0x00, 0x0C, 0x00, 0x00, 0x00, 0x0C, 0x00, 0x00, 0x00, 0x0B,
0x00, 0x00, 0x00, 0x00, 0x00, 0x00, 0x00, 0x00, 0x00, 0x00, 0xF0, 0xAC, 0x00, 0x00, 0x00, 0x0D,
0x00, 0x00, 0x00, 0x0C, 0x00, 0x00, 0x00, 0x0C, 0x00, 0x00, 0x00, 0x0B, 0x00, 0x00, 0x00, 0x00,
0x00, 0x00, 0x00, 0x00, 0x00, 0x00, 0xF0, 0xAC, 0x00, 0x00, 0x00, 0x0D, 0x00, 0x00, 0x00, 0x0C,
0x00, 0x00, 0x00, 0x0C, 0x00, 0x00, 0x00, 0x0B, 0x00, 0x00, 0x00, 0x00, 0x00, 0x00, 0x00, 0x00,
0x00, 0x00, 0xF0, 0xAD, 0x00, 0x00, 0x00, 0x0D, 0x00, 0x00, 0x00, 0x0D, 0x00, 0x00, 0x00, 0x0E,
0x00, 0x00, 0x00, 0x0B, 0x00, 0x00, 0x00, 0x00, 0x00, 0x00, 0x00, 0x00, 0x00, 0x00, 0xF0, 0xAD,
0x00, 0x00, 0x00, 0x0D, 0x00, 0x00, 0x00, 0x0D, 0x00, 0x00, 0x00, 0x0E, 0x00, 0x00, 0x00, 0x0B,
0x00, 0x00, 0x00, 0x00, 0x00, 0x00, 0x00, 0x00, 0x00, 0x00, 0xF0, 0xAE, 0x00, 0x00, 0x00, 0x0B,
0x00, 0x00, 0x00, 0x0C, 0x00, 0x00, 0x00, 0x0C, 0x00, 0x00, 0x00, 0x0A, 0x00, 0x00, 0x00, 0x00,
0x00, 0x00, 0x00, 0x00, 0x00, 0x00, 0xF0, 0xAE, 0x00, 0x00, 0x00, 0x0B, 0x00, 0x00, 0x00, 0x0C,
0x00, 0x00, 0x00, 0x0C, 0x00, 0x00, 0x00, 0x0A, 0x00, 0x00, 0x00, 0x00, 0x00, 0x00, 0x00, 0x00,
0x00, 0x00, 0xF0, 0xB0, 0x00, 0x00, 0x00, 0x0B, 0x00, 0x00, 0x00, 0x0C, 0x00, 0x00, 0x00, 0x0C,
0x00, 0x00, 0x00, 0x09, 0x00, 0x00, 0x00, 0x00, 0x00, 0x00, 0x00, 0x00, 0x00, 0x00, 0xF0, 0xB0,
0x00, 0x00, 0x00, 0x0B, 0x00, 0x00, 0x00, 0x0C, 0x00, 0x00, 0x00, 0x0C, 0x00, 0x00, 0x00, 0x09,
0x00, 0x00, 0x00, 0x00, 0x00, 0x00, 0x00, 0x00, 0x00, 0x00, 0xF0, 0xB1, 0x00, 0x00, 0x00, 0x0C,
0x00, 0x00, 0x00, 0x0C, 0x00, 0x00, 0x00, 0x0C, 0x00, 0x00, 0x00, 0x0B, 0x00, 0x00, 0x00, 0x00,
0x00, 0x00, 0x00, 0x00, 0x00, 0x00, 0xF0, 0xB1, 0x00, 0x00, 0x00, 0x0C, 0x00, 0x00, 0x00, 0x0C,
0x00, 0x00, 0x00, 0x0C, 0x00, 0x00, 0x00, 0x0B, 0x00, 0x00, 0x00, 0x00, 0x00, 0x00, 0x00, 0x00,
0x00, 0x00, 0xF0, 0xB2, 0x00, 0x00, 0x00, 0x0D, 0x00, 0x00, 0x00, 0x0C, 0x00, 0x00, 0x00, 0x0C,
0x00, 0x00, 0x00, 0x0B, 0x00, 0x00, 0x00, 0x00, 0x00, 0x00, 0x00, 0x00, 0x00, 0x00, 0xF0, 0xB2,
0x00, 0x00, 0x00, 0x0D, 0x00, 0x00, 0x00, 0x0C, 0x00, 0x00, 0x00, 0x0C, 0x00, 0x00, 0x00, 0x0B,
0x00, 0x00, 0x00, 0x00, 0x00, 0x00, 0x00, 0x00, 0x00, 0x00, 0xF0, 0xC0, 0x00, 0x00, 0x00, 0x0C,
0x00, 0x00, 0x00, 0x0F, 0x00, 0x00, 0x00, 0x0F, 0x00, 0x00, 0x00, 0x0B, 0x00, 0x00, 0x00, 0x00,
0x00, 0x00, 0x00, 0x00, 0x00, 0x00, 0xF0, 0xC0, 0x00, 0x00, 0x00, 0x0C, 0x00, 0x00, 0x00, 0x0F,
0x00, 0x00, 0x00, 0x0F, 0x00, 0x00, 0x00, 0x0B, 0x00, 0x00, 0x00, 0x00, 0x00, 0x00, 0x00, 0x00,
0x00, 0x00, 0xF0, 0xC1, 0x00, 0x00, 0x00, 0x0B, 0x00, 0x00, 0x00, 0x0E, 0x00, 0x00, 0x00, 0x0E,
0x00, 0x00, 0x00, 0x0A, 0x00, 0x00, 0x00, 0x00, 0x00, 0x00, 0x00, 0x00, 0x00, 0x00, 0xF0, 0xC1,
0x00, 0x00, 0x00, 0x0B, 0x00, 0x00, 0x00, 0x0E, 0x00, 0x00, 0x00, 0x0E, 0x00, 0x00, 0x00, 0x0A,
0x00, 0x00, 0x00, 0x00, 0x00, 0x00, 0x00, 0x00, 0x00, 0x00, 0xF0, 0xC2, 0x00, 0x00, 0x00, 0x0B,
0x00, 0x00, 0x00, 0x0E, 0x00, 0x00, 0x00, 0x0E, 0x00, 0x00, 0x00, 0x0A, 0x00, 0x00, 0x00, 0x00,
0x00, 0x00, 0x00, 0x00, 0x00, 0x00, 0xF0, 0xC2, 0x00, 0x00, 0x00, 0x0B, 0x00, 0x00, 0x00, 0x0E,
0x00, 0x00, 0x00, 0x0E, 0x00, 0x00, 0x00, 0x0A, 0x00, 0x00, 0x00, 0x00, 0x00, 0x00, 0x00, 0x00,
0x00, 0x00, 0xF0, 0xC3, 0x00, 0x00, 0x00, 0x0D, 0x00, 0x00, 0x00, 0x0B, 0x00, 0x00, 0x00, 0x0B,
0x00, 0x00, 0x00, 0x0B, 0x00, 0x00, 0x00, 0x00, 0x00, 0x00, 0x00, 0x00, 0x00, 0x00, 0xF0, 0xC4,
0x00, 0x00, 0x00, 0x0D, 0x00, 0x00, 0x00, 0x0C, 0x00, 0x00, 0x00, 0x0C, 0x00, 0x00, 0x00, 0x0B,
0x00, 0x00, 0x00, 0x00, 0x00, 0x00, 0x00, 0x00, 0x00, 0x00, 0xF0, 0xC5, 0x00, 0x00, 0x00, 0x0D,
0x00, 0x00, 0x00, 0x0B, 0x00, 0x00, 0x00, 0x0B, 0x00, 0x00, 0x00, 0x0B, 0x00, 0x00, 0x00, 0x00,
0x00, 0x00, 0x00, 0x00, 0x00, 0x00, 0xF0, 0xC6, 0x00, 0x00, 0x00, 0x0E, 0x00, 0x00, 0x00, 0x0C,
0x00, 0x00, 0x00, 0x0C, 0x00, 0x00, 0x00, 0x0C, 0x00, 0x00, 0x00, 0x00, 0x00, 0x00, 0x00, 0x00,
0x00, 0x00, 0xF0, 0xC7, 0x00, 0x00, 0x00, 0x0B, 0x00, 0x00, 0x00, 0x0B, 0x00, 0x00, 0x00, 0x0B,
0x00, 0x00, 0x00, 0x0A, 0x00, 0x00, 0x00, 0x00, 0x00, 0x00, 0x00, 0x00, 0x00, 0x00, 0xF0, 0xC8,
0x00, 0x00, 0x00, 0x0B, 0x00, 0x00, 0x00, 0x0B, 0x00, 0x00, 0x00, 0x0B, 0x00, 0x00, 0x00, 0x0A,
0x00, 0x00, 0x00, 0x00, 0x00, 0x00, 0x00, 0x00, 0x00, 0x00, 0xF0, 0xC9, 0x00, 0x00, 0x00, 0x09,
0x00, 0x00, 0x00, 0x0B, 0x00, 0x00, 0x00, 0x0B, 0x00, 0x00, 0x00, 0x09, 0x00, 0x00, 0x00, 0x00,
0x00, 0x00, 0x00, 0x00, 0x00, 0x00, 0xF0, 0xCA, 0x00, 0x00, 0x00, 0x0B, 0x00, 0x00, 0x00, 0x0C,
0x00, 0x00, 0x00, 0x0C, 0x00, 0x00, 0x00, 0x0A, 0x00, 0x00, 0x00, 0x00, 0x00, 0x00, 0x00, 0x00,
0x00, 0x00, 0xF0, 0xCB, 0x00, 0x00, 0x00, 0x0B, 0x00, 0x00, 0x00, 0x0C, 0x00, 0x00, 0x00, 0x0C,
0x00, 0x00, 0x00, 0x0A, 0x00, 0x00, 0x00, 0x00, 0x00, 0x00, 0x00, 0x00, 0x00, 0x00, 0xF0, 0xCC,
0x00, 0x00, 0x00, 0x0B, 0x00, 0x00, 0x00, 0x0C, 0x00, 0x00, 0x00, 0x0C, 0x00, 0x00, 0x00, 0x0A,
0x00, 0x00, 0x00, 0x00, 0x00, 0x00, 0x00, 0x00, 0x00, 0x00, 0xF0, 0xCD, 0x00, 0x00, 0x00, 0x0D,
0x00, 0x00, 0x00, 0x09, 0x00, 0x00, 0x00, 0x09, 0x00, 0x00, 0x00, 0x0B, 0x00, 0x00, 0x00, 0x00,
0x00, 0x00, 0x00, 0x00, 0x00, 0x00, 0xF0, 0xCE, 0x00, 0x00, 0x00, 0x0B, 0x00, 0x00, 0x00, 0x0B,
0x00, 0x00, 0x00, 0x0B, 0x00, 0x00, 0x00, 0x0A, 0x00, 0x00, 0x00, 0x00, 0x00, 0x00, 0x00, 0x00,
0x00, 0x00, 0xF0, 0xD0, 0x00, 0x00, 0x00, 0x0D, 0x00, 0x00, 0x00, 0x0C, 0x00, 0x00, 0x00, 0x0C,
0x00, 0x00, 0x00, 0x0B, 0x00, 0x00, 0x00, 0x00, 0x00, 0x00, 0x00, 0x00, 0x00, 0x00, 0xF0, 0xD1,
0x00, 0x00, 0x00, 0x0C, 0x00, 0x00, 0x00, 0x0E, 0x00, 0x00, 0x00, 0x0E, 0x00, 0x00, 0x00, 0x0A,
0x00, 0x00, 0x00, 0x00, 0x00, 0x00, 0x00, 0x00, 0x00, 0x00, 0xF0, 0xD6, 0x00, 0x00, 0x00, 0x09,
0x00, 0x00, 0x00, 0x0C, 0x00, 0x00, 0x00, 0x0C, 0x00, 0x00, 0x00, 0x09, 0x00, 0x00, 0x00, 0x00,
0x00, 0x00, 0x00, 0x00, 0x00, 0x00, 0xF0, 0xD7, 0x00, 0x00, 0x00, 0x05, 0x00, 0x00, 0x00, 0x08,
0x00, 0x00, 0x00, 0x08, 0x00, 0x00, 0x00, 0x06, 0x00, 0x00, 0x00, 0x00, 0x00, 0x00, 0x00, 0x00,
0x00, 0x00, 0xF0, 0xD8, 0x00, 0x00, 0x00, 0x05, 0x00, 0x00, 0x00, 0x08, 0x00, 0x00, 0x00, 0x08,
0x00, 0x00, 0x00, 0x08, 0x00, 0x00, 0x00, 0x00, 0x00, 0x00, 0x00, 0x00, 0x00, 0x00, 0xF0, 0xD9,
0x00, 0x00, 0x00, 0x09, 0x00, 0x00, 0x00, 0x05, 0x00, 0x00, 0x00, 0x06, 0x00, 0x00, 0x00, 0x09,
0x00, 0x00, 0x00, 0x00, 0x00, 0x00, 0x00, 0x00, 0x00, 0x00, 0xF0, 0xDA, 0x00, 0x00, 0x00, 0x09,
0x00, 0x00, 0x00, 0x05, 0x00, 0x00, 0x00, 0x06, 0x00, 0x00, 0x00, 0x09, 0x00, 0x00, 0x00, 0x01,
0x00, 0x00, 0x00, 0x00, 0x00, 0x00, 0xF0, 0xDB, 0x00, 0x00, 0x00, 0x0B, 0x00, 0x00, 0x00, 0x0B,
0x00, 0x00, 0x00, 0x0B, 0x00, 0x00, 0x00, 0x0A, 0x00, 0x00, 0x00, 0x00, 0x00, 0x00, 0x00, 0x00,
0x00, 0x00, 0xF0, 0xDC, 0x00, 0x00, 0x00, 0x0D, 0x00, 0x00, 0x00, 0x09, 0x00, 0x00, 0x00, 0x09,
0x00, 0x00, 0x00, 0x0B, 0x00, 0x00, 0x00, 0x00, 0x00, 0x00, 0x00, 0x00, 0x00, 0x00, 0xF0, 0xDD,
0x00, 0x00, 0x00, 0x06, 0x00, 0x00, 0x00, 0x09, 0x00, 0x00, 0x00, 0x09, 0x00, 0x00, 0x00, 0x04,
0x00, 0x00, 0x00, 0x00, 0x00, 0x00, 0x00, 0x00, 0x00, 0x00, 0xF0, 0xDE, 0x00, 0x00, 0x00, 0x06,
0x00, 0x00, 0x00, 0x09, 0x00, 0x00, 0x00, 0x09, 0x00, 0x00, 0x00, 0x0B, 0x00, 0x00, 0x00, 0x00,
0x00, 0x00, 0x00, 0x00, 0x00, 0x00, 0xF0, 0xE0, 0x00, 0x00, 0x00, 0x09, 0x00, 0x00, 0x00, 0x0C,
0x00, 0x00, 0x00, 0x0C, 0x00, 0x00, 0x00, 0x09, 0x00, 0x00, 0x00, 0x00, 0x00, 0x00, 0x00, 0x00,
0x00, 0x00, 0xF0, 0xE2, 0x00, 0x00, 0x00, 0x0D, 0x00, 0x00, 0x00, 0x0C, 0x00, 0x00, 0x00, 0x0C,
0x00, 0x00, 0x00, 0x0B, 0x00, 0x00, 0x00, 0x00, 0x00, 0x00, 0x00, 0x00, 0x00, 0x00, 0xF0, 0xE3,
0x00, 0x00, 0x00, 0x0E, 0x00, 0x00, 0x00, 0x0E, 0x00, 0x00, 0x00, 0x0E, 0x00, 0x00, 0x00, 0x0C,
0x00, 0x00, 0x00, 0x00, 0x00, 0x00, 0x00, 0x00, 0x00, 0x00, 0xF0, 0xE4, 0x00, 0x00, 0x00, 0x0D,
0x00, 0x00, 0x00, 0x0C, 0x00, 0x00, 0x00, 0x0C, 0x00, 0x00, 0x00, 0x0B, 0x00, 0x00, 0x00, 0x00,
0x00, 0x00, 0x00, 0x00, 0x00, 0x00, 0xF0, 0xE5, 0x00, 0x00, 0x00, 0x0D, 0x00, 0x00, 0x00, 0x0C,
0x00, 0x00, 0x00, 0x0C, 0x00, 0x00, 0x00, 0x0B, 0x00, 0x00, 0x00, 0x00, 0x00, 0x00, 0x00, 0x00,
0x00, 0x00, 0xF0, 0xE6, 0x00, 0x00, 0x00, 0x0F, 0x00, 0x00, 0x00, 0x0E, 0x00, 0x00, 0x00, 0x0E,
0x00, 0x00, 0x00, 0x0C, 0x00, 0x00, 0x00, 0x00, 0x00, 0x00, 0x00, 0x00, 0x00, 0x00, 0xF0, 0xE7,
0x00, 0x00, 0x00, 0x0D, 0x00, 0x00, 0x00, 0x0B, 0x00, 0x00, 0x00, 0x0B, 0x00, 0x00, 0x00, 0x0B,
0x00, 0x00, 0x00, 0x00, 0x00, 0x00, 0x00, 0x00, 0x00, 0x00, 0xF0, 0xE8, 0x00, 0x00, 0x00, 0x0B,
0x00, 0x00, 0x00, 0x0C, 0x00, 0x00, 0x00, 0x0C, 0x00, 0x00, 0x00, 0x0A, 0x00, 0x00, 0x00, 0x00,
0x00, 0x00, 0x00, 0x00, 0x00, 0x00, 0xF0, 0xE9, 0x00, 0x00, 0x00, 0x0E, 0x00, 0x00, 0x00, 0x0C,
0x00, 0x00, 0x00, 0x0C, 0x00, 0x00, 0x00, 0x0C, 0x00, 0x00, 0x00, 0x00, 0x00, 0x00, 0x00, 0x00,
0x00, 0x00, 0xF0, 0xEA, 0x00, 0x00, 0x00, 0x0D, 0x00, 0x00, 0x00, 0x0C, 0x00, 0x00, 0x00, 0x0C,
0x00, 0x00, 0x00, 0x0B, 0x00, 0x00, 0x00, 0x00, 0x00, 0x00, 0x00, 0x00, 0x00, 0x00, 0xF0, 0xEB,
0x00, 0x00, 0x00, 0x0D, 0x00, 0x00, 0x00, 0x09, 0x00, 0x00, 0x00, 0x09, 0x00, 0x00, 0x00, 0x0B,
0x00, 0x00, 0x00, 0x00, 0x00, 0x00, 0x00, 0x00, 0x00, 0x00, 0xF0, 0xEC, 0x00, 0x00, 0x00, 0x0D,
0x00, 0x00, 0x00, 0x0C, 0x00, 0x00, 0x00, 0x0C, 0x00, 0x00, 0x00, 0x0B, 0x00, 0x00, 0x00, 0x00,
0x00, 0x00, 0x00, 0x00, 0x00, 0x00, 0xF0, 0xED, 0x00, 0x00, 0x00, 0x0B, 0x00, 0x00, 0x00, 0x0E,
0x00, 0x00, 0x00, 0x0E, 0x00, 0x00, 0x00, 0x0A, 0x00, 0x00, 0x00, 0x00, 0x00, 0x00, 0x00, 0x00,
0x00, 0x00, 0xF0, 0xEE, 0x00, 0x00, 0x00, 0x0B, 0x00, 0x00, 0x00, 0x0E, 0x00, 0x00, 0x00, 0x0E,
0x00, 0x00, 0x00, 0x0A, 0x00, 0x00, 0x00, 0x00, 0x00, 0x00, 0x00, 0x00, 0x00, 0x00, 0xF0, 0xF0,
0x00, 0x00, 0x00, 0x0D, 0x00, 0x00, 0x00, 0x0B, 0x00, 0x00, 0x00, 0x0B, 0x00, 0x00, 0x00, 0x0B,
0x00, 0x00, 0x00, 0x00, 0x00, 0x00, 0x00, 0x00, 0x00, 0x00, 0xF0, 0xF1, 0x00, 0x00, 0x00, 0x0E,
0x00, 0x00, 0x00, 0x0E, 0x00, 0x00, 0x00, 0x0E, 0x00, 0x00, 0x00, 0x0B, 0x00, 0x00, 0x00, 0x00,
0x00, 0x00, 0x00, 0x00, 0x00, 0x00, 0xF0, 0xF2, 0x00, 0x00, 0x00, 0x0C, 0x00, 0x00, 0x00, 0x0C,
0x00, 0x00, 0x00, 0x0C, 0x00, 0x00, 0x00, 0x0B, 0x00, 0x00, 0x00, 0x00, 0x00, 0x00, 0x00, 0x00,
0x00, 0x00, 0xF0, 0xF3, 0x00, 0x00, 0x00, 0x0D, 0x00, 0x00, 0x00, 0x0B, 0x00, 0x00, 0x00, 0x0B,
0x00, 0x00, 0x00, 0x0B, 0x00, 0x00, 0x00, 0x00, 0x00, 0x00, 0x00, 0x00, 0x00, 0x00, 0xF0, 0xF4,
0x00, 0x00, 0x00, 0x0C, 0x00, 0x00, 0x00, 0x0E, 0x00, 0x00, 0x00, 0x0E, 0x00, 0x00, 0x00, 0x0A,
0x00, 0x00, 0x00, 0x00, 0x00, 0x00, 0x00, 0x00, 0x00, 0x00, 0xF0, 0xF5, 0x00, 0x00, 0x00, 0x0D,
0x00, 0x00, 0x00, 0x0C, 0x00, 0x00, 0x00, 0x0C, 0x00, 0x00, 0x00, 0x0B, 0x00, 0x00, 0x00, 0x00,
0x00, 0x00, 0x00, 0x00, 0x00, 0x00, 0xF0, 0xF6, 0x00, 0x00, 0x00, 0x0D, 0x00, 0x00, 0x00, 0x09,
0x00, 0x00, 0x00, 0x09, 0x00, 0x00, 0x00, 0x0B, 0x00, 0x00, 0x00, 0x00, 0x00, 0x00, 0x00, 0x00,
0x00, 0x00, 0xF0, 0xF7, 0x00, 0x00, 0x00, 0x0D, 0x00, 0x00, 0x00, 0x09, 0x00, 0x00, 0x00, 0x09,
0x00, 0x00, 0x00, 0x0B, 0x00, 0x00, 0x00, 0x00, 0x00, 0x00, 0x00, 0x00, 0x00, 0x00, 0xF0, 0xF8,
0x00, 0x00, 0x00, 0x0D, 0x00, 0x00, 0x00, 0x0E, 0x00, 0x00, 0x00, 0x0E, 0x00, 0x00, 0x00, 0x0B,
0x00, 0x00, 0x00, 0x00, 0x00, 0x00, 0x00, 0x00, 0x00, 0x00, 0xF0, 0xF9, 0x00, 0x00, 0x00, 0x0C,
0x00, 0x00, 0x00, 0x0E, 0x00, 0x00, 0x00, 0x0E, 0x00, 0x00, 0x00, 0x0A, 0x00, 0x00, 0x00, 0x00,
0x00, 0x00, 0x00, 0x00, 0x00, 0x00, 0xF0, 0xFA, 0x00, 0x00, 0x00, 0x0C, 0x00, 0x00, 0x00, 0x0C,
0x00, 0x00, 0x00, 0x0C, 0x00, 0x00, 0x00, 0x0B, 0x00, 0x00, 0x00, 0x00, 0x00, 0x00, 0x00, 0x00,
0x00, 0x00, 0xF0, 0xFB, 0x00, 0x00, 0x00, 0x0D, 0x00, 0x00, 0x00, 0x0E, 0x00, 0x00, 0x00, 0x0E,
0x00, 0x00, 0x00, 0x0B, 0x00, 0x00, 0x00, 0x00, 0x00, 0x00, 0x00, 0x00, 0x00, 0x00, 0xF0, 0xFC,
0x00, 0x00, 0x00, 0x0B, 0x00, 0x00, 0x00, 0x0D, 0x00, 0x00, 0x00, 0x0E, 0x00, 0x00, 0x00, 0x0A,
0x00, 0x00, 0x00, 0x01, 0x00, 0x00, 0x00, 0x00, 0x00, 0x00, 0xF0, 0xFD, 0x00, 0x00, 0x00, 0x0B,
0x00, 0x00, 0x00, 0x0B, 0x00, 0x00, 0x00, 0x0B, 0x00, 0x00, 0x00, 0x0A, 0x00, 0x00, 0x00, 0x00,
0x00, 0x00, 0x00, 0x00, 0x00, 0x00, 0xF0, 0xFE, 0x00, 0x00, 0x00, 0x0B, 0x00, 0x00, 0x00, 0x0B,
0x00, 0x00, 0x00, 0x0B, 0x00, 0x00, 0x00, 0x0A, 0x00, 0x00, 0x00, 0x00, 0x00, 0x00, 0x00, 0x00,
0x00, 0x00, 0xF1, 0x00, 0x00, 0x00, 0x00, 0x09, 0x00, 0x00, 0x00, 0x0A, 0x00, 0x00, 0x00, 0x0B,
0x00, 0x00, 0x00, 0x09, 0x00, 0x00, 0x00, 0x00, 0x00, 0x00, 0x00, 0x00, 0x00, 0x00, 0xF1, 0x01,
0x00, 0x00, 0x00, 0x09, 0x00, 0x00, 0x00, 0x0B, 0x00, 0x00, 0x00, 0x0B, 0x00, 0x00, 0x00, 0x09,
0x00, 0x00, 0x00, 0x00, 0x00, 0x00, 0x00, 0x00, 0x00, 0x00, 0xF1, 0x02, 0x00, 0x00, 0x00, 0x0A,
0x00, 0x00, 0x00, 0x09, 0x00, 0x00, 0x00, 0x09, 0x00, 0x00, 0x00, 0x0A, 0x00, 0x00, 0x00, 0x00,
0x00, 0x00, 0x00, 0x00, 0x00, 0x00, 0xF1, 0x03, 0x00, 0x00, 0x00, 0x0A, 0x00, 0x00, 0x00, 0x09,
0x00, 0x00, 0x00, 0x09, 0x00, 0x00, 0x00, 0x09, 0x00, 0x00, 0x00, 0x00, 0x00, 0x00, 0x00, 0x00,
0x00, 0x00, 0xF1, 0x04, 0x00, 0x00, 0x00, 0x09, 0x00, 0x00, 0x00, 0x06, 0x00, 0x00, 0x00, 0x06,
0x00, 0x00, 0x00, 0x09, 0x00, 0x00, 0x00, 0x00, 0x00, 0x00, 0x00, 0x00, 0x00, 0x00, 0xF1, 0x05,
0x00, 0x00, 0x00, 0x09, 0x00, 0x00, 0x00, 0x06, 0x00, 0x00, 0x00, 0x06, 0x00, 0x00, 0x00, 0x09,
0x00, 0x00, 0x00, 0x00, 0x00, 0x00, 0x00, 0x00, 0x00, 0x00, 0xF1, 0x06, 0x00, 0x00, 0x00, 0x06,
0x00, 0x00, 0x00, 0x09, 0x00, 0x00, 0x00, 0x09, 0x00, 0x00, 0x00, 0x08, 0x00, 0x00, 0x00, 0x00,
0x00, 0x00, 0x00, 0x00, 0x00, 0x00, 0xF1, 0x07, 0x00, 0x00, 0x00, 0x06, 0x00, 0x00, 0x00, 0x09,
0x00, 0x00, 0x00, 0x09, 0x00, 0x00, 0x00, 0x07, 0x00, 0x00, 0x00, 0x00, 0x00, 0x00, 0x00, 0x00,
0x00, 0x00, 0xF1, 0x08, 0x00, 0x00, 0x00, 0x0C, 0x00, 0x00, 0x00, 0x0C, 0x00, 0x00, 0x00, 0x0C,
0x00, 0x00, 0x00, 0x0A, 0x00, 0x00, 0x00, 0x00, 0x00, 0x00, 0x00, 0x00, 0x00, 0x00, 0xF1, 0x09,
0x00, 0x00, 0x00, 0x0B, 0x00, 0x00, 0x00, 0x0F, 0x00, 0x00, 0x00, 0x0F, 0x00, 0x00, 0x00, 0x0A,
0x00, 0x00, 0x00, 0x00, 0x00, 0x00, 0x00, 0x00, 0x00, 0x00, 0xF1, 0x0A, 0x00, 0x00, 0x00, 0x0D,
0x00, 0x00, 0x00, 0x0B, 0x00, 0x00, 0x00, 0x0B, 0x00, 0x00, 0x00, 0x0B, 0x00, 0x00, 0x00, 0x00,
0x00, 0x00, 0x00, 0x00, 0x00, 0x00, 0xF1, 0x0B, 0x00, 0x00, 0x00, 0x0D, 0x00, 0x00, 0x00, 0x09,
0x00, 0x00, 0x00, 0x09, 0x00, 0x00, 0x00, 0x0B, 0x00, 0x00, 0x00, 0x00, 0x00, 0x00, 0x00, 0x00,
0x00, 0x00, 0xF1, 0x0C, 0x00, 0x00, 0x00, 0x0D, 0x00, 0x00, 0x00, 0x0C, 0x00, 0x00, 0x00, 0x0C,
0x00, 0x00, 0x00, 0x0B, 0x00, 0x00, 0x00, 0x00, 0x00, 0x00, 0x00, 0x00, 0x00, 0x00, 0xF1, 0x0D,
0x00, 0x00, 0x00, 0x09, 0x00, 0x00, 0x00, 0x0B, 0x00, 0x00, 0x00, 0x0B, 0x00, 0x00, 0x00, 0x09,
0x00, 0x00, 0x00, 0x00, 0x00, 0x00, 0x00, 0x00, 0x00, 0x00, 0xF1, 0x0E, 0x00, 0x00, 0x00, 0x09,
0x00, 0x00, 0x00, 0x0B, 0x00, 0x00, 0x00, 0x0B, 0x00, 0x00, 0x00, 0x09, 0x00, 0x00, 0x00, 0x00,
0x00, 0x00, 0x00, 0x00, 0x00, 0x00, 0xF1, 0x10, 0x00, 0x00, 0x00, 0x0D, 0x00, 0x00, 0x00, 0x0C,
0x00, 0x00, 0x00, 0x0C, 0x00, 0x00, 0x00, 0x0B, 0x00, 0x00, 0x00, 0x00, 0x00, 0x00, 0x00, 0x00,
0x00, 0x00, 0xF1, 0x11, 0x00, 0x00, 0x00, 0x0D, 0x00, 0x00, 0x00, 0x0C, 0x00, 0x00, 0x00, 0x0C,
0x00, 0x00, 0x00, 0x0B, 0x00, 0x00, 0x00, 0x00, 0x00, 0x00, 0x00, 0x00, 0x00, 0x00, 0xF1, 0x12,
0x00, 0x00, 0x00, 0x0C, 0x00, 0x00, 0x00, 0x0C, 0x00, 0x00, 0x00, 0x0C, 0x00, 0x00, 0x00, 0x0B,
0x00, 0x00, 0x00, 0x00, 0x00, 0x00, 0x00, 0x00, 0x00, 0x00, 0xF1, 0x14, 0x00, 0x00, 0x00, 0x0A,
0x00, 0x00, 0x00, 0x0C, 0x00, 0x00, 0x00, 0x0C, 0x00, 0x00, 0x00, 0x0A, 0x00, 0x00, 0x00, 0x00,
0x00, 0x00, 0x00, 0x00, 0x00, 0x00, 0xF1, 0x15, 0x00, 0x00, 0x00, 0x0A, 0x00, 0x00, 0x00, 0x0E,
0x00, 0x00, 0x00, 0x0E, 0x00, 0x00, 0x00, 0x0A, 0x00, 0x00, 0x00, 0x00, 0x00, 0x00, 0x00, 0x00,
0x00, 0x00, 0xF1, 0x18, 0x00, 0x00, 0x00, 0x0D, 0x00, 0x00, 0x00, 0x0C, 0x00, 0x00, 0x00, 0x0C,
0x00, 0x00, 0x00, 0x0B, 0x00, 0x00, 0x00, 0x00, 0x00, 0x00, 0x00, 0x00, 0x00, 0x00, 0xF1, 0x19,
0x00, 0x00, 0x00, 0x0D, 0x00, 0x00, 0x00, 0x0C, 0x00, 0x00, 0x00, 0x0C, 0x00, 0x00, 0x00, 0x0B,
0x00, 0x00, 0x00, 0x00, 0x00, 0x00, 0x00, 0x00, 0x00, 0x00, 0xF1, 0x1A, 0x00, 0x00, 0x00, 0x0D,
0x00, 0x00, 0x00, 0x0C, 0x00, 0x00, 0x00, 0x0C, 0x00, 0x00, 0x00, 0x0B, 0x00, 0x00, 0x00, 0x00,
0x00, 0x00, 0x00, 0x00, 0x00, 0x00, 0xF1, 0x1B, 0x00, 0x00, 0x00, 0x09, 0x00, 0x00, 0x00, 0x0F,
0x00, 0x00, 0x00, 0x0F, 0x00, 0x00, 0x00, 0x09, 0x00, 0x00, 0x00, 0x00, 0x00, 0x00, 0x00, 0x00,
0x00, 0x00, 0xF1, 0x1C, 0x00, 0x00, 0x00, 0x09, 0x00, 0x00, 0x00, 0x0E, 0x00, 0x00, 0x00, 0x0E,
0x00, 0x00, 0x00, 0x09, 0x00, 0x00, 0x00, 0x00, 0x00, 0x00, 0x00, 0x00, 0x00, 0x00, 0xF1, 0x1D,
0x00, 0x00, 0x00, 0x0D, 0x00, 0x00, 0x00, 0x0B, 0x00, 0x00, 0x00, 0x0B, 0x00, 0x00, 0x00, 0x0B,
0x00, 0x00, 0x00, 0x00, 0x00, 0x00, 0x00, 0x00, 0x00, 0x00, 0xF1, 0x1E, 0x00, 0x00, 0x00, 0x0D,
0x00, 0x00, 0x00, 0x0B, 0x00, 0x00, 0x00, 0x0B, 0x00, 0x00, 0x00, 0x0B, 0x00, 0x00, 0x00, 0x00,
0x00, 0x00, 0x00, 0x00, 0x00, 0x00, 0xF1, 0x20, 0x00, 0x00, 0x00, 0x09, 0x00, 0x00, 0x00, 0x0C,
0x00, 0x00, 0x00, 0x0C, 0x00, 0x00, 0x00, 0x09, 0x00, 0x00, 0x00, 0x00, 0x00, 0x00, 0x00, 0x00,
0x00, 0x00, 0xF1, 0x21, 0x00, 0x00, 0x00, 0x0D, 0x00, 0x00, 0x00, 0x0E, 0x00, 0x00, 0x00, 0x0E,
0x00, 0x00, 0x00, 0x0B, 0x00, 0x00, 0x00, 0x00, 0x00, 0x00, 0x00, 0x00, 0x00, 0x00, 0xF1, 0x22,
0x00, 0x00, 0x00, 0x0C, 0x00, 0x00, 0x00, 0x0E, 0x00, 0x00, 0x00, 0x0E, 0x00, 0x00, 0x00, 0x0B,
0x00, 0x00, 0x00, 0x00, 0x00, 0x00, 0x00, 0x00, 0x00, 0x00, 0xF1, 0x23, 0x00, 0x00, 0x00, 0x0C,
0x00, 0x00, 0x00, 0x08, 0x00, 0x00, 0x00, 0x0E, 0x00, 0x00, 0x00, 0x0B, 0x00, 0x00, 0x00, 0x00,
0x00, 0x00, 0x00, 0x00, 0x00, 0x00, 0xF1, 0x24, 0x00, 0x00, 0x00, 0x0C, 0x00, 0x00, 0x00, 0x0C,
0x00, 0x00, 0x00, 0x0C, 0x00, 0x00, 0x00, 0x0A, 0x00, 0x00, 0x00, 0x00, 0x00, 0x00, 0x00, 0x00,
0x00, 0x00, 0xF1, 0x25, 0x00, 0x00, 0x00, 0x0D, 0x00, 0x00, 0x00, 0x0C, 0x00, 0x00, 0x00, 0x0C,
0x00, 0x00, 0x00, 0x0B, 0x00, 0x00, 0x00, 0x00, 0x00, 0x00, 0x00, 0x00, 0x00, 0x00, 0xF1, 0x26,
0x00, 0x00, 0x00, 0x0D, 0x00, 0x00, 0x00, 0x0B, 0x00, 0x00, 0x00, 0x0B, 0x00, 0x00, 0x00, 0x0B,
0x00, 0x00, 0x00, 0x00, 0x00, 0x00, 0x00, 0x00, 0x00, 0x00, 0xF1, 0x27, 0x00, 0x00, 0x00, 0x0F,
0x00, 0x00, 0x00, 0x0E, 0x00, 0x00, 0x00, 0x0E, 0x00, 0x00, 0x00, 0x0C, 0x00, 0x00, 0x00, 0x00,
0x00, 0x00, 0x00, 0x00, 0x00, 0x00, 0xF1, 0x28, 0x00, 0x00, 0x00, 0x0D, 0x00, 0x00, 0x00, 0x08,
0x00, 0x00, 0x00, 0x08, 0x00, 0x00, 0x00, 0x0B, 0x00, 0x00, 0x00, 0x00, 0x00, 0x00, 0x00, 0x00,
0x00, 0x00, 0xF1, 0x29, 0x00, 0x00, 0x00, 0x0D, 0x00, 0x00, 0x00, 0x05, 0x00, 0x00, 0x00, 0x05,
0x00, 0x00, 0x00, 0x0B, 0x00, 0x00, 0x00, 0x00, 0x00, 0x00, 0x00, 0x00, 0x00, 0x00, 0xF1, 0x2A,
0x00, 0x00, 0x00, 0x0D, 0x00, 0x00, 0x00, 0x03, 0x00, 0x00, 0x00, 0x03, 0x00, 0x00, 0x00, 0x0B,
0x00, 0x00, 0x00, 0x00, 0x00, 0x00, 0x00, 0x00, 0x00, 0x00, 0xF1, 0x2B, 0x00, 0x00, 0x00, 0x0B,
0x00, 0x00, 0x00, 0x0D, 0x00, 0x00, 0x00, 0x0E, 0x00, 0x00, 0x00, 0x0B, 0x00, 0x00, 0x00, 0x01,
0x00, 0x00, 0x00, 0x00, 0x00, 0x00, 0xF1, 0x2C, 0x00, 0x00, 0x00, 0x0B, 0x00, 0x00, 0x00, 0x0D,
0x00, 0x00, 0x00, 0x0E, 0x00, 0x00, 0x00, 0x09, 0x00, 0x00, 0x00, 0x01, 0x00, 0x00, 0x00, 0x00,
0x00, 0x00, 0xF1, 0x2D, 0x00, 0x00, 0x00, 0x0C, 0x00, 0x00, 0x00, 0x0D, 0x00, 0x00, 0x00, 0x0E,
0x00, 0x00, 0x00, 0x0B, 0x00, 0x00, 0x00, 0x00, 0x00, 0x00, 0x00, 0x00, 0x00, 0x00, 0xF1, 0x2E,
0x00, 0x00, 0x00, 0x0D, 0x00, 0x00, 0x00, 0x0C, 0x00, 0x00, 0x00, 0x0C, 0x00, 0x00, 0x00, 0x0B,
0x00, 0x00, 0x00, 0x00, 0x00, 0x00, 0x00, 0x00, 0x00, 0x00, 0xF1, 0x30, 0x00, 0x00, 0x00, 0x0D,
0x00, 0x00, 0x00, 0x09, 0x00, 0x00, 0x00, 0x09, 0x00, 0x00, 0x00, 0x0B, 0x00, 0x00, 0x00, 0x00,
0x00, 0x00, 0x00, 0x00, 0x00, 0x00, 0xF1, 0x31, 0x00, 0x00, 0x00, 0x0F, 0x00, 0x00, 0x00, 0x0E,
0x00, 0x00, 0x00, 0x0E, 0x00, 0x00, 0x00, 0x0C, 0x00, 0x00, 0x00, 0x00, 0x00, 0x00, 0x00, 0x00,
0x00, 0x00, 0xF1, 0x32, 0x00, 0x00, 0x00, 0x0D, 0x00, 0x00, 0x00, 0x0C, 0x00, 0x00, 0x00, 0x0C,
0x00, 0x00, 0x00, 0x0B, 0x00, 0x00, 0x00, 0x00, 0x00, 0x00, 0x00, 0x00, 0x00, 0x00, 0xF1, 0x33,
0x00, 0x00, 0x00, 0x0C, 0x00, 0x00, 0x00, 0x0B, 0x00, 0x00, 0x00, 0x0B, 0x00, 0x00, 0x00, 0x0B,
0x00, 0x00, 0x00, 0x00, 0x00, 0x00, 0x00, 0x00, 0x00, 0x00, 0xF1, 0x34, 0x00, 0x00, 0x00, 0x0D,
0x00, 0x00, 0x00, 0x0C, 0x00, 0x00, 0x00, 0x0C, 0x00, 0x00, 0x00, 0x0B, 0x00, 0x00, 0x00, 0x00,
0x00, 0x00, 0x00, 0x00, 0x00, 0x00, 0xF1, 0x35, 0x00, 0x00, 0x00, 0x0C, 0x00, 0x00, 0x00, 0x0D,
0x00, 0x00, 0x00, 0x0C, 0x00, 0x00, 0x00, 0x0A, 0xFF, 0xFF, 0xFF, 0xFF, 0x00, 0x00, 0x00, 0x00,
0x00, 0x00, 0xF1, 0x37, 0x00, 0x00, 0x00, 0x0D, 0x00, 0x00, 0x00, 0x0C, 0x00, 0x00, 0x00, 0x0C,
0x00, 0x00, 0x00, 0x0B, 0x00, 0x00, 0x00, 0x00, 0x00, 0x00, 0x00, 0x00, 0x00, 0x00, 0xF1, 0x38,
0x00, 0x00, 0x00, 0x0D, 0x00, 0x00, 0x00, 0x0C, 0x00, 0x00, 0x00, 0x0C, 0x00, 0x00, 0x00, 0x0B,
0x00, 0x00, 0x00, 0x00, 0x00, 0x00, 0x00, 0x00, 0x00, 0x00, 0xF1, 0x39, 0x00, 0x00, 0x00, 0x0D,
0x00, 0x00, 0x00, 0x0C, 0x00, 0x00, 0x00, 0x0C, 0x00, 0x00, 0x00, 0x0B, 0x00, 0x00, 0x00, 0x00,
0x00, 0x00, 0x00, 0x00, 0x00, 0x00, 0xF1, 0x3A, 0x00, 0x00, 0x00, 0x0D, 0x00, 0x00, 0x00, 0x0C,
0x00, 0x00, 0x00, 0x0C, 0x00, 0x00, 0x00, 0x0B, 0x00, 0x00, 0x00, 0x00, 0x00, 0x00, 0x00, 0x00,
0x00, 0x00, 0xF1, 0x3D, 0x00, 0x00, 0x00, 0x0D, 0x00, 0x00, 0x00, 0x0D, 0x00, 0x00, 0x00, 0x0E,
0x00, 0x00, 0x00, 0x0B, 0x00, 0x00, 0x00, 0x00, 0x00, 0x00, 0x00, 0x00, 0x00, 0x00, 0xF1, 0x3E,
0x00, 0x00, 0x00, 0x0E, 0x00, 0x00, 0x00, 0x09, 0x00, 0x00, 0x00, 0x09, 0x00, 0x00, 0x00, 0x0C,
0x00, 0x00, 0x00, 0x00, 0x00, 0x00, 0x00, 0x00, 0x00, 0x00, 0xF1, 0x40, 0x00, 0x00, 0x00, 0x0D,
0x00, 0x00, 0x00, 0x0C, 0x00, 0x00, 0x00, 0x0C, 0x00, 0x00, 0x00, 0x0B, 0x00, 0x00, 0x00, 0x00,
0x00, 0x00, 0x00, 0x00, 0x00, 0x00, 0xF1, 0x41, 0x00, 0x00, 0x00, 0x03, 0x00, 0x00, 0x00, 0x0B,
0x00, 0x00, 0x00, 0x0B, 0x00, 0x00, 0x00, 0x06, 0x00, 0x00, 0x00, 0x00, 0x00, 0x00, 0x00, 0x00,
0x00, 0x00, 0xF1, 0x42, 0x00, 0x00, 0x00, 0x0B, 0x00, 0x00, 0x00, 0x03, 0x00, 0x00, 0x00, 0x03,
0x00, 0x00, 0x00, 0x0A, 0x00, 0x00, 0x00, 0x00, 0x00, 0x00, 0x00, 0x00, 0x00, 0x00, 0xF1, 0x43,
0x00, 0x00, 0x00, 0x0B, 0x00, 0x00, 0x00, 0x0B, 0x00, 0x00, 0x00, 0x0B, 0x00, 0x00, 0x00, 0x0A,
0x00, 0x00, 0x00, 0x00, 0x00, 0x00, 0x00, 0x00, 0x00, 0x00, 0xF1, 0x44, 0x00, 0x00, 0x00, 0x0D,
0x00, 0x00, 0x00, 0x0C, 0x00, 0x00, 0x00, 0x0C, 0x00, 0x00, 0x00, 0x0B, 0x00, 0x00, 0x00, 0x00,
0x00, 0x00, 0x00, 0x00, 0x00, 0x00, 0xF1, 0x45, 0x00, 0x00, 0x00, 0x09, 0x00, 0x00, 0x00, 0x0E,
0x00, 0x00, 0x00, 0x0E, 0x00, 0x00, 0x00, 0x09, 0x00, 0x00, 0x00, 0x00, 0x00, 0x00, 0x00, 0x00,
0x00, 0x00, 0xF1, 0x46, 0x00, 0x00, 0x00, 0x0B, 0x00, 0x00, 0x00, 0x0B, 0x00, 0x00, 0x00, 0x0B,
0x00, 0x00, 0x00, 0x0A, 0x00, 0x00, 0x00, 0x00, 0x00, 0x00, 0x00, 0x00, 0x00, 0x00, 0xF1, 0x47,
0x00, 0x00, 0x00, 0x0B, 0x00, 0x00, 0x00, 0x0B, 0x00, 0x00, 0x00, 0x0B, 0x00, 0x00, 0x00, 0x0A,
0x00, 0x00, 0x00, 0x00, 0x00, 0x00, 0x00, 0x00, 0x00, 0x00, 0xF1, 0x48, 0x00, 0x00, 0x00, 0x0D,
0x00, 0x00, 0x00, 0x09, 0x00, 0x00, 0x00, 0x09, 0x00, 0x00, 0x00, 0x0B, 0x00, 0x00, 0x00, 0x00,
0x00, 0x00, 0x00, 0x00, 0x00, 0x00, 0xF1, 0x49, 0x00, 0x00, 0x00, 0x0D, 0x00, 0x00, 0x00, 0x09,
0x00, 0x00, 0x00, 0x09, 0x00, 0x00, 0x00, 0x0B, 0x00, 0x00, 0x00, 0x00, 0x00, 0x00, 0x00, 0x00,
0x00, 0x00, 0xF1, 0x4A, 0x00, 0x00, 0x00, 0x0B, 0x00, 0x00, 0x00, 0x0B, 0x00, 0x00, 0x00, 0x0B,
0x00, 0x00, 0x00, 0x0A, 0x00, 0x00, 0x00, 0x00, 0x00, 0x00, 0x00, 0x00, 0x00, 0x00, 0xF1, 0x4B,
0x00, 0x00, 0x00, 0x0B, 0x00, 0x00, 0x00, 0x0B, 0x00, 0x00, 0x00, 0x0B, 0x00, 0x00, 0x00, 0x0A,
0x00, 0x00, 0x00, 0x00, 0x00, 0x00, 0x00, 0x00, 0x00, 0x00, 0xF1, 0x4C, 0x00, 0x00, 0x00, 0x0B,
0x00, 0x00, 0x00, 0x0B, 0x00, 0x00, 0x00, 0x0B, 0x00, 0x00, 0x00, 0x0A, 0x00, 0x00, 0x00, 0x00,
0x00, 0x00, 0x00, 0x00, 0x00, 0x00, 0xF1, 0x4D, 0x00, 0x00, 0x00, 0x0D, 0x00, 0x00, 0x00, 0x0E,
0x00, 0x00, 0x00, 0x0E, 0x00, 0x00, 0x00, 0x0B, 0x00, 0x00, 0x00, 0x00, 0x00, 0x00, 0x00, 0x00,
0x00, 0x00, 0xF1, 0x4E, 0x00, 0x00, 0x00, 0x0D, 0x00, 0x00, 0x00, 0x0C, 0x00, 0x00, 0x00, 0x0C,
0x00, 0x00, 0x00, 0x0B, 0x00, 0x00, 0x00, 0x00, 0x00, 0x00, 0x00, 0x00, 0x00, 0x00, 0xF1, 0x50,
0x00, 0x00, 0x00, 0x0B, 0x00, 0x00, 0x00, 0x0B, 0x00, 0x00, 0x00, 0x0B, 0x00, 0x00, 0x00, 0x0A,
0x00, 0x00, 0x00, 0x00, 0x00, 0x00, 0x00, 0x00, 0x00, 0x00, 0xF1, 0x51, 0x00, 0x00, 0x00, 0x0B,
0x00, 0x00, 0x00, 0x0B, 0x00, 0x00, 0x00, 0x0B, 0x00, 0x00, 0x00, 0x0A, 0x00, 0x00, 0x00, 0x00,
0x00, 0x00, 0x00, 0x00, 0x00, 0x00, 0xF1, 0x52, 0x00, 0x00, 0x00, 0x0B, 0x00, 0x00, 0x00, 0x0B,
0x00, 0x00, 0x00, 0x0B, 0x00, 0x00, 0x00, 0x0A, 0x00, 0x00, 0x00, 0x00, 0x00, 0x00, 0x00, 0x00,
0x00, 0x00, 0xF1, 0x53, 0x00, 0x00, 0x00, 0x0B, 0x00, 0x00, 0x00, 0x09, 0x00, 0x00, 0x00, 0x0B,
0x00, 0x00, 0x00, 0x0A, 0x00, 0x00, 0x00, 0x00, 0x00, 0x00, 0x00, 0x00, 0x00, 0x00, 0xF1, 0x54,
0x00, 0x00, 0x00, 0x0B, 0x00, 0x00, 0x00, 0x09, 0x00, 0x00, 0x00, 0x09, 0x00, 0x00, 0x00, 0x0A,
0x00, 0x00, 0x00, 0x00, 0x00, 0x00, 0x00, 0x00, 0x00, 0x00, 0xF1, 0x55, 0x00, 0x00, 0x00, 0x0D,
0x00, 0x00, 0x00, 0x08, 0x00, 0x00, 0x00, 0x08, 0x00, 0x00, 0x00, 0x0B, 0x00, 0x00, 0x00, 0x00,
0x00, 0x00, 0x00, 0x00, 0x00, 0x00, 0xF1, 0x56, 0x00, 0x00, 0x00, 0x0B, 0x00, 0x00, 0x00, 0x0B,
0x00, 0x00, 0x00, 0x0B, 0x00, 0x00, 0x00, 0x0A, 0x00, 0x00, 0x00, 0x00, 0x00, 0x00, 0x00, 0x00,
0x00, 0x00, 0xF1, 0x57, 0x00, 0x00, 0x00, 0x0B, 0x00, 0x00, 0x00, 0x09, 0x00, 0x00, 0x00, 0x09,
0x00, 0x00, 0x00, 0x0A, 0x00, 0x00, 0x00, 0x00, 0x00, 0x00, 0x00, 0x00, 0x00, 0x00, 0xF1, 0x58,
0x00, 0x00, 0x00, 0x0B, 0x00, 0x00, 0x00, 0x0A, 0x00, 0x00, 0x00, 0x0B, 0x00, 0x00, 0x00, 0x0A,
0x00, 0x00, 0x00, 0x00, 0x00, 0x00, 0x00, 0x00, 0x00, 0x00, 0xF1, 0x59, 0x00, 0x00, 0x00, 0x0B,
0x00, 0x00, 0x00, 0x0C, 0x00, 0x00, 0x00, 0x0C, 0x00, 0x00, 0x00, 0x0A, 0x00, 0x00, 0x00, 0x00,
0x00, 0x00, 0x00, 0x00, 0x00, 0x00, 0xF1, 0x5B, 0x00, 0x00, 0x00, 0x0D, 0x00, 0x00, 0x00, 0x09,
0x00, 0x00, 0x00, 0x09, 0x00, 0x00, 0x00, 0x0B, 0x00, 0x00, 0x00, 0x00, 0x00, 0x00, 0x00, 0x00,
0x00, 0x00, 0xF1, 0x5C, 0x00, 0x00, 0x00, 0x0D, 0x00, 0x00, 0x00, 0x09, 0x00, 0x00, 0x00, 0x09,
0x00, 0x00, 0x00, 0x0B, 0x00, 0x00, 0x00, 0x00, 0x00, 0x00, 0x00, 0x00, 0x00, 0x00, 0xF1, 0x5D,
0x00, 0x00, 0x00, 0x0B, 0x00, 0x00, 0x00, 0x0C, 0x00, 0x00, 0x00, 0x0C, 0x00, 0x00, 0x00, 0x0A,
0x00, 0x00, 0x00, 0x00, 0x00, 0x00, 0x00, 0x00, 0x00, 0x00, 0xF1, 0x5E, 0x00, 0x00, 0x00, 0x0B,
0x00, 0x00, 0x00, 0x0C, 0x00, 0x00, 0x00, 0x0C, 0x00, 0x00, 0x00, 0x0A, 0x00, 0x00, 0x00, 0x00,
0x00, 0x00, 0x00, 0x00, 0x00, 0x00, 0xF1, 0x60, 0x00, 0x00, 0x00, 0x0B, 0x00, 0x00, 0x00, 0x0E,
0x00, 0x00, 0x00, 0x0E, 0x00, 0x00, 0x00, 0x0A, 0x00, 0x00, 0x00, 0x00, 0x00, 0x00, 0x00, 0x00,
0x00, 0x00, 0xF1, 0x61, 0x00, 0x00, 0x00, 0x0B, 0x00, 0x00, 0x00, 0x0E, 0x00, 0x00, 0x00, 0x0E,
0x00, 0x00, 0x00, 0x0A, 0x00, 0x00, 0x00, 0x00, 0x00, 0x00, 0x00, 0x00, 0x00, 0x00, 0xF1, 0x62,
0x00, 0x00, 0x00, 0x0B, 0x00, 0x00, 0x00, 0x0C, 0x00, 0x00, 0x00, 0x0C, 0x00, 0x00, 0x00, 0x0A,
0x00, 0x00, 0x00, 0x00, 0x00, 0x00, 0x00, 0x00, 0x00, 0x00, 0xF1, 0x63, 0x00, 0x00, 0x00, 0x0B,
0x00, 0x00, 0x00, 0x0C, 0x00, 0x00, 0x00, 0x0C, 0x00, 0x00, 0x00, 0x0A, 0x00, 0x00, 0x00, 0x00,
0x00, 0x00, 0x00, 0x00, 0x00, 0x00, 0xF1, 0x64, 0x00, 0x00, 0x00, 0x0C, 0x00, 0x00, 0x00, 0x0C,
0x00, 0x00, 0x00, 0x0C, 0x00, 0x00, 0x00, 0x0B, 0x00, 0x00, 0x00, 0x00, 0x00, 0x00, 0x00, 0x00,
0x00, 0x00, 0xF1, 0x65, 0x00, 0x00, 0x00, 0x0C, 0x00, 0x00, 0x00, 0x0C, 0x00, 0x00, 0x00, 0x0C,
0x00, 0x00, 0x00, 0x0A, 0x00, 0x00, 0x00, 0x00, 0x00, 0x00, 0x00, 0x00, 0x00, 0x00, 0xF1, 0x75,
0x00, 0x00, 0x00, 0x0F, 0x00, 0x00, 0x00, 0x08, 0x00, 0x00, 0x00, 0x08, 0x00, 0x00, 0x00, 0x0C,
0x00, 0x00, 0x00, 0x00, 0x00, 0x00, 0x00, 0x00, 0x00, 0x00, 0xF1, 0x76, 0x00, 0x00, 0x00, 0x0F,
0x00, 0x00, 0x00, 0x08, 0x00, 0x00, 0x00, 0x08, 0x00, 0x00, 0x00, 0x0C, 0x00, 0x00, 0x00, 0x00,
0x00, 0x00, 0x00, 0x00, 0x00, 0x00, 0xF1, 0x77, 0x00, 0x00, 0x00, 0x09, 0x00, 0x00, 0x00, 0x0E,
0x00, 0x00, 0x00, 0x0E, 0x00, 0x00, 0x00, 0x09, 0x00, 0x00, 0x00, 0x00, 0x00, 0x00, 0x00, 0x00,
0x00, 0x00, 0xF1, 0x78, 0x00, 0x00, 0x00, 0x09, 0x00, 0x00, 0x00, 0x0E, 0x00, 0x00, 0x00, 0x0E,
0x00, 0x00, 0x00, 0x09, 0x00, 0x00, 0x00, 0x00, 0x00, 0x00, 0x00, 0x00, 0x00, 0x00, 0xF1, 0x82,
0x00, 0x00, 0x00, 0x0F, 0x00, 0x00, 0x00, 0x09, 0x00, 0x00, 0x00, 0x09, 0x00, 0x00, 0x00, 0x0C,
0x00, 0x00, 0x00, 0x00, 0x00, 0x00, 0x00, 0x00, 0x00, 0x00, 0xF1, 0x83, 0x00, 0x00, 0x00, 0x0F,
0x00, 0x00, 0x00, 0x09, 0x00, 0x00, 0x00, 0x09, 0x00, 0x00, 0x00, 0x0C, 0x00, 0x00, 0x00, 0x00,
0x00, 0x00, 0x00, 0x00, 0x00, 0x00, 0xF1, 0x85, 0x00, 0x00, 0x00, 0x0F, 0x00, 0x00, 0x00, 0x0E,
0x00, 0x00, 0x00, 0x0E, 0x00, 0x00, 0x00, 0x0C, 0x00, 0x00, 0x00, 0x00, 0x00, 0x00, 0x00, 0x00,
0x00, 0x00, 0xF1, 0x86, 0x00, 0x00, 0x00, 0x0D, 0x00, 0x00, 0x00, 0x0B, 0x00, 0x00, 0x00, 0x0C,
0x00, 0x00, 0x00, 0x0B, 0x00, 0x00, 0x00, 0x00, 0x00, 0x00, 0x00, 0x00, 0x00, 0x00, 0xF1, 0x87,
0x00, 0x00, 0x00, 0x0B, 0x00, 0x00, 0x00, 0x0C, 0x00, 0x00, 0x00, 0x0C, 0x00, 0x00, 0x00, 0x0A,
0x00, 0x00, 0x00, 0x00, 0x00, 0x00, 0x00, 0x00, 0x00, 0x00, 0xF1, 0x88, 0x00, 0x00, 0x00, 0x0D,
0x00, 0x00, 0x00, 0x0E, 0x00, 0x00, 0x00, 0x0E, 0x00, 0x00, 0x00, 0x0B, 0x00, 0x00, 0x00, 0x00,
0x00, 0x00, 0x00, 0x00, 0x00, 0x00, 0xF1, 0x8E, 0x00, 0x00, 0x00, 0x0D, 0x00, 0x00, 0x00, 0x0C,
0x00, 0x00, 0x00, 0x0C, 0x00, 0x00, 0x00, 0x0B, 0x00, 0x00, 0x00, 0x00, 0x00, 0x00, 0x00, 0x00,
0x00, 0x00, 0xF1, 0x90, 0x00, 0x00, 0x00, 0x0D, 0x00, 0x00, 0x00, 0x0C, 0x00, 0x00, 0x00, 0x0C,
0x00, 0x00, 0x00, 0x0B, 0x00, 0x00, 0x00, 0x00, 0x00, 0x00, 0x00, 0x00, 0x00, 0x00, 0xF1, 0x91,
0x00, 0x00, 0x00, 0x0B, 0x00, 0x00, 0x00, 0x0B, 0x00, 0x00, 0x00, 0x0B, 0x00, 0x00, 0x00, 0x0A,
0x00, 0x00, 0x00, 0x00, 0x00, 0x00, 0x00, 0x00, 0x00, 0x00, 0xF1, 0x92, 0x00, 0x00, 0x00, 0x0D,
0x00, 0x00, 0x00, 0x0C, 0x00, 0x00, 0x00, 0x0C, 0x00, 0x00, 0x00, 0x0B, 0x00, 0x00, 0x00, 0x00,
0x00, 0x00, 0x00, 0x00, 0x00, 0x00, 0xF1, 0x93, 0x00, 0x00, 0x00, 0x0D, 0x00, 0x00, 0x00, 0x0C,
0x00, 0x00, 0x00, 0x0C, 0x00, 0x00, 0x00, 0x0B, 0x00, 0x00, 0x00, 0x00, 0x00, 0x00, 0x00, 0x00,
0x00, 0x00, 0xF1, 0x95, 0x00, 0x00, 0x00, 0x0B, 0x00, 0x00, 0x00, 0x09, 0x00, 0x00, 0x00, 0x09,
0x00, 0x00, 0x00, 0x0A, 0x00, 0x00, 0x00, 0x00, 0x00, 0x00, 0x00, 0x00, 0x00, 0x00, 0xF1, 0x96,
0x00, 0x00, 0x00, 0x0B, 0x00, 0x00, 0x00, 0x0B, 0x00, 0x00, 0x00, 0x0B, 0x00, 0x00, 0x00, 0x0A,
0x00, 0x00, 0x00, 0x00, 0x00, 0x00, 0x00, 0x00, 0x00, 0x00, 0xF1, 0x97, 0x00, 0x00, 0x00, 0x0B,
0x00, 0x00, 0x00, 0x0D, 0x00, 0x00, 0x00, 0x0E, 0x00, 0x00, 0x00, 0x0A, 0x00, 0x00, 0x00, 0x00,
0x00, 0x00, 0x00, 0x00, 0x00, 0x00, 0xF1, 0x99, 0x00, 0x00, 0x00, 0x0B, 0x00, 0x00, 0x00, 0x0B,
0x00, 0x00, 0x00, 0x0B, 0x00, 0x00, 0x00, 0x0A, 0x00, 0x00, 0x00, 0x00, 0x00, 0x00, 0x00, 0x00,
0x00, 0x00, 0xF1, 0x9C, 0x00, 0x00, 0x00, 0x0D, 0x00, 0x00, 0x00, 0x0C, 0x00, 0x00, 0x00, 0x0C,
0x00, 0x00, 0x00, 0x0B, 0x00, 0x00, 0x00, 0x00, 0x00, 0x00, 0x00, 0x00, 0x00, 0x00, 0xF1, 0x9D,
0x00, 0x00, 0x00, 0x0B, 0x00, 0x00, 0x00, 0x0E, 0x00, 0x00, 0x00, 0x0E, 0x00, 0x00, 0x00, 0x0A,
0x00, 0x00, 0x00, 0x00, 0x00, 0x00, 0x00, 0x00, 0x00, 0x00, 0xF1, 0xAB, 0x00, 0x00, 0x00, 0x0D,
0x00, 0x00, 0x00, 0x0E, 0x00, 0x00, 0x00, 0x0E, 0x00, 0x00, 0x00, 0x0B, 0x00, 0x00, 0x00, 0x00,
0x00, 0x00, 0x00, 0x00, 0x00, 0x00, 0xF1, 0xAC, 0x00, 0x00, 0x00, 0x0C, 0x00, 0x00, 0x00, 0x0C,
0x00, 0x00, 0x00, 0x0C, 0x00, 0x00, 0x00, 0x0B, 0x00, 0x00, 0x00, 0x00, 0x00, 0x00, 0x00, 0x00,
0x00, 0x00, 0xF1, 0xAD, 0x00, 0x00, 0x00, 0x0D, 0x00, 0x00, 0x00, 0x09, 0x00, 0x00, 0x00, 0x09,
0x00, 0x00, 0x00, 0x0B, 0x00, 0x00, 0x00, 0x00, 0x00, 0x00, 0x00, 0x00, 0x00, 0x00, 0xF1, 0xAE,
0x00, 0x00, 0x00, 0x0D, 0x00, 0x00, 0x00, 0x08, 0x00, 0x00, 0x00, 0x08, 0x00, 0x00, 0x00, 0x0B,
0x00, 0x00, 0x00, 0x00, 0x00, 0x00, 0x00, 0x00, 0x00, 0x00, 0xF1, 0xB0, 0x00, 0x00, 0x00, 0x0B,
0x00, 0x00, 0x00, 0x0C, 0x00, 0x00, 0x00, 0x0C, 0x00, 0x00, 0x00, 0x0A, 0x00, 0x00, 0x00, 0x00,
0x00, 0x00, 0x00, 0x00, 0x00, 0x00, 0xF1, 0xB1, 0x00, 0x00, 0x00, 0x0D, 0x00, 0x00, 0x00, 0x0C,
0x00, 0x00, 0x00, 0x0C, 0x00, 0x00, 0x00, 0x0B, 0x00, 0x00, 0x00, 0x00, 0x00, 0x00, 0x00, 0x00,
0x00, 0x00, 0xF1, 0xB2, 0x00, 0x00, 0x00, 0x0D, 0x00, 0x00, 0x00, 0x0C, 0x00, 0x00, 0x00, 0x0C,
0x00, 0x00, 0x00, 0x0B, 0x00, 0x00, 0x00, 0x00, 0x00, 0x00, 0x00, 0x00, 0x00, 0x00, 0xF1, 0xB3,
0x00, 0x00, 0x00, 0x0D, 0x00, 0x00, 0x00, 0x0E, 0x00, 0x00, 0x00, 0x0C, 0x00, 0x00, 0x00, 0x0B,
0xFF, 0xFF, 0xFF, 0xFF, 0x00, 0x00, 0x00, 0x00, 0x00, 0x00, 0xF1, 0xB8, 0x00, 0x00, 0x00, 0x0D,
0x00, 0x00, 0x00, 0x0E, 0x00, 0x00, 0x00, 0x0C, 0x00, 0x00, 0x00, 0x0B, 0xFF, 0xFF, 0xFF, 0xFF,
0x00, 0x00, 0x00, 0x00, 0x00, 0x00, 0xF1, 0xB9, 0x00, 0x00, 0x00, 0x0B, 0x00, 0x00, 0x00, 0x0C,
0x00, 0x00, 0x00, 0x0C, 0x00, 0x00, 0x00, 0x0A, 0x00, 0x00, 0x00, 0x00, 0x00, 0x00, 0x00, 0x00,
0x00, 0x00, 0xF1, 0xBA, 0x00, 0x00, 0x00, 0x0C, 0x00, 0x00, 0x00, 0x0C, 0x00, 0x00, 0x00, 0x0C,
0x00, 0x00, 0x00, 0x0B, 0x00, 0x00, 0x00, 0x00, 0x00, 0x00, 0x00, 0x00, 0x00, 0x00, 0xF1, 0xBB,
0x00, 0x00, 0x00, 0x0F, 0x00, 0x00, 0x00, 0x0B, 0x00, 0x00, 0x00, 0x0B, 0x00, 0x00, 0x00, 0x0C,
0x00, 0x00, 0x00, 0x00, 0x00, 0x00, 0x00, 0x00, 0x00, 0x00, 0xF1, 0xC0, 0x00, 0x00, 0x00, 0x0D,
0x00, 0x00, 0x00, 0x0B, 0x00, 0x00, 0x00, 0x0B, 0x00, 0x00, 0x00, 0x0B, 0x00, 0x00, 0x00, 0x00,
0x00, 0x00, 0x00, 0x00, 0x00, 0x00, 0xF1, 0xC1, 0x00, 0x00, 0x00, 0x0E, 0x00, 0x00, 0x00, 0x0E,
0x00, 0x00, 0x00, 0x0E, 0x00, 0x00, 0x00, 0x0B, 0x00, 0x00, 0x00, 0x00, 0x00, 0x00, 0x00, 0x00,
0x00, 0x00, 0xF1, 0xC2, 0x00, 0x00, 0x00, 0x0D, 0x00, 0x00, 0x00, 0x09, 0x00, 0x00, 0x00, 0x09,
0x00, 0x00, 0x00, 0x0B, 0x00, 0x00, 0x00, 0x00, 0x00, 0x00, 0x00, 0x00, 0x00, 0x00, 0xF1, 0xC3,
0x00, 0x00, 0x00, 0x0D, 0x00, 0x00, 0x00, 0x09, 0x00, 0x00, 0x00, 0x09, 0x00, 0x00, 0x00, 0x0B,
0x00, 0x00, 0x00, 0x00, 0x00, 0x00, 0x00, 0x00, 0x00, 0x00, 0xF1, 0xC4, 0x00, 0x00, 0x00, 0x0D,
0x00, 0x00, 0x00, 0x09, 0x00, 0x00, 0x00, 0x09, 0x00, 0x00, 0x00, 0x0B, 0x00, 0x00, 0x00, 0x00,
0x00, 0x00, 0x00, 0x00, 0x00, 0x00, 0xF1, 0xC5, 0x00, 0x00, 0x00, 0x0D, 0x00, 0x00, 0x00, 0x09,
0x00, 0x00, 0x00, 0x09, 0x00, 0x00, 0x00, 0x0B, 0x00, 0x00, 0x00, 0x00, 0x00, 0x00, 0x00, 0x00,
0x00, 0x00, 0xF1, 0xC6, 0x00, 0x00, 0x00, 0x0D, 0x00, 0x00, 0x00, 0x09, 0x00, 0x00, 0x00, 0x09,
0x00, 0x00, 0x00, 0x0B, 0x00, 0x00, 0x00, 0x00, 0x00, 0x00, 0x00, 0x00, 0x00, 0x00, 0xF1, 0xC7,
0x00, 0x00, 0x00, 0x0D, 0x00, 0x00, 0x00, 0x09, 0x00, 0x00, 0x00, 0x09, 0x00, 0x00, 0x00, 0x0B,
0x00, 0x00, 0x00, 0x00, 0x00, 0x00, 0x00, 0x00, 0x00, 0x00, 0xF1, 0xC8, 0x00, 0x00, 0x00, 0x0D,
0x00, 0x00, 0x00, 0x09, 0x00, 0x00, 0x00, 0x09, 0x00, 0x00, 0x00, 0x0B, 0x00, 0x00, 0x00, 0x00,
0x00, 0x00, 0x00, 0x00, 0x00, 0x00, 0xF1, 0xC9, 0x00, 0x00, 0x00, 0x0D, 0x00, 0x00, 0x00, 0x09,
0x00, 0x00, 0x00, 0x09, 0x00, 0x00, 0x00, 0x0B, 0x00, 0x00, 0x00, 0x00, 0x00, 0x00, 0x00, 0x00,
0x00, 0x00, 0xF1, 0xCD, 0x00, 0x00, 0x00, 0x0D, 0x00, 0x00, 0x00, 0x0C, 0x00, 0x00, 0x00, 0x0C,
0x00, 0x00, 0x00, 0x0B, 0x00, 0x00, 0x00, 0x00, 0x00, 0x00, 0x00, 0x00, 0x00, 0x00, 0xF1, 0xCE,
0x00, 0x00, 0x00, 0x0D, 0x00, 0x00, 0x00, 0x0C, 0x00, 0x00, 0x00, 0x0C, 0x00, 0x00, 0x00, 0x0B,
0x00, 0x00, 0x00, 0x00, 0x00, 0x00, 0x00, 0x00, 0x00, 0x00, 0xF1, 0xD8, 0x00, 0x00, 0x00, 0x0E,
0x00, 0x00, 0x00, 0x0E, 0x00, 0x00, 0x00, 0x0E, 0x00, 0x00, 0x00, 0x0C, 0x00, 0x00, 0x00, 0x00,
0x00, 0x00, 0x00, 0x00, 0x00, 0x00, 0xF1, 0xD9, 0x00, 0x00, 0x00, 0x0E, 0x00, 0x00, 0x00, 0x0E,
0x00, 0x00, 0x00, 0x0E, 0x00, 0x00, 0x00, 0x0C, 0x00, 0x00, 0x00, 0x00, 0x00, 0x00, 0x00, 0x00,
0x00, 0x00, 0xF1, 0xDA, 0x00, 0x00, 0x00, 0x0D, 0x00, 0x00, 0x00, 0x0D, 0x00, 0x00, 0x00, 0x0E,
0x00, 0x00, 0x00, 0x0B, 0x00, 0x00, 0x00, 0x00, 0x00, 0x00, 0x00, 0x00, 0x00, 0x00, 0xF1, 0xDB,
0x00, 0x00, 0x00, 0x0D, 0x00, 0x00, 0x00, 0x0C, 0x00, 0x00, 0x00, 0x0C, 0x00, 0x00, 0x00, 0x0B,
0x00, 0x00, 0x00, 0x00, 0x00, 0x00, 0x00, 0x00, 0x00, 0x00, 0xF1, 0xDC, 0x00, 0x00, 0x00, 0x0B,
0x00, 0x00, 0x00, 0x0B, 0x00, 0x00, 0x00, 0x0B, 0x00, 0x00, 0x00, 0x0A, 0x00, 0x00, 0x00, 0x00,
0x00, 0x00, 0x00, 0x00, 0x00, 0x00, 0xF1, 0xDD, 0x00, 0x00, 0x00, 0x0D, 0x00, 0x00, 0x00, 0x0B,
0x00, 0x00, 0x00, 0x0B, 0x00, 0x00, 0x00, 0x0B, 0x00, 0x00, 0x00, 0x00, 0x00, 0x00, 0x00, 0x00,
0x00, 0x00, 0xF1, 0xDE, 0x00, 0x00, 0x00, 0x0D, 0x00, 0x00, 0x00, 0x0C, 0x00, 0x00, 0x00, 0x0C,
0x00, 0x00, 0x00, 0x0B, 0x00, 0x00, 0x00, 0x00, 0x00, 0x00, 0x00, 0x00, 0x00, 0x00, 0xF1, 0xE0,
0x00, 0x00, 0x00, 0x0D, 0x00, 0x00, 0x00, 0x0C, 0x00, 0x00, 0x00, 0x0C, 0x00, 0x00, 0x00, 0x0B,
0x00, 0x00, 0x00, 0x00, 0x00, 0x00, 0x00, 0x00, 0x00, 0x00, 0xF1, 0xE1, 0x00, 0x00, 0x00, 0x0B,
0x00, 0x00, 0x00, 0x0B, 0x00, 0x00, 0x00, 0x0B, 0x00, 0x00, 0x00, 0x0A, 0x00, 0x00, 0x00, 0x00,
0x00, 0x00, 0x00, 0x00, 0x00, 0x00, 0xF1, 0xE2, 0x00, 0x00, 0x00, 0x0D, 0x00, 0x00, 0x00, 0x0E,
0x00, 0x00, 0x00, 0x0E, 0x00, 0x00, 0x00, 0x0B, 0x00, 0x00, 0x00, 0x00, 0x00, 0x00, 0x00, 0x00,
0x00, 0x00, 0xF1, 0xE3, 0x00, 0x00, 0x00, 0x0D, 0x00, 0x00, 0x00, 0x0C, 0x00, 0x00, 0x00, 0x0C,
0x00, 0x00, 0x00, 0x0B, 0x00, 0x00, 0x00, 0x00, 0x00, 0x00, 0x00, 0x00, 0x00, 0x00, 0xF1, 0xE4,
0x00, 0x00, 0x00, 0x0B, 0x00, 0x00, 0x00, 0x0C, 0x00, 0x00, 0x00, 0x0C, 0x00, 0x00, 0x00, 0x0A,
0x00, 0x00, 0x00, 0x00, 0x00, 0x00, 0x00, 0x00, 0x00, 0x00, 0xF1, 0xE5, 0x00, 0x00, 0x00, 0x0B,
0x00, 0x00, 0x00, 0x0C, 0x00, 0x00, 0x00, 0x0C, 0x00, 0x00, 0x00, 0x0A, 0x00, 0x00, 0x00, 0x00,
0x00, 0x00, 0x00, 0x00, 0x00, 0x00, 0xF1, 0xE6, 0x00, 0x00, 0x00, 0x0E, 0x00, 0x00, 0x00, 0x0B,
0x00, 0x00, 0x00, 0x0B, 0x00, 0x00, 0x00, 0x0C, 0x00, 0x00, 0x00, 0x00, 0x00, 0x00, 0x00, 0x00,
0x00, 0x00, 0xF1, 0xEA, 0x00, 0x00, 0x00, 0x0B, 0x00, 0x00, 0x00, 0x0C, 0x00, 0x00, 0x00, 0x0C,
0x00, 0x00, 0x00, 0x0A, 0x00, 0x00, 0x00, 0x00, 0x00, 0x00, 0x00, 0x00, 0x00, 0x00, 0xF1, 0xEB,
0x00, 0x00, 0x00, 0x0B, 0x00, 0x00, 0x00, 0x0E, 0x00, 0x00, 0x00, 0x0E, 0x00, 0x00, 0x00, 0x0A,
0x00, 0x00, 0x00, 0x00, 0x00, 0x00, 0x00, 0x00, 0x00, 0x00, 0x00, 0x00, 0x43, 0xDB, 0xDB, 0x44,
0x00, 0x00, 0x00, 0x00, 0x00, 0x00, 0x00, 0x00, 0x98, 0xFF, 0xFF, 0x9A, 0x00, 0x00, 0x00, 0x00,
0x15, 0x96, 0x5F, 0x43, 0xE3, 0xFF, 0xFF, 0xE3, 0x42, 0x5E, 0x96, 0x16, 0x9D, 0xFF, 0xFF, 0xFF,
0xFF, 0xFF, 0xFF, 0xFF, 0xFF, 0xFF, 0xFF, 0xA0, 0xD8, 0xFF, 0xFF, 0xFF, 0xFF, 0xBE, 0xBE, 0xFF,
0xFF, 0xFF, 0xFF, 0xD9, 0x23, 0xDA, 0xFF, 0xFF, 0x7A, 0x00, 0x00, 0x7B, 0xFF, 0xFF, 0xDB, 0x23,
0x00, 0x7A, 0xFF, 0xFF, 0x2C, 0x00, 0x00, 0x2D, 0xFF, 0xFF, 0x7C, 0x00, 0x22, 0xD8, 0xFF, 0xFF,
0x7A, 0x00, 0x00, 0x7B, 0xFF, 0xFF, 0xD9, 0x22, 0xD8, 0xFF, 0xFF, 0xFF, 0xFF, 0xBD, 0xBD, 0xFF,
0xFF, 0xFF, 0xFF, 0xD9, 0x9D, 0xFF, 0xFF, 0xFF, 0xFF, 0xFF, 0xFF, 0xFF, 0xFF, 0xFF, 0xFF, 0xA0,
0x15, 0x98, 0x61, 0x43, 0xE4, 0xFF, 0xFF, 0xE6, 0x44, 0x5F, 0x97, 0x16, 0x00, 0x00, 0x00, 0x00,
0x99, 0xFF, 0xFF, 0x9C, 0x00, 0x00, 0x00, 0x00, 0x00, 0x00, 0x00, 0x00, 0x45, 0xDB, 0xDC, 0x48,
0x00, 0x00, 0x00, 0x00, 0x00, 0x00, 0x00, 0x99, 0xE0, 0xE0, 0xD8, 0x2D, 0x00, 0x00, 0x00, 0x96,
0xC0, 0xC0, 0xFD, 0xFF, 0xFF, 0xFF, 0xDD, 0xC0, 0xBC, 0x39, 0x96, 0xC0, 0xC0, 0xC0, 0xC0, 0xC0,
0xC0, 0xC0, 0xC0, 0xBC, 0x39, 0x08, 0x20, 0x20, 0x20, 0x20, 0x20, 0x20, 0x20, 0x20, 0x18, 0x00,
0x40, 0xFF, 0xFF, 0xFF, 0xFF, 0xFF, 0xFF, 0xFF, 0xFF, 0xC0, 0x00, 0x40, 0xFF, 0xA2, 0xDA, 0xE2,
0x9A, 0xFF, 0x91, 0xEB, 0xC0, 0x00, 0x40, 0xFF, 0x40, 0xA0, 0xB0, 0x30, 0xFF, 0x20, 0xC0, 0xC0,
0x00, 0x40, 0xFF, 0x40, 0xA0, 0xB0, 0x30, 0xFF, 0x20, 0xC0, 0xC0, 0x00, 0x40, 0xFF, 0x40, 0xA0,
0xB0, 0x30, 0xFF, 0x20, 0xC0, 0xC0, 0x00, 0x40, 0xFF, 0x40, 0xA0, 0xB0, 0x30, 0xFF, 0x20, 0xC0,
0xC0, 0x00, 0x40, 0xFF, 0x59, 0xB6, 0xC4, 0x4B, 0xFF, 0x3C, 0xD2, 0xC0, 0x00, 0x13, 0xF7, 0xFF,
0xFF, 0xFF, 0xFF, 0xFF, 0xFF, 0xFF, 0x89, 0x00, 0x00, 0x30, 0x7C, 0x80, 0x80, 0x80, 0x80, 0x80,
0x62, 0x0A, 0x00, 0x00, 0x00, 0x00, 0x00, 0x00, 0x3D, 0x3D, 0x00, 0x00, 0x00, 0x00, 0x00, 0x00,
0x00, 0x00, 0x00, 0x5F, 0xFC, 0xFB, 0x5E, 0x00, 0x00, 0x00, 0x00, 0x00, 0x00, 0x00, 0x70, 0xFE,
0xFF, 0xFF, 0xFE, 0x6F, 0x00, 0x00, 0x00, 0x00, 0x00, 0x81, 0xFF, 0xFF, 0xFF, 0xFF, 0xFF, 0xFF,
0x81, 0x00, 0x00, 0x01, 0x94, 0xFF, 0xFF, 0xFF, 0xFF, 0xFF, 0xFF, 0xFF, 0xFF, 0x93, 0x01, 0x9F,
0xFF, 0xFF, 0xFF, 0xFF, 0xFF, 0xFF, 0xFF, 0xFF, 0xFF, 0xFF, 0x9F, 0xAD, 0xFB, 0xFF, 0xFF, 0xFF,
0xFF, 0xFF, 0xFF, 0xFF, 0xFF, 0xFB, 0xAC, 0x00, 0xDF, 0xFF, 0xFF, 0xFF, 0xFF, 0xFF, 0xFF, 0xFF,
0xFF, 0xDF, 0x00, 0x00, 0xDF, 0xFF, 0xFF, 0xCA, 0x15, 0x15, 0xC9, 0xFF, 0xFF, 0xDF, 0x00, 0x00,
0xDF, 0xFF, 0xFF, 0x80, 0x00, 0x00, 0x80, 0xFF, 0xFF, 0xDF, 0x00, 0x00, 0xDF, 0xFF, 0xFF, 0x7F,
0x00, 0x00, 0x7F, 0xFF, 0xFF, 0xDF, 0x00, 0x00, 0xAB, 0xFF, 0xFF, 0xCF, 0x9F, 0x9F, 0xCF, 0xFF,
0xFF, 0xA9, 0x00, 0x00, 0x11, 0x6B, 0x7F, 0x7F, 0x7F, 0x7F, 0x7F, 0x7F, 0x6B, 0x10, 0x00, 0x00,
0x00, 0x00, 0x00, 0x00, 0x3D, 0x3D, 0x00, 0x00, 0x00, 0x00, 0x00, 0x00, 0x00, 0x00, 0x00, 0x5F,
0xFC, 0xFB, 0x5E, 0x00, 0x00, 0x00, 0x00, 0x00, 0x00, 0x00, 0x70, 0xFE, 0xFF, 0xFF, 0xFE, 0x6F,
0x00, 0x00, 0x00, 0x00, 0x00, 0x81, 0xFF, 0xFF, 0xFF, 0xFF, 0xFF, 0xFF, 0x81, 0x00, 0x00, 0x01,
0x94, 0xFF, 0xFF, 0xFF, 0xFF, 0xFF, 0xFF, 0xFF, 0xFF, 0x93, 0x01, 0x9F, 0xFF, 0xFF, 0xFF, 0xFF,
0xFF, 0xFF, 0xFF, 0xFF, 0xFF, 0xFF, 0x9F, 0xAD, 0xFB, 0xFF, 0xFF, 0xFF, 0xFF, 0xFF, 0xFF, 0xFF,
0xFF, 0xFB, 0xAC, 0x00, 0xDF, 0xFF, 0xFF, 0xFF, 0xFF, 0xFF, 0xFF, 0xFF, 0xFF, 0xDF, 0x00, 0x00,
0xDF, 0xFF, 0xFF, 0xCA, 0x15, 0x15, 0xC9, 0xFF, 0xFF, 0xDF, 0x00, 0x00, 0xDF, 0xFF, 0xFF, 0x80,
0x00, 0x00, 0x80, 0xFF, 0xFF, 0xDF, 0x00, 0x00, 0xDF, 0xFF, 0xFF, 0x7F, 0x00, 0x00, 0x7F, 0xFF,
0xFF, 0xDF, 0x00, 0x00, 0xAB, 0xFF, 0xFF, 0xCF, 0x9F, 0x9F, 0xCF, 0xFF, 0xFF, 0xA9, 0x00, 0x00,
0x11, 0x6B, 0x7F, 0x7F, 0x7F, 0x7F, 0x7F, 0x7F, 0x6B, 0x10, 0x00, 0x18, 0x72, 0x7F, 0x7F, 0x7F,
0x49, 0x01, 0x00, 0x00, 0xCA, 0xFF, 0xFF, 0xFF, 0xFE, 0xFF, 0x99, 0x01, 0x00, 0xFF, 0xFF, 0xFF,
0xFF, 0xE0, 0x82, 0xFF, 0x99, 0x01, 0xFF, 0xFF, 0xFF, 0xFF, 0xDF, 0x00, 0x7F, 0xFF, 0x84, 0xFF,
0xFF, 0xFF, 0xFF, 0xF9, 0x6A, 0x5F, 0xCC, 0xF1, 0xFF, 0xFF, 0xFF, 0xFF, 0xFF, 0xFF, 0xFF, 0xFF,
0xFF, 0xFF, 0xFF, 0xFF, 0xFF, 0xFF, 0xFF, 0xFF, 0xFF, 0xFF, 0xFF, 0xFF, 0xFF, 0xFF, 0xFF, 0xFF,
0xFF, 0xFF, 0xFF, 0xFF, 0xFF, 0xFF, 0xFF, 0xFF, 0xFF, 0xFF, 0xFF, 0xFF, 0xFF, 0xFF, 0xFF, 0xFF,
0xFF, 0xFF, 0xFF, 0xFF, 0xFF, 0xFF, 0xFF, 0xFF, 0xFF, 0xFF, 0xFF, 0xFF, 0xFF, 0xFF, 0xCB, 0xFF,
0xFF, 0xFF, 0xFF, 0xFF, 0xFF, 0xFF, 0xCA, 0x1A, 0x72, 0x7F, 0x7F, 0x7F, 0x7F, 0x7F, 0x72, 0x19,
0x18, 0x72, 0x7F, 0x7F, 0x7F, 0x49, 0x01, 0x00, 0x00, 0xCA, 0xFF, 0xFF, 0xFF, 0xFE, 0xFF, 0x99,
0x01, 0x00, 0xFF, 0xFF, 0xFF, 0xFF, 0xE0, 0x82, 0xFF, 0x99, 0x01, 0xFF, 0xFF, 0xFF, 0xFF, 0xDF,
0x00, 0x7F, 0xFF, 0x84, 0xFF, 0xFF, 0xFF, 0xFF, 0xF9, 0x6A, 0x5F, 0xCC, 0xF1, 0xFF, 0xFF, 0xFF,
0xFF, 0xFF, 0xFF, 0xFF, 0xFF, 0xFF, 0xFF, 0xFF, 0xFF, 0xFF, 0xFF, 0xFF, 0xFF, 0xFF, 0xFF, 0xFF,
0xFF, 0xFF, 0xFF, 0xFF, 0xFF, 0xFF, 0xFF, 0xFF, 0xFF, 0xFF, 0xFF, 0xFF, 0xFF, 0xFF, 0xFF, 0xFF,
0xFF, 0xFF, 0xFF, 0xFF, 0xFF, 0xFF, 0xFF, 0xFF, 0xFF, 0xFF, 0xFF, 0xFF, 0xFF, 0xFF, 0xFF, 0xFF,
0xFF, 0xFF, 0xFF, 0xCB, 0xFF, 0xFF, 0xFF, 0xFF, 0xFF, 0xFF, 0xFF, 0xCA, 0x1A, 0x72, 0x7F, 0x7F,
0x7F, 0x7F, 0x7F, 0x72, 0x19, 0x00, 0x00, 0x00, 0x04, 0x31, 0x65, 0x65, 0x31, 0x04, 0x00, 0x00,
0x00, 0x00, 0x00, 0x3E, 0xDD, 0xFF, 0xFF, 0xFF, 0xFF, 0xDC, 0x3C, 0x00, 0x00, 0x00, 0x61, 0xFD,
0xFF, 0xFF, 0xEF, 0xEF, 0xFF, 0xFF, 0xFD, 0x5F, 0x00, 0x20, 0xF3, 0xFF, 0xFF, 0xFF, 0x75, 0x75,
0xFF, 0xFF, 0xFF, 0xF2, 0x1F, 0x97, 0xFF, 0xFF, 0xFF, 0xFF, 0x70, 0x70, 0xFF, 0xFF, 0xFF, 0xFF,
0x95, 0xCD, 0xFF, 0xFF, 0xFF, 0xFF, 0x70, 0x70, 0xFF, 0xFF, 0xFF, 0xFF, 0xCB, 0xF3, 0xFF, 0xFF,
0xFF, 0xFF, 0x81, 0x27, 0xCF, 0xFF, 0xFF, 0xFF, 0xF2, 0xCD, 0xFF, 0xFF, 0xFF, 0xFF, 0xF9, 0x7C,
0x09, 0x93, 0xFF, 0xFF, 0xCB, 0x97, 0xFF, 0xFF, 0xFF, 0xFF, 0xFF, 0xFF, 0xCD, 0xA6, 0xFF, 0xFF,
0x95, 0x21, 0xF3, 0xFF, 0xFF, 0xFF, 0xFF, 0xFF, 0xFF, 0xFF, 0xFF, 0xF2, 0x20, 0x00, 0x62, 0xFE,
0xFF, 0xFF, 0xFF, 0xFF, 0xFF, 0xFF, 0xFE, 0x60, 0x00, 0x00, 0x00, 0x40, 0xDF, 0xFF, 0xFF, 0xFF,
0xFF, 0xDE, 0x3F, 0x00, 0x00, 0x00, 0x00, 0x00, 0x05, 0x33, 0x67, 0x66, 0x33, 0x05, 0x00, 0x00,
0x00, 0x00, 0x00, 0x00, 0x04, 0x31, 0x65, 0x65, 0x31, 0x04, 0x00, 0x00, 0x00, 0x00, 0x00, 0x3E,
0xDD, 0xFF, 0xFF, 0xFF, 0xFF, 0xDC, 0x3C, 0x00, 0x00, 0x00, 0x61, 0xFD, 0xFF, 0xFF, 0xEF, 0xEF,
0xFF, 0xFF, 0xFD, 0x5F, 0x00, 0x20, 0xF3, 0xFF, 0xFF, 0xFF, 0x75, 0x75, 0xFF, 0xFF, 0xFF, 0xF2,
0x1F, 0x97, 0xFF, 0xFF, 0xFF, 0xFF, 0x70, 0x70, 0xFF, 0xFF, 0xFF, 0xFF, 0x95, 0xCD, 0xFF, 0xFF,
0xFF, 0xFF, 0x70, 0x70, 0xFF, 0xFF, 0xFF, 0xFF, 0xCB, 0xF3, 0xFF, 0xFF, 0xFF, 0xFF, 0x81, 0x27,
0xCF, 0xFF, 0xFF, 0xFF, 0xF2, 0xCD, 0xFF, 0xFF, 0xFF, 0xFF, 0xF9, 0x7C, 0x09, 0x93, 0xFF, 0xFF,
0xCB, 0x97, 0xFF, 0xFF, 0xFF, 0xFF, 0xFF, 0xFF, 0xCD, 0xA6, 0xFF, 0xFF, 0x95, 0x21, 0xF3, 0xFF,
0xFF, 0xFF, 0xFF, 0xFF, 0xFF, 0xFF, 0xFF, 0xF2, 0x20, 0x00, 0x62, 0xFE, 0xFF, 0xFF, 0xFF, 0xFF,
0xFF, 0xFF, 0xFE, 0x60, 0x00, 0x00, 0x00, 0x40, 0xDF, 0xFF, 0xFF, 0xFF, 0xFF, 0xDE, 0x3F, 0x00,
0x00, 0x00, 0x00, 0x00, 0x05, 0x33, 0x67, 0x66, 0x33, 0x05, 0x00, 0x00, 0x00, 0x00, 0x00, 0x4B,
0xB6, 0xBF, 0x2F, 0x2F, 0xBF, 0xB6, 0x4A, 0x00, 0x00, 0x00, 0x09, 0xF1, 0xFF, 0xFF, 0x43, 0x43,
0xFF, 0xFF, 0xF2, 0x0A, 0x00, 0x00, 0x42, 0xFF, 0xFF, 0xFF, 0xC5, 0xC6, 0xFF, 0xFF, 0xFF, 0x44,
0x00, 0x00, 0x82, 0xFF, 0xFF, 0xFF, 0xFF, 0xFF, 0xFF, 0xFF, 0xFF, 0x83, 0x00, 0x00, 0xC2, 0xFF,
0xFF, 0xFF, 0x69, 0x69, 0xFF, 0xFF, 0xFF, 0xC3, 0x00, 0x09, 0xF9, 0xFF, 0xFF, 0xFF, 0x3F, 0x3F,
0xFF, 0xFF, 0xFF, 0xF9, 0x09, 0x43, 0xFF, 0xFF, 0xFF, 0xFF, 0x69, 0x69, 0xFF, 0xFF, 0xFF, 0xFF,
0x41, 0x83, 0xFF, 0xFF, 0xFF, 0xFF, 0xFF, 0xFF, 0xFF, 0xFF, 0xFF, 0xFF, 0x80, 0xC3, 0xFF, 0xFF,
0xFF, 0xFF, 0xC6, 0xC6, 0xFF, 0xFF, 0xFF, 0xFF, 0xC0, 0xEC, 0xFF, 0xFF, 0xFF, 0xFF, 0x43, 0x43,
0xFF, 0xFF, 0xFF, 0xFF, 0xE7, 0x67, 0xBF, 0xBF, 0xBF, 0xBF, 0x2F, 0x2F, 0xBF, 0xBF, 0xBF, 0xBF,
0x65, 0x00, 0x00, 0x4B, 0xB6, 0xBF, 0x2F, 0x2F, 0xBF, 0xB6, 0x4A, 0x00, 0x00, 0x00, 0x09, 0xF1,
0xFF, 0xFF, 0x43, 0x43, 0xFF, 0xFF, 0xF2, 0x0A, 0x00, 0x00, 0x42, 0xFF, 0xFF, 0xFF, 0xC5, 0xC6,
0xFF, 0xFF, 0xFF, 0x44, 0x00, 0x00, 0x82, 0xFF, 0xFF, 0xFF, 0xFF, 0xFF, 0xFF, 0xFF, 0xFF, 0x83,
0x00, 0x00, 0xC2, 0xFF, 0xFF, 0xFF, 0x69, 0x69, 0xFF, 0xFF, 0xFF, 0xC3, 0x00, 0x09, 0xF9, 0xFF,
0xFF, 0xFF, 0x3F, 0x3F, 0xFF, 0xFF, 0xFF, 0xF9, 0x09, 0x43, 0xFF, 0xFF, 0xFF, 0xFF, 0x69, 0x69,
0xFF, 0xFF, 0xFF, 0xFF, 0x41, 0x83, 0xFF, 0xFF, 0xFF, 0xFF, 0xFF, 0xFF, 0xFF, 0xFF, 0xFF, 0xFF,
0x80, 0xC3, 0xFF, 0xFF, 0xFF, 0xFF, 0xC6, 0xC6, 0xFF, 0xFF, 0xFF, 0xFF, 0xC0, 0xEC, 0xFF, 0xFF,
0xFF, 0xFF, 0x43, 0x43, 0xFF, 0xFF, 0xFF, 0xFF, 0xE7, 0x67, 0xBF, 0xBF, 0xBF, 0xBF, 0x2F, 0x2F,
0xBF, 0xBF, 0xBF, 0xBF, 0x65, 0x00, 0x00, 0x00, 0x00, 0x1C, 0x55, 0x00, 0x00, 0x00, 0x00, 0x00,
0x00, 0x00, 0x00, 0x00, 0x7C, 0xFC, 0x00, 0x00, 0x00, 0x00, 0x00, 0x00, 0x00, 0x00, 0x00, 0x7F,
0xFF, 0x00, 0x00, 0x00, 0x00, 0x00, 0x00, 0x00, 0x00, 0x00, 0x7F, 0xFF, 0x00, 0x00, 0x00, 0x00,
0x00, 0x00, 0x00, 0x00, 0x00, 0x7F, 0xFF, 0x00, 0x00, 0x00, 0x00, 0x00, 0x00, 0x00, 0x95, 0xB9,
0x8B, 0xFF, 0x55, 0xE4, 0x1E, 0x00, 0x00, 0x00, 0x00, 0x54, 0xFD, 0xFA, 0xFF, 0xFA, 0xC6, 0x06,
0x00, 0x00, 0x00, 0x00, 0x00, 0x5B, 0xFD, 0xFF, 0xC6, 0x0D, 0x00, 0x00, 0x00, 0x71, 0xF2, 0xEA,
0x2A, 0x54, 0x9E, 0x0E, 0x98, 0xFF, 0xC9, 0x18, 0xF2, 0xFF, 0xFF, 0xE8, 0x51, 0x2D, 0xA2, 0xFF,
0x7C, 0xF0, 0x72, 0xE2, 0xFF, 0xFF, 0xFF, 0xFF, 0xFF, 0xFF, 0xFF, 0xB5, 0xFA, 0x61, 0x43, 0xB2,
0xBF, 0xBF, 0xBF, 0xBF, 0xBF, 0xBF, 0xBF, 0x8A, 0x09, 0x00, 0x00, 0x00, 0x00, 0x1C, 0x55, 0x00,
0x00, 0x00, 0x00, 0x00, 0x00, 0x00, 0x00, 0x00, 0x7C, 0xFC, 0x00, 0x00, 0x00, 0x00, 0x00, 0x00,
0x00, 0x00, 0x00, 0x7F, 0xFF, 0x00, 0x00, 0x00, 0x00, 0x00, 0x00, 0x00, 0x00, 0x00, 0x7F, 0xFF,
0x00, 0x00, 0x00, 0x00, 0x00, 0x00, 0x00, 0x00, 0x00, 0x7F, 0xFF, 0x00, 0x00, 0x00, 0x00, 0x00,
0x00, 0x00, 0x95, 0xB9, 0x8B, 0xFF, 0x55, 0xE4, 0x1E, 0x00, 0x00, 0x00, 0x00, 0x54, 0xFD, 0xFA,
0xFF, 0xFA, 0xC6, 0x06, 0x00, 0x00, 0x00, 0x00, 0x00, 0x5B, 0xFD, 0xFF, 0xC6, 0x0D, 0x00, 0x00,
0x00, 0x71, 0xF2, 0xEA, 0x2A, 0x54, 0x9E, 0x0E, 0x98, 0xFF, 0xC9, 0x18, 0xF2, 0xFF, 0xFF, 0xE8,
0x51, 0x2D, 0xA2, 0xFF, 0x7C, 0xF0, 0x72, 0xE2, 0xFF, 0xFF, 0xFF, 0xFF, 0xFF, 0xFF, 0xFF, 0xB5,
0xFA, 0x61, 0x43, 0xB2, 0xBF, 0xBF, 0xBF, 0xBF, 0xBF, 0xBF, 0xBF, 0x8A, 0x09, 0x00, 0x00, 0x00,
0x04, 0x30, 0x64, 0x65, 0x30, 0x04, 0x00, 0x00, 0x00, 0x00, 0x00, 0x3E, 0xDD, 0xFF, 0xFF, 0xFF,
0xFF, 0xDC, 0x3C, 0x00, 0x00, 0x00, 0x61, 0xFD, 0xFF, 0xFF, 0xFF, 0xFF, 0xFF, 0xFF, 0xFD, 0x5F,
0x00, 0x20, 0xF3, 0xFF, 0xFF, 0xFF, 0x96, 0x96, 0xFF, 0xFF, 0xFF, 0xF2, 0x1F, 0x97, 0xFF, 0xFF,
0xFF, 0xE3, 0x00, 0x00, 0xE3, 0xFF, 0xFF, 0xFF, 0x95, 0xCC, 0xFF, 0xFF, 0xFF, 0xDF, 0x00, 0x00,
0xDF, 0xFF, 0xFF, 0xFF, 0xCA, 0xF3, 0xFF, 0xFF, 0xA6, 0x6F, 0x00, 0x00, 0x6F, 0xA8, 0xFF, 0xFF,
0xF2, 0xCC, 0xFF, 0xFF, 0xA6, 0x02, 0x00, 0x00, 0x03, 0xA9, 0xFF, 0xFF, 0xCA, 0x97, 0xFF, 0xFF,
0xFF, 0xA4, 0x02, 0x03, 0xA8, 0xFF, 0xFF, 0xFF, 0x95, 0x21, 0xF3, 0xFF, 0xFF, 0xFF, 0xAD, 0xB0,
0xFF, 0xFF, 0xFF, 0xF2, 0x20, 0x00, 0x62, 0xFE, 0xFF, 0xFF, 0xFF, 0xFF, 0xFF, 0xFF, 0xFE, 0x60,
0x00, 0x00, 0x00, 0x40, 0xDF, 0xFF, 0xFF, 0xFF, 0xFF, 0xDE, 0x3F, 0x00, 0x00, 0x00, 0x00, 0x00,
0x05, 0x33, 0x66, 0x66, 0x32, 0x05, 0x00, 0x00, 0x00, 0x00, 0x00, 0x00, 0x04, 0x30, 0x64, 0x65,
0x30, 0x04, 0x00, 0x00, 0x00, 0x00, 0x00, 0x3E, 0xDD, 0xFF, 0xFF, 0xFF, 0xFF, 0xDC, 0x3C, 0x00,
0x00, 0x00, 0x61, 0xFD, 0xFF, 0xFF, 0xFF, 0xFF, 0xFF, 0xFF, 0xFD, 0x5F, 0x00, 0x20, 0xF3, 0xFF,
0xFF, 0xFF, 0x96, 0x96, 0xFF, 0xFF, 0xFF, 0xF2, 0x1F, 0x97, 0xFF, 0xFF, 0xFF, 0xE3, 0x00, 0x00,
0xE3, 0xFF, 0xFF, 0xFF, 0x95, 0xCC, 0xFF, 0xFF, 0xFF, 0xDF, 0x00, 0x00, 0xDF, 0xFF, 0xFF, 0xFF,
0xCA, 0xF3, 0xFF, 0xFF, 0xA6, 0x6F, 0x00, 0x00, 0x6F, 0xA8, 0xFF, 0xFF, 0xF2, 0xCC, 0xFF, 0xFF,
0xA6, 0x02, 0x00, 0x00, 0x03, 0xA9, 0xFF, 0xFF, 0xCA, 0x97, 0xFF, 0xFF, 0xFF, 0xA4, 0x02, 0x03,
0xA8, 0xFF, 0xFF, 0xFF, 0x95, 0x21, 0xF3, 0xFF, 0xFF, 0xFF, 0xAD, 0xB0, 0xFF, 0xFF, 0xFF, 0xF2,
0x20, 0x00, 0x62, 0xFE, 0xFF, 0xFF, 0xFF, 0xFF, 0xFF, 0xFF, 0xFE, 0x60, 0x00, 0x00, 0x00, 0x40,
0xDF, 0xFF, 0xFF, 0xFF, 0xFF, 0xDE, 0x3F, 0x00, 0x00, 0x00, 0x00, 0x00, 0x05, 0x33, 0x66, 0x66,
0x32, 0x05, 0x00, 0x00, 0x00, 0x00, 0x00, 0x00, 0x04, 0x30, 0x64, 0x65, 0x30, 0x04, 0x00, 0x00,
0x00, 0x00, 0x00, 0x3E, 0xDD, 0xFF, 0xFF, 0xFF, 0xFF, 0xDC, 0x3C, 0x00, 0x00, 0x00, 0x61, 0xFD,
0xFF, 0xFF, 0xFF, 0xFF, 0xFF, 0xFF, 0xFD, 0x5F, 0x00, 0x20, 0xF3, 0xFF, 0xFF, 0xFF, 0xB0, 0xB3,
0xFF, 0xFF, 0xFF, 0xF2, 0x1F, 0x97, 0xFF, 0xFF, 0xFF, 0xA8, 0x03, 0x04, 0xAC, 0xFF, 0xFF, 0xFF,
0x95, 0xCC, 0xFF, 0xFF, 0xAA, 0x03, 0x00, 0x00, 0x04, 0xAD, 0xFF, 0xFF, 0xCA, 0xF3, 0xFF, 0xFF,
0xA6, 0x6F, 0x00, 0x00, 0x6F, 0xA8, 0xFF, 0xFF, 0xF2, 0xCC, 0xFF, 0xFF, 0xFF, 0xDF, 0x00, 0x00,
0xDF, 0xFF, 0xFF, 0xFF, 0xCA, 0x97, 0xFF, 0xFF, 0xFF, 0xE3, 0x00, 0x00, 0xE3, 0xFF, 0xFF, 0xFF,
0x95, 0x21, 0xF3, 0xFF, 0xFF, 0xFF, 0x96, 0x96, 0xFF, 0xFF, 0xFF, 0xF2, 0x20, 0x00, 0x62, 0xFE,
0xFF, 0xFF, 0xFF, 0xFF, 0xFF, 0xFF, 0xFE, 0x60, 0x00, 0x00, 0x00, 0x40, 0xDF, 0xFF, 0xFF, 0xFF,
0xFF, 0xDE, 0x3F, 0x00, 0x00, 0x00, 0x00, 0x00, 0x05, 0x33, 0x66, 0x66, 0x32, 0x05, 0x00, 0x00,
0x00, 0x00, 0x00, 0x00, 0x04, 0x30, 0x64, 0x65, 0x30, 0x04, 0x00, 0x00, 0x00, 0x00, 0x00, 0x3E,
0xDD, 0xFF, 0xFF, 0xFF, 0xFF, 0xDC, 0x3C, 0x00, 0x00, 0x00, 0x61, 0xFD, 0xFF, 0xFF, 0xFF, 0xFF,
0xFF, 0xFF, 0xFD, 0x5F, 0x00, 0x20, 0xF3, 0xFF, 0xFF, 0xFF, 0xB0, 0xB3, 0xFF, 0xFF, 0xFF, 0xF2,
0x1F, 0x97, 0xFF, 0xFF, 0xFF, 0xA8, 0x03, 0x04, 0xAC, 0xFF, 0xFF, 0xFF, 0x95, 0xCC, 0xFF, 0xFF,
0xAA, 0x03, 0x00, 0x00, 0x04, 0xAD, 0xFF, 0xFF, 0xCA, 0xF3, 0xFF, 0xFF, 0xA6, 0x6F, 0x00, 0x00,
0x6F, 0xA8, 0xFF, 0xFF, 0xF2, 0xCC, 0xFF, 0xFF, 0xFF, 0xDF, 0x00, 0x00, 0xDF, 0xFF, 0xFF, 0xFF,
0xCA, 0x97, 0xFF, 0xFF, 0xFF, 0xE3, 0x00, 0x00, 0xE3, 0xFF, 0xFF, 0xFF, 0x95, 0x21, 0xF3, 0xFF,
0xFF, 0xFF, 0x96, 0x96, 0xFF, 0xFF, 0xFF, 0xF2, 0x20, 0x00, 0x62, 0xFE, 0xFF, 0xFF, 0xFF, 0xFF,
0xFF, 0xFF, 0xFE, 0x60, 0x00, 0x00, 0x00, 0x40, 0xDF, 0xFF, 0xFF, 0xFF, 0xFF, 0xDE, 0x3F, 0x00,
0x00, 0x00, 0x00, 0x00, 0x05, 0x33, 0x66, 0x66, 0x32, 0x05, 0x00, 0x00, 0x00, 0x00, 0x7C, 0xBE,
0xBF, 0xBF, 0xBF, 0xBF, 0xBF, 0xBF, 0xBE, 0x7B, 0x00, 0x47, 0xFF, 0xC8, 0xBF, 0xBF, 0xBF, 0xBF,
0xBF, 0xBF, 0xC8, 0xFF, 0x46, 0x7A, 0xFF, 0x0C, 0x00, 0x00, 0x00, 0x00, 0x00, 0x00, 0x0C, 0xFF,
0x78, 0x9E, 0xE5, 0x00, 0x00, 0x00, 0x00, 0x00, 0x00, 0x00, 0x00, 0xE7, 0x9C, 0xC2, 0xC0, 0x00,
0x00, 0x00, 0x00, 0x00, 0x00, 0x00, 0x00, 0xC1, 0xBF, 0xE6, 0x9B, 0x00, 0x00, 0x00, 0x00, 0x00,
0x00, 0x00, 0x00, 0x9C, 0xE2, 0xFF, 0xE1, 0xBF, 0x51, 0x00, 0x00, 0x00, 0x00, 0x54, 0xBF, 0xE1,
0xFE, 0xFF, 0xFF, 0xFF, 0xF0, 0x5B, 0x3F, 0x3F, 0x5C, 0xF2, 0xFF, 0xFF, 0xFF, 0xFF, 0xFF, 0xFF,
0xFF, 0xFF, 0xFF, 0xFF, 0xFF, 0xFF, 0xFF, 0xFF, 0xFF, 0xE2, 0xFF, 0xFF, 0xFF, 0xFF, 0xFF, 0xFF,
0xFF, 0xFF, 0xFF, 0xFF, 0xE1, 0x43, 0xB2, 0xBF, 0xBF, 0xBF, 0xBF, 0xBF, 0xBF, 0xBF, 0xBF, 0xB2,
0x41, 0x00, 0x7C, 0xBE, 0xBF, 0xBF, 0xBF, 0xBF, 0xBF, 0xBF, 0xBE, 0x7B, 0x00, 0x47, 0xFF, 0xC8,
0xBF, 0xBF, 0xBF, 0xBF, 0xBF, 0xBF, 0xC8, 0xFF, 0x46, 0x7A, 0xFF, 0x0C, 0x00, 0x00, 0x00, 0x00,
0x00, 0x00, 0x0C, 0xFF, 0x78, 0x9E, 0xE5, 0x00, 0x00, 0x00, 0x00, 0x00, 0x00, 0x00, 0x00, 0xE7,
0x9C, 0xC2, 0xC0, 0x00, 0x00, 0x00, 0x00, 0x00, 0x00, 0x00, 0x00, 0xC1, 0xBF, 0xE6, 0x9B, 0x00,
0x00, 0x00, 0x00, 0x00, 0x00, 0x00, 0x00, 0x9C, 0xE2, 0xFF, 0xE1, 0xBF, 0x51, 0x00, 0x00, 0x00,
0x00, 0x54, 0xBF, 0xE1, 0xFE, 0xFF, 0xFF, 0xFF, 0xF0, 0x5B, 0x3F, 0x3F, 0x5C, 0xF2, 0xFF, 0xFF,
0xFF, 0xFF, 0xFF, 0xFF, 0xFF, 0xFF, 0xFF, 0xFF, 0xFF, 0xFF, 0xFF, 0xFF, 0xFF, 0xE2, 0xFF, 0xFF,
0xFF, 0xFF, 0xFF, 0xFF, 0xFF, 0xFF, 0xFF, 0xFF, 0xE1, 0x43, 0xB2, 0xBF, 0xBF, 0xBF, 0xBF, 0xBF,
0xBF, 0xBF, 0xBF, 0xB2, 0x41, 0x00, 0x00, 0x00, 0x04, 0x31, 0x65, 0x65, 0x31, 0x04, 0x00, 0x00,
0x00, 0x00, 0x00, 0x3E, 0xDD, 0xFF, 0xFF, 0xFF, 0xFF, 0xDC, 0x3C, 0x00, 0x00, 0x00, 0x61, 0xFD,
0xFF, 0xFF, 0xFF, 0xFF, 0xFF, 0xFF, 0xFD, 0x5F, 0x00, 0x20, 0xF3, 0xFF, 0xFF, 0xF8, 0xFF, 0xFF,
0xFF, 0xFF, 0xFF, 0xF2, 0x1F, 0x97, 0xFF, 0xFF, 0xFF, 0x2E, 0x45, 0xDA, 0xFF, 0xFF, 0xFF, 0xFF,
0x95, 0xCD, 0xFF, 0xFF, 0xFF, 0x20, 0x00, 0x07, 0x7E, 0xF7, 0xFF, 0xFF, 0xCB, 0xF3, 0xFF, 0xFF,
0xFF, 0x20, 0x00, 0x00, 0x00, 0x83, 0xFF, 0xFF, 0xF2, 0xCD, 0xFF, 0xFF, 0xFF, 0x20, 0x00, 0x08,
0x81, 0xF8, 0xFF, 0xFF, 0xCB, 0x97, 0xFF, 0xFF, 0xFF, 0x2D, 0x48, 0xDC, 0xFF, 0xFF, 0xFF, 0xFF,
0x95, 0x21, 0xF3, 0xFF, 0xFF, 0xF8, 0xFF, 0xFF, 0xFF, 0xFF, 0xFF, 0xF2, 0x20, 0x00, 0x62, 0xFE,
0xFF, 0xFF, 0xFF, 0xFF, 0xFF, 0xFF, 0xFE, 0x60, 0x00, 0x00, 0x00, 0x40, 0xDF, 0xFF, 0xFF, 0xFF,
0xFF, 0xDE, 0x3F, 0x00, 0x00, 0x00, 0x00, 0x00, 0x05, 0x33, 0x67, 0x66, 0x33, 0x05, 0x00, 0x00,
0x00, 0x00, 0x00, 0x00, 0x04, 0x31, 0x65, 0x65, 0x31, 0x04, 0x00, 0x00, 0x00, 0x00, 0x00, 0x3E,
0xDD, 0xFF, 0xFF, 0xFF, 0xFF, 0xDC, 0x3C, 0x00, 0x00, 0x00, 0x61, 0xFD, 0xFF, 0xFF, 0xFF, 0xFF,
0xFF, 0xFF, 0xFD, 0x5F, 0x00, 0x20, 0xF3, 0xFF, 0xFF, 0xF8, 0xFF, 0xFF, 0xFF, 0xFF, 0xFF, 0xF2,
0x1F, 0x97, 0xFF, 0xFF, 0xFF, 0x2E, 0x45, 0xDA, 0xFF, 0xFF, 0xFF, 0xFF, 0x95, 0xCD, 0xFF, 0xFF,
0xFF, 0x20, 0x00, 0x07, 0x7E, 0xF7, 0xFF, 0xFF, 0xCB, 0xF3, 0xFF, 0xFF, 0xFF, 0x20, 0x00, 0x00,
0x00, 0x83, 0xFF, 0xFF, 0xF2, 0xCD, 0xFF, 0xFF, 0xFF, 0x20, 0x00, 0x08, 0x81, 0xF8, 0xFF, 0xFF,
0xCB, 0x97, 0xFF, 0xFF, 0xFF, 0x2D, 0x48, 0xDC, 0xFF, 0xFF, 0xFF, 0xFF, 0x95, 0x21, 0xF3, 0xFF,
0xFF, 0xF8, 0xFF, 0xFF, 0xFF, 0xFF, 0xFF, 0xF2, 0x20, 0x00, 0x62, 0xFE, 0xFF, 0xFF, 0xFF, 0xFF,
0xFF, 0xFF, 0xFE, 0x60, 0x00, 0x00, 0x00, 0x40, 0xDF, 0xFF, 0xFF, 0xFF, 0xFF, 0xDE, 0x3F, 0x00,
0x00, 0x00, 0x00, 0x00, 0x05, 0x33, 0x67, 0x66, 0x33, 0x05, 0x00, 0x00, 0x00, 0x00, 0x00, 0x00,
0x05, 0x33, 0x65, 0x64, 0x32, 0x05, 0x00, 0x1C, 0x55, 0x00, 0x00, 0x3D, 0xDB, 0xFF, 0xFF, 0xFF,
0xFF, 0xD8, 0x3A, 0x7C, 0xFC, 0x00, 0x62, 0xFE, 0xD4, 0x4F, 0x18, 0x19, 0x50, 0xD5, 0xFD, 0xDA,
0xFF, 0x1E, 0xF2, 0xB3, 0x06, 0x00, 0x00, 0x00, 0x1C, 0x83, 0xF0, 0xFF, 0xFF, 0x9A, 0xEF, 0x18,
0x00, 0x00, 0x00, 0x00, 0x56, 0xFC, 0xFF, 0xFF, 0xD6, 0xD0, 0xAE, 0x00, 0x00, 0x00, 0x00, 0x00,
0x00, 0x00, 0x00, 0x00, 0x00, 0xF5, 0x89, 0x00, 0x00, 0x00, 0x00, 0x00, 0x00, 0x00, 0x00, 0x00,
0x00, 0xD1, 0xAD, 0x00, 0x00, 0x00, 0x00, 0x00, 0x00, 0x00, 0x00, 0x00, 0x00, 0x9B, 0xEE, 0x17,
0x00, 0x00, 0x00, 0x00, 0x00, 0x00, 0x02, 0x20, 0x00, 0x21, 0xF4, 0xB3, 0x06, 0x00, 0x00, 0x00,
0x00, 0x06, 0xA8, 0xF2, 0x01, 0x00, 0x65, 0xFE, 0xD2, 0x4C, 0x15, 0x15, 0x4C, 0xD4, 0xFE, 0x6D,
0x00, 0x00, 0x00, 0x41, 0xDE, 0xFF, 0xFF, 0xFF, 0xFF, 0xDC, 0x3E, 0x00, 0x00, 0x00, 0x00, 0x00,
0x07, 0x38, 0x69, 0x69, 0x37, 0x06, 0x00, 0x00, 0x00, 0x00, 0x00, 0x00, 0x05, 0x33, 0x65, 0x64,
0x32, 0x05, 0x00, 0x1C, 0x55, 0x00, 0x00, 0x3D, 0xDB, 0xFF, 0xFF, 0xFF, 0xFF, 0xD8, 0x3A, 0x7C,
0xFC, 0x00, 0x62, 0xFE, 0xD4, 0x4F, 0x18, 0x19, 0x50, 0xD5, 0xFD, 0xDA, 0xFF, 0x1E, 0xF2, 0xB3,
0x06, 0x00, 0x00, 0x00, 0x1C, 0x83, 0xF0, 0xFF, 0xFF, 0x9A, 0xEF, 0x18, 0x00, 0x00, 0x00, 0x00,
0x56, 0xFC, 0xFF, 0xFF, 0xD6, 0xD0, 0xAE, 0x00, 0x00, 0x00, 0x00, 0x00, 0x00, 0x00, 0x00, 0x00,
0x00, 0xF5, 0x89, 0x00, 0x00, 0x00, 0x00, 0x00, 0x00, 0x00, 0x00, 0x00, 0x00, 0xD1, 0xAD, 0x00,
0x00, 0x00, 0x00, 0x00, 0x00, 0x00, 0x00, 0x00, 0x00, 0x9B, 0xEE, 0x17, 0x00, 0x00, 0x00, 0x00,
0x00, 0x00, 0x02, 0x20, 0x00, 0x21, 0xF4, 0xB3, 0x06, 0x00, 0x00, 0x00, 0x00, 0x06, 0xA8, 0xF2,
0x01, 0x00, 0x65, 0xFE, 0xD2, 0x4C, 0x15, 0x15, 0x4C, 0xD4, 0xFE, 0x6D, 0x00, 0x00, 0x00, 0x41,
0xDE, 0xFF, 0xFF, 0xFF, 0xFF, 0xDC, 0x3E, 0x00, 0x00, 0x00, 0x00, 0x00, 0x07, 0x38, 0x69, 0x69,
0x37, 0x06, 0x00, 0x00, 0x00, 0x00, 0x00, 0x00, 0x06, 0x38, 0x67, 0x65, 0x30, 0x04, 0x00, 0x1C,
0x55, 0x00, 0x00, 0x49, 0xDC, 0xFF, 0xFF, 0xFF, 0xFF, 0xDC, 0x3C, 0x7C, 0xFC, 0x00, 0x5E, 0xFF,
0xD1, 0x4F, 0x18, 0x1A, 0x52, 0xD4, 0xFD, 0xDA, 0xFF, 0x2B, 0xF7, 0xB6, 0x03, 0x00, 0x00, 0x00,
0x1C, 0x83, 0xF0, 0xFF, 0xFF, 0x8E, 0xF5, 0x11, 0x00, 0x00, 0x00, 0x00, 0x56, 0xFC, 0xFF, 0xFF,
0xD6, 0xDA, 0xAA, 0x00, 0x00, 0x00, 0x00, 0x00, 0x00, 0x00, 0x00, 0x00, 0x00, 0x52, 0x21, 0x00,
0x00, 0x00, 0x00, 0x00, 0x00, 0x00, 0x00, 0x22, 0x4F, 0x00, 0x00, 0x00, 0x00, 0x00, 0x00, 0x00,
0x00, 0x00, 0x00, 0xAA, 0xD7, 0xD6, 0xFF, 0xFF, 0xFC, 0x55, 0x00, 0x00, 0x00, 0x00, 0x12, 0xF5,
0x8C, 0xFF, 0xFF, 0xEF, 0x83, 0x1C, 0x00, 0x00, 0x00, 0x04, 0xB8, 0xF7, 0x2B, 0xFD, 0xDF, 0xFE,
0xD3, 0x50, 0x19, 0x17, 0x4F, 0xD2, 0xFF, 0x5E, 0x00, 0xF8, 0x80, 0x41, 0xDE, 0xFF, 0xFF, 0xFF,
0xFF, 0xDC, 0x4B, 0x00, 0x00, 0x50, 0x1B, 0x00, 0x05, 0x32, 0x66, 0x68, 0x3A, 0x06, 0x00, 0x00,
0x00, 0x00, 0x00, 0x00, 0x06, 0x38, 0x67, 0x65, 0x30, 0x04, 0x00, 0x1C, 0x55, 0x00, 0x00, 0x49,
0xDC, 0xFF, 0xFF, 0xFF, 0xFF, 0xDC, 0x3C, 0x7C, 0xFC, 0x00, 0x5E, 0xFF, 0xD1, 0x4F, 0x18, 0x1A,
0x52, 0xD4, 0xFD, 0xDA, 0xFF, 0x2B, 0xF7, 0xB6, 0x03, 0x00, 0x00, 0x00, 0x1C, 0x83, 0xF0, 0xFF,
0xFF, 0x8E, 0xF5, 0x11, 0x00, 0x00, 0x00, 0x00, 0x56, 0xFC, 0xFF, 0xFF, 0xD6, 0xDA, 0xAA, 0x00,
0x00, 0x00, 0x00, 0x00, 0x00, 0x00, 0x00, 0x00, 0x00, 0x52, 0x21, 0x00, 0x00, 0x00, 0x00, 0x00,
0x00, 0x00, 0x00, 0x22, 0x4F, 0x00, 0x00, 0x00, 0x00, 0x00, 0x00, 0x00, 0x00, 0x00, 0x00, 0xAA,
0xD7, 0xD6, 0xFF, 0xFF, 0xFC, 0x55, 0x00, 0x00, 0x00, 0x00, 0x12, 0xF5, 0x8C, 0xFF, 0xFF, 0xEF,
0x83, 0x1C, 0x00, 0x00, 0x00, 0x04, 0xB8, 0xF7, 0x2B, 0xFD, 0xDF, 0xFE, 0xD3, 0x50, 0x19, 0x17,
0x4F, 0xD2, 0xFF, 0x5E, 0x00, 0xF8, 0x80, 0x41, 0xDE, 0xFF, 0xFF, 0xFF, 0xFF, 0xDC, 0x4B, 0x00,
0x00, 0x50, 0x1B, 0x00, 0x05, 0x32, 0x66, 0x68, 0x3A, 0x06, 0x00, 0x00, 0x00, 0x71, 0xF2, 0xFF,
0xFF, 0xFF, 0xFF, 0xFF, 0xFF, 0xFF, 0xFF, 0xF2, 0x6F, 0xF2, 0xFF, 0xFF, 0xFF, 0xFF, 0xFF, 0xFF,
0xFF, 0xFF, 0xFF, 0xFF, 0xF2, 0xFF, 0xFF, 0x99, 0x99, 0xFF, 0xAC, 0x6F, 0x6F, 0x6F, 0xAC, 0xFF,
0xFF, 0xFF, 0xFF, 0x98, 0x99, 0xFF, 0xAB, 0x6F, 0x6F, 0x6F, 0xAC, 0xFF, 0xFF, 0xFF, 0xFF, 0xFF,
0xFF, 0xFF, 0xFF, 0xFF, 0xFF, 0xFF, 0xFF, 0xFF, 0xFF, 0xFF, 0xFF, 0x99, 0x99, 0xFF, 0xAC, 0x6F,
0x6F, 0x6F, 0xAC, 0xFF, 0xFF, 0xFF, 0xFF, 0x98, 0x99, 0xFF, 0xAB, 0x6F, 0x6F, 0x6F, 0xAC, 0xFF,
0xFF, 0xF2, 0xFF, 0xFF, 0xFF, 0xFF, 0xFF, 0xFF, 0xFF, 0xFF, 0xFF, 0xFF, 0xF2, 0x72, 0xF2, 0xFF,
0xFF, 0xFF, 0xFF, 0xFF, 0xFF, 0xFF, 0xFF, 0xF2, 0x71, 0x71, 0xF2, 0xFF, 0xFF, 0xFF, 0xFF, 0xFF,
0xFF, 0xFF, 0xFF, 0xF2, 0x6F, 0xF2, 0xFF, 0xFF, 0xFF, 0xFF, 0xFF, 0xFF, 0xFF, 0xFF, 0xFF, 0xFF,
0xF2, 0xFF, 0xFF, 0x99, 0x99, 0xFF, 0xAC, 0x6F, 0x6F, 0x6F, 0xAC, 0xFF, 0xFF, 0xFF, 0xFF, 0x98,
0x99, 0xFF, 0xAB, 0x6F, 0x6F, 0x6F, 0xAC, 0xFF, 0xFF, 0xFF, 0xFF, 0xFF, 0xFF, 0xFF, 0xFF, 0xFF,
0xFF, 0xFF, 0xFF, 0xFF, 0xFF, 0xFF, 0xFF, 0x99, 0x99, 0xFF, 0xAC, 0x6F, 0x6F, 0x6F, 0xAC, 0xFF,
0xFF, 0xFF, 0xFF, 0x98, 0x99, 0xFF, 0xAB, 0x6F, 0x6F, 0x6F, 0xAC, 0xFF, 0xFF, 0xF2, 0xFF, 0xFF,
0xFF, 0xFF, 0xFF, 0xFF, 0xFF, 0xFF, 0xFF, 0xFF, 0xF2, 0x72, 0xF2, 0xFF, 0xFF, 0xFF, 0xFF, 0xFF,
0xFF, 0xFF, 0xFF, 0xF2, 0x71, 0x00, 0x00, 0x00, 0x0D, 0x32, 0x0D, 0x00, 0x00, 0x00, 0x00, 0x00,
0x69, 0xF7, 0xFF, 0xF7, 0x67, 0x00, 0x00, 0x00, 0x2E, 0xFD, 0xBE, 0x5B, 0xBF, 0xFC, 0x2D, 0x00,
0x00, 0x71, 0xFF, 0x1D, 0x00, 0x1E, 0xFF, 0x71, 0x00, 0x00, 0x80, 0xFF, 0x00, 0x00, 0x00, 0xFF,
0x80, 0x00, 0x41, 0xD2, 0xFF, 0xC0, 0xC0, 0xC0, 0xFF, 0xD2, 0x40, 0xE2, 0xFF, 0xFF, 0xFF, 0xFF,
0xFF, 0xFF, 0xFF, 0xE1, 0xFF, 0xFF, 0xFF, 0xFF, 0xFF, 0xFF, 0xFF, 0xFF, 0xFF, 0xFF, 0xFF, 0xFF,
0xFF, 0xFF, 0xFF, 0xFF, 0xFF, 0xFF, 0xFF, 0xFF, 0xFF, 0xFF, 0xFF, 0xFF, 0xFF, 0xFF, 0xFF, 0xFF,
0xFF, 0xFF, 0xFF, 0xFF, 0xFF, 0xFF, 0xFF, 0xFF, 0xFF, 0xFF, 0xFF, 0xFF, 0xFF, 0xFF, 0xFF, 0xFF,
0xFF, 0xCB, 0xFF, 0xFF, 0xFF, 0xFF, 0xFF, 0xFF, 0xFF, 0xC9, 0x1A, 0x73, 0x80, 0x80, 0x80, 0x80,
0x80, 0x72, 0x19, 0x00, 0x00, 0x00, 0x0D, 0x32, 0x0D, 0x00, 0x00, 0x00, 0x00, 0x00, 0x69, 0xF7,
0xFF, 0xF7, 0x67, 0x00, 0x00, 0x00, 0x2E, 0xFD, 0xBE, 0x5B, 0xBF, 0xFC, 0x2D, 0x00, 0x00, 0x71,
0xFF, 0x1D, 0x00, 0x1E, 0xFF, 0x71, 0x00, 0x00, 0x80, 0xFF, 0x00, 0x00, 0x00, 0xFF, 0x80, 0x00,
0x41, 0xD2, 0xFF, 0xC0, 0xC0, 0xC0, 0xFF, 0xD2, 0x40, 0xE2, 0xFF, 0xFF, 0xFF, 0xFF, 0xFF, 0xFF,
0xFF, 0xE1, 0xFF, 0xFF, 0xFF, 0xFF, 0xFF, 0xFF, 0xFF, 0xFF, 0xFF, 0xFF, 0xFF, 0xFF, 0xFF, 0xFF,
0xFF, 0xFF, 0xFF, 0xFF, 0xFF, 0xFF, 0xFF, 0xFF, 0xFF, 0xFF, 0xFF, 0xFF, 0xFF, 0xFF, 0xFF, 0xFF,
0xFF, 0xFF, 0xFF, 0xFF, 0xFF, 0xFF, 0xFF, 0xFF, 0xFF, 0xFF, 0xFF, 0xFF, 0xFF, 0xFF, 0xFF, 0xCB,
0xFF, 0xFF, 0xFF, 0xFF, 0xFF, 0xFF, 0xFF, 0xC9, 0x1A, 0x73, 0x80, 0x80, 0x80, 0x80, 0x80, 0x72,
0x19, 0x56, 0x1C, 0x00, 0x00, 0x00, 0x00, 0x00, 0x00, 0x00, 0x00, 0x00, 0xFC, 0xA4, 0x88, 0xBE,
0xC9, 0x8E, 0x4D, 0x1E, 0x4D, 0x8D, 0x2D, 0xFF, 0xFF, 0xFF, 0xFF, 0xFF, 0xFF, 0xFF, 0xFF, 0xFF,
0xFF, 0x7F, 0xFF, 0xFF, 0xFF, 0xFF, 0xFF, 0xFF, 0xFF, 0xFF, 0xFF, 0xFF, 0x7F, 0xFF, 0xFF, 0xFF,
0xFF, 0xFF, 0xFF, 0xFF, 0xFF, 0xFF, 0xFF, 0x7F, 0xFF, 0xFF, 0xFF, 0xFF, 0xFF, 0xFF, 0xFF, 0xFF,
0xFF, 0xFF, 0x7F, 0xFF, 0xFF, 0xFF, 0xFF, 0xFF, 0xFF, 0xFF, 0xFF, 0xFF, 0xFF, 0x7F, 0xFF, 0xFF,
0xFF, 0xFF, 0xFF, 0xFF, 0xFF, 0xFF, 0xFF, 0xFF, 0x7E, 0xFF, 0xE8, 0x9A, 0x6A, 0x5E, 0x9C, 0xE2,
0xFF, 0xF9, 0xC0, 0x1C, 0xFF, 0x7F, 0x00, 0x00, 0x00, 0x00, 0x00, 0x18, 0x04, 0x00, 0x00, 0xFF,
0x7F, 0x00, 0x00, 0x00, 0x00, 0x00, 0x00, 0x00, 0x00, 0x00, 0xFC, 0x7C, 0x00, 0x00, 0x00, 0x00,
0x00, 0x00, 0x00, 0x00, 0x00, 0x56, 0x1C, 0x00, 0x00, 0x00, 0x00, 0x00, 0x00, 0x00, 0x00, 0x00,
0x56, 0x1C, 0x00, 0x00, 0x00, 0x00, 0x00, 0x00, 0x00, 0x00, 0x00, 0xFC, 0xA4, 0x88, 0xBE, 0xC9,
0x8E, 0x4D, 0x1E, 0x4D, 0x8D, 0x2D, 0xFF, 0xFF, 0xFF, 0xFF, 0xFF, 0xFF, 0xFF, 0xFF, 0xFF, 0xFF,
0x7F, 0xFF, 0xFF, 0xFF, 0xFF, 0xFF, 0xFF, 0xFF, 0xFF, 0xFF, 0xFF, 0x7F, 0xFF, 0xFF, 0xFF, 0xFF,
0xFF, 0xFF, 0xFF, 0xFF, 0xFF, 0xFF, 0x7F, 0xFF, 0xFF, 0xFF, 0xFF, 0xFF, 0xFF, 0xFF, 0xFF, 0xFF,
0xFF, 0x7F, 0xFF, 0xFF, 0xFF, 0xFF, 0xFF, 0xFF, 0xFF, 0xFF, 0xFF, 0xFF, 0x7F, 0xFF, 0xFF, 0xFF,
0xFF, 0xFF, 0xFF, 0xFF, 0xFF, 0xFF, 0xFF, 0x7E, 0xFF, 0xE8, 0x9A, 0x6A, 0x5E, 0x9C, 0xE2, 0xFF,
0xF9, 0xC0, 0x1C, 0xFF, 0x7F, 0x00, 0x00, 0x00, 0x00, 0x00, 0x18, 0x04, 0x00, 0x00, 0xFF, 0x7F,
0x00, 0x00, 0x00, 0x00, 0x00, 0x00, 0x00, 0x00, 0x00, 0xFC, 0x7C, 0x00, 0x00, 0x00, 0x00, 0x00,
0x00, 0x00, 0x00, 0x00, 0x56, 0x1C, 0x00, 0x00, 0x00, 0x00, 0x00, 0x00, 0x00, 0x00, 0x00, 0x00,
0x00, 0x00, 0x23, 0x58, 0x6F, 0x3E, 0x0A, 0x00, 0x00, 0x00, 0x00, 0x0E, 0x9C, 0xFF, 0xFF, 0xFF,
0xFF, 0xE2, 0x46, 0x00, 0x00, 0x02, 0xC4, 0xFA, 0x81, 0x27, 0x10, 0x47, 0xD0, 0xFF, 0x46, 0x00,
0x6E, 0xFF, 0x56, 0x00, 0x00, 0x00, 0x00, 0x06, 0xD0, 0xE2, 0x0A, 0xC0, 0xC5, 0x00, 0x00, 0x00,
0x00, 0x00, 0x00, 0x47, 0xFF, 0x3E, 0xF1, 0x8E, 0x00, 0x00, 0x00, 0x00, 0x00, 0x00, 0x0F, 0xFF,
0x71, 0xFF, 0xB3, 0x76, 0x1C, 0x00, 0x00, 0x00, 0x54, 0x72, 0xFF, 0x7F, 0xFF, 0xFF, 0xFF, 0xAB,
0x00, 0x00, 0x2A, 0xFF, 0xFF, 0xFF, 0x7F, 0xFF, 0xFF, 0xFF, 0xBF, 0x00, 0x00, 0x3F, 0xFF, 0xFF,
0xFF, 0x7F, 0xF9, 0xFF, 0xFF, 0xBF, 0x00, 0x00, 0x3F, 0xFF, 0xFF, 0xFF, 0x79, 0xB5, 0xFF, 0xFF,
0xB8, 0x00, 0x00, 0x38, 0xFF, 0xFF, 0xFE, 0x36, 0x13, 0x91, 0xB7, 0x41, 0x00, 0x00, 0x02, 0x96,
0xB1, 0x50, 0x00, 0x00, 0x00, 0x00, 0x23, 0x58, 0x6F, 0x3E, 0x0A, 0x00, 0x00, 0x00, 0x00, 0x0E,
0x9C, 0xFF, 0xFF, 0xFF, 0xFF, 0xE2, 0x46, 0x00, 0x00, 0x02, 0xC4, 0xFA, 0x81, 0x27, 0x10, 0x47,
0xD0, 0xFF, 0x46, 0x00, 0x6E, 0xFF, 0x56, 0x00, 0x00, 0x00, 0x00, 0x06, 0xD0, 0xE2, 0x0A, 0xC0,
0xC5, 0x00, 0x00, 0x00, 0x00, 0x00, 0x00, 0x47, 0xFF, 0x3E, 0xF1, 0x8E, 0x00, 0x00, 0x00, 0x00,
0x00, 0x00, 0x0F, 0xFF, 0x71, 0xFF, 0xB3, 0x76, 0x1C, 0x00, 0x00, 0x00, 0x54, 0x72, 0xFF, 0x7F,
0xFF, 0xFF, 0xFF, 0xAB, 0x00, 0x00, 0x2A, 0xFF, 0xFF, 0xFF, 0x7F, 0xFF, 0xFF, 0xFF, 0xBF, 0x00,
0x00, 0x3F, 0xFF, 0xFF, 0xFF, 0x7F, 0xF9, 0xFF, 0xFF, 0xBF, 0x00, 0x00, 0x3F, 0xFF, 0xFF, 0xFF,
0x79, 0xB5, 0xFF, 0xFF, 0xB8, 0x00, 0x00, 0x38, 0xFF, 0xFF, 0xFE, 0x36, 0x13, 0x91, 0xB7, 0x41,
0x00, 0x00, 0x02, 0x96, 0xB1, 0x50, 0x00, 0x00, 0x00, 0x00, 0x00, 0x04, 0x89, 0x5C, 0x00, 0x00,
0x00, 0x0C, 0xB8, 0xFF, 0xBF, 0x00, 0x00, 0x18, 0xCE, 0xFF, 0xFF, 0xC0, 0x68, 0xBF, 0xE7, 0xFF,
0xFF, 0xFF, 0xC0, 0xF8, 0xFF, 0xFF, 0xFF, 0xFF, 0xFF, 0xC0, 0xFF, 0xFF, 0xFF, 0xFF, 0xFF, 0xFF,
0xC0, 0xF8, 0xFF, 0xFF, 0xFF, 0xFF, 0xFF, 0xC0, 0x6A, 0xBF, 0xE7, 0xFF, 0xFF, 0xFF, 0xC0, 0x00,
0x00, 0x19, 0xCF, 0xFF, 0xFF, 0xC0, 0x00, 0x00, 0x00, 0x0D, 0xBB, 0xFF, 0xBF, 0x00, 0x00, 0x00,
0x00, 0x05, 0x8C, 0x5D, 0x00, 0x00, 0x00, 0x00, 0x04, 0x89, 0x5C, 0x00, 0x00, 0x00, 0x0C, 0xB8,
0xFF, 0xBF, 0x00, 0x00, 0x18, 0xCE, 0xFF, 0xFF, 0xC0, 0x68, 0xBF, 0xE7, 0xFF, 0xFF, 0xFF, 0xC0,
0xF8, 0xFF, 0xFF, 0xFF, 0xFF, 0xFF, 0xC0, 0xFF, 0xFF, 0xFF, 0xFF, 0xFF, 0xFF, 0xC0, 0xF8, 0xFF,
0xFF, 0xFF, 0xFF, 0xFF, 0xC0, 0x6A, 0xBF, 0xE7, 0xFF, 0xFF, 0xFF, 0xC0, 0x00, 0x00, 0x19, 0xCF,
0xFF, 0xFF, 0xC0, 0x00, 0x00, 0x00, 0x0D, 0xBB, 0xFF, 0xBF, 0x00, 0x00, 0x00, 0x00, 0x05, 0x8C,
0x5D, 0x00, 0x00, 0x00, 0x00, 0x04, 0x89, 0x5C, 0x00, 0x00, 0x00, 0x00, 0x00, 0x00, 0x0C, 0xB8,
0xFF, 0xBF, 0x00, 0x00, 0x00, 0x00, 0x00, 0x18, 0xCE, 0xFF, 0xFF, 0xBF, 0x00, 0x00, 0x00, 0x68,
0xBF, 0xE6, 0xFF, 0xFF, 0xFF, 0xBF, 0x00, 0x3D, 0x01, 0xF8, 0xFF, 0xFF, 0xFF, 0xFF, 0xFF, 0xBF,
0x00, 0xD8, 0x70, 0xFF, 0xFF, 0xFF, 0xFF, 0xFF, 0xFF, 0xBF, 0x00, 0x7F, 0xB0, 0xF8, 0xFF, 0xFF,
0xFF, 0xFF, 0xFF, 0xBF, 0x00, 0xD7, 0x72, 0x6A, 0xBF, 0xE7, 0xFF, 0xFF, 0xFF, 0xBF, 0x00, 0x42,
0x02, 0x00, 0x00, 0x19, 0xCF, 0xFF, 0xFF, 0xBF, 0x00, 0x00, 0x00, 0x00, 0x00, 0x00, 0x0D, 0xBB,
0xFF, 0xBF, 0x00, 0x00, 0x00, 0x00, 0x00, 0x00, 0x00, 0x05, 0x8C, 0x5D, 0x00, 0x00, 0x00, 0x00,
0x00, 0x00, 0x00, 0x04, 0x89, 0x5C, 0x00, 0x00, 0x00, 0x00, 0x00, 0x00, 0x0C, 0xB8, 0xFF, 0xBF,
0x00, 0x00, 0x00, 0x00, 0x00, 0x18, 0xCE, 0xFF, 0xFF, 0xBF, 0x00, 0x00, 0x00, 0x68, 0xBF, 0xE6,
0xFF, 0xFF, 0xFF, 0xBF, 0x00, 0x3D, 0x01, 0xF8, 0xFF, 0xFF, 0xFF, 0xFF, 0xFF, 0xBF, 0x00, 0xD8,
0x70, 0xFF, 0xFF, 0xFF, 0xFF, 0xFF, 0xFF, 0xBF, 0x00, 0x7F, 0xB0, 0xF8, 0xFF, 0xFF, 0xFF, 0xFF,
0xFF, 0xBF, 0x00, 0xD7, 0x72, 0x6A, 0xBF, 0xE7, 0xFF, 0xFF, 0xFF, 0xBF, 0x00, 0x42, 0x02, 0x00,
0x00, 0x19, 0xCF, 0xFF, 0xFF, 0xBF, 0x00, 0x00, 0x00, 0x00, 0x00, 0x00, 0x0D, 0xBB, 0xFF, 0xBF,
0x00, 0x00, 0x00, 0x00, 0x00, 0x00, 0x00, 0x05, 0x8C, 0x5D, 0x00, 0x00, 0x00, 0x00, 0x00, 0x00,
0x00, 0x00, 0x17, 0xA1, 0x31, 0x00, 0x00, 0x00, 0x40, 0xA3, 0x06, 0x00, 0x00, 0x00, 0x00, 0x00,
0x27, 0xDE, 0xFF, 0x7F, 0x00, 0x00, 0x07, 0x10, 0xDC, 0xA3, 0x00, 0x00, 0x00, 0x00, 0x3A, 0xEC,
0xFF, 0xFF, 0x7F, 0x00, 0x00, 0xB7, 0x76, 0x2D, 0xF4, 0x42, 0x02, 0x94, 0xBF, 0xF6, 0xFF, 0xFF,
0xFF, 0x7F, 0x07, 0x38, 0x2D, 0xF2, 0x36, 0x87, 0xA8, 0x38, 0xFF, 0xFF, 0xFF, 0xFF, 0xFF, 0xFF,
0x7F, 0x1D, 0xF8, 0x34, 0x9C, 0x83, 0x3F, 0xE1, 0x3F, 0xFF, 0xFF, 0xFF, 0xFF, 0xFF, 0xFF, 0x7F,
0x00, 0xBF, 0x70, 0x6F, 0xB0, 0x27, 0xF8, 0x38, 0xFF, 0xFF, 0xFF, 0xFF, 0xFF, 0xFF, 0x7F, 0x1B,
0xF8, 0x35, 0x9B, 0x83, 0x3F, 0xE2, 0x02, 0x96, 0xBF, 0xF7, 0xFF, 0xFF, 0xFF, 0x7F, 0x07, 0x3D,
0x2C, 0xF2, 0x37, 0x87, 0xA9, 0x00, 0x00, 0x00, 0x3B, 0xED, 0xFF, 0xFF, 0x7F, 0x00, 0x00, 0xB8,
0x79, 0x2C, 0xF3, 0x44, 0x00, 0x00, 0x00, 0x00, 0x28, 0xE0, 0xFF, 0x7F, 0x00, 0x00, 0x09, 0x10,
0xDC, 0xA7, 0x00, 0x00, 0x00, 0x00, 0x00, 0x00, 0x19, 0xA3, 0x32, 0x00, 0x00, 0x00, 0x40, 0xA9,
0x08, 0x00, 0x00, 0x00, 0x00, 0x00, 0x00, 0x17, 0xA1, 0x31, 0x00, 0x00, 0x00, 0x40, 0xA3, 0x06,
0x00, 0x00, 0x00, 0x00, 0x00, 0x27, 0xDE, 0xFF, 0x7F, 0x00, 0x00, 0x07, 0x10, 0xDC, 0xA3, 0x00,
0x00, 0x00, 0x00, 0x3A, 0xEC, 0xFF, 0xFF, 0x7F, 0x00, 0x00, 0xB7, 0x76, 0x2D, 0xF4, 0x42, 0x02,
0x94, 0xBF, 0xF6, 0xFF, 0xFF, 0xFF, 0x7F, 0x07, 0x38, 0x2D, 0xF2, 0x36, 0x87, 0xA8, 0x38, 0xFF,
0xFF, 0xFF, 0xFF, 0xFF, 0xFF, 0x7F, 0x1D, 0xF8, 0x34, 0x9C, 0x83, 0x3F, 0xE1, 0x3F, 0xFF, 0xFF,
0xFF, 0xFF, 0xFF, 0xFF, 0x7F, 0x00, 0xBF, 0x70, 0x6F, 0xB0, 0x27, 0xF8, 0x38, 0xFF, 0xFF, 0xFF,
0xFF, 0xFF, 0xFF, 0x7F, 0x1B, 0xF8, 0x35, 0x9B, 0x83, 0x3F, 0xE2, 0x02, 0x96, 0xBF, 0xF7, 0xFF,
0xFF, 0xFF, 0x7F, 0x07, 0x3D, 0x2C, 0xF2, 0x37, 0x87, 0xA9, 0x00, 0x00, 0x00, 0x3B, 0xED, 0xFF,
0xFF, 0x7F, 0x00, 0x00, 0xB8, 0x79, 0x2C, 0xF3, 0x44, 0x00, 0x00, 0x00, 0x00, 0x28, 0xE0, 0xFF,
0x7F, 0x00, 0x00, 0x09, 0x10, 0xDC, 0xA7, 0x00, 0x00, 0x00, 0x00, 0x00, 0x00, 0x19, 0xA3, 0x32,
0x00, 0x00, 0x00, 0x40, 0xA9, 0x08, 0x00, 0x68, 0xBF, 0xC0, 0xAA, 0x1C, 0x00, 0x68, 0xBF, 0xC0,
0xAA, 0x1C, 0xF8, 0xE0, 0xC0, 0xFF, 0x78, 0x00, 0xF8, 0xE0, 0xC0, 0xFF, 0x78, 0xFF, 0x80, 0x00,
0xFF, 0x80, 0x00, 0xFF, 0x80, 0x00, 0xFF, 0x80, 0xF8, 0xE0, 0xC0, 0xFF, 0x78, 0x00, 0xF8, 0xE0,
0xC0, 0xFF, 0x78, 0x6A, 0xBF, 0xC0, 0xAC, 0x1D, 0x00, 0x6A, 0xBF, 0xC0, 0xAC, 0x1D, 0x00, 0x00,
0x00, 0x00, 0x00, 0x00, 0x00, 0x00, 0x00, 0x00, 0x00, 0x68, 0xBF, 0xC0, 0xAA, 0x1C, 0x00, 0x93,
0x39, 0x00, 0x93, 0x39, 0xF8, 0xE0, 0xC0, 0xFF, 0x78, 0x00, 0x93, 0x3F, 0x1F, 0x93, 0x39, 0xFF,
0x80, 0x00, 0xFF, 0x80, 0x00, 0x00, 0x66, 0xE5, 0x00, 0x00, 0xF8, 0xE0, 0xC0, 0xFF, 0x78, 0x00,
0x93, 0x40, 0x20, 0x93, 0x39, 0x6A, 0xBF, 0xC0, 0xAC, 0x1D, 0x00, 0x93, 0x39, 0x00, 0x93, 0x39,
0x68, 0xBF, 0xC0, 0xAA, 0x1C, 0x00, 0x68, 0xBF, 0xC0, 0xAA, 0x1C, 0xF8, 0xE0, 0xC0, 0xFF, 0x78,
0x00, 0xF8, 0xE0, 0xC0, 0xFF, 0x78, 0xFF, 0x80, 0x00, 0xFF, 0x80, 0x00, 0xFF, 0x80, 0x00, 0xFF,
0x80, 0xF8, 0xE0, 0xC0, 0xFF, 0x78, 0x00, 0xF8, 0xE0, 0xC0, 0xFF, 0x78, 0x6A, 0xBF, 0xC0, 0xAC,
0x1D, 0x00, 0x6A, 0xBF, 0xC0, 0xAC, 0x1D, 0x00, 0x00, 0x00, 0x00, 0x00, 0x00, 0x00, 0x00, 0x00,
0x00, 0x00, 0x68, 0xBF, 0xC0, 0xAA, 0x1C, 0x00, 0x93, 0x39, 0x00, 0x93, 0x39, 0xF8, 0xE0, 0xC0,
0xFF, 0x78, 0x00, 0x93, 0x3F, 0x1F, 0x93, 0x39, 0xFF, 0x80, 0x00, 0xFF, 0x80, 0x00, 0x00, 0x66,
0xE5, 0x00, 0x00, 0xF8, 0xE0, 0xC0, 0xFF, 0x78, 0x00, 0x93, 0x40, 0x20, 0x93, 0x39, 0x6A, 0xBF,
0xC0, 0xAC, 0x1D, 0x00, 0x93, 0x39, 0x00, 0x93, 0x39, 0x92, 0x39, 0x75, 0x31, 0x39, 0x92, 0x00,
0x8A, 0x1C, 0x5F, 0x47, 0xFF, 0x7F, 0xBF, 0x5F, 0x7F, 0xFF, 0x00, 0xDF, 0x3F, 0x9F, 0x7F, 0xFF,
0x7F, 0xBF, 0x5F, 0x7F, 0xFF, 0x00, 0xDF, 0x3F, 0x9F, 0x7F, 0xFF, 0x7F, 0xBF, 0x5F, 0x7F, 0xFF,
0x00, 0xDF, 0x3F, 0x9F, 0x7F, 0xFF, 0x7F, 0xBF, 0x5F, 0x7F, 0xFF, 0x00, 0xDF, 0x3F, 0x9F, 0x7F,
0xFF, 0x7F, 0xBF, 0x5F, 0x7F, 0xFF, 0x00, 0xDF, 0x3F, 0x9F, 0x7F, 0xFF, 0x7F, 0xBF, 0x5F, 0x7F,
0xFF, 0x00, 0xDF, 0x3F, 0x9F, 0x7F, 0xFF, 0x7F, 0xBF, 0x5F, 0x7F, 0xFF, 0x00, 0xDF, 0x3F, 0x9F,
0x7F, 0xFF, 0x7F, 0xBF, 0x5F, 0x7F, 0xFF, 0x00, 0xDF, 0x3F, 0x9F, 0x7F, 0xFF, 0x7F, 0xBF, 0x5F,
0x7F, 0xFF, 0x00, 0xDF, 0x3F, 0x9F, 0x7F, 0x93, 0x39, 0x76, 0x31, 0x3A, 0x93, 0x00, 0x8B, 0x1D,
0x60, 0x48, 0x92, 0x39, 0x75, 0x31, 0x39, 0x92, 0x00, 0x8A, 0x1C, 0x5F, 0x47, 0xFF, 0x7F, 0xBF,
0x5F, 0x7F, 0xFF, 0x00, 0xDF, 0x3F, 0x9F, 0x7F, 0xFF, 0x7F, 0xBF, 0x5F, 0x7F, 0xFF, 0x00, 0xDF,
0x3F, 0x9F, 0x7F, 0xFF, 0x7F, 0xBF, 0x5F, 0x7F, 0xFF, 0x00, 0xDF, 0x3F, 0x9F, 0x7F, 0xFF, 0x7F,
0xBF, 0x5F, 0x7F, 0xFF, 0x00, 0xDF, 0x3F, 0x9F, 0x7F, 0xFF, 0x7F, 0xBF, 0x5F, 0x7F, 0xFF, 0x00,
0xDF, 0x3F, 0x9F, 0x7F, 0xFF, 0x7F, 0xBF, 0x5F, 0x7F, 0xFF, 0x00, 0xDF, 0x3F, 0x9F, 0x7F, 0xFF,
0x7F, 0xBF, 0x5F, 0x7F, 0xFF, 0x00, 0xDF, 0x3F, 0x9F, 0x7F, 0xFF, 0x7F, 0xBF, 0x5F, 0x7F, 0xFF,
0x00, 0xDF, 0x3F, 0x9F, 0x7F, 0xFF, 0x7F, 0xBF, 0x5F, 0x7F, 0xFF, 0x00, 0xDF, 0x3F, 0x9F, 0x7F,
0x93, 0x39, 0x76, 0x31, 0x3A, 0x93, 0x00, 0x8B, 0x1D, 0x60, 0x48, 0x00, 0x65, 0xBC, 0xBF, 0xBF,
0xBC, 0x6B, 0x01, 0x00, 0x00, 0x00, 0x00, 0x1F, 0xFE, 0xFF, 0xFF, 0xFF, 0xFF, 0xFF, 0x99, 0x01,
0x00, 0x00, 0x00, 0x3B, 0xFF, 0xD1, 0x3D, 0xF6, 0xFF, 0xFF, 0xFF, 0x99, 0x01, 0x00, 0x00, 0x3B,
0xFF, 0xE6, 0x7C, 0xFD, 0xFF, 0xFF, 0xFF, 0xFF, 0x99, 0x01, 0x00, 0x3B, 0xFF, 0xFF, 0xFF, 0xFF,
0xFF, 0xFF, 0xFF, 0xFF, 0xFF, 0x99, 0x01, 0x21, 0xFF, 0xFF, 0xFF, 0xFF, 0xFF, 0xFF, 0xFF, 0xFF,
0xFF, 0xFF, 0x6C, 0x00, 0x9C, 0xFF, 0xFF, 0xFF, 0xFF, 0xFF, 0xFF, 0xFF, 0xFF, 0xFF, 0xA0, 0x00,
0x02, 0xA2, 0xFF, 0xFF, 0xFF, 0xFF, 0xFF, 0xFF, 0xFF, 0xEE, 0x2A, 0x00, 0x00, 0x02, 0xA2, 0xFF,
0xFF, 0xFF, 0xFF, 0xFF, 0xEF, 0x33, 0x00, 0x00, 0x00, 0x00, 0x02, 0xA2, 0xFF, 0xFF, 0xFF, 0xF0,
0x34, 0x00, 0x00, 0x00, 0x00, 0x00, 0x00, 0x02, 0x9C, 0xFF, 0xEB, 0x36, 0x00, 0x00, 0x00, 0x00,
0x00, 0x00, 0x00, 0x00, 0x00, 0x22, 0x08, 0x00, 0x00, 0x00, 0x00, 0x00, 0x65, 0xBC, 0xBF, 0xBF,
0xBC, 0x6B, 0x01, 0x00, 0x00, 0x00, 0x00, 0x1F, 0xFE, 0xFF, 0xFF, 0xFF, 0xFF, 0xFF, 0x99, 0x01,
0x00, 0x00, 0x00, 0x3B, 0xFF, 0xD1, 0x3D, 0xF6, 0xFF, 0xFF, 0xFF, 0x99, 0x01, 0x00, 0x00, 0x3B,
0xFF, 0xE6, 0x7C, 0xFD, 0xFF, 0xFF, 0xFF, 0xFF, 0x99, 0x01, 0x00, 0x3B, 0xFF, 0xFF, 0xFF, 0xFF,
0xFF, 0xFF, 0xFF, 0xFF, 0xFF, 0x99, 0x01, 0x21, 0xFF, 0xFF, 0xFF, 0xFF, 0xFF, 0xFF, 0xFF, 0xFF,
0xFF, 0xFF, 0x6C, 0x00, 0x9C, 0xFF, 0xFF, 0xFF, 0xFF, 0xFF, 0xFF, 0xFF, 0xFF, 0xFF, 0xA0, 0x00,
0x02, 0xA2, 0xFF, 0xFF, 0xFF, 0xFF, 0xFF, 0xFF, 0xFF, 0xEE, 0x2A, 0x00, 0x00, 0x02, 0xA2, 0xFF,
0xFF, 0xFF, 0xFF, 0xFF, 0xEF, 0x33, 0x00, 0x00, 0x00, 0x00, 0x02, 0xA2, 0xFF, 0xFF, 0xFF, 0xF0,
0x34, 0x00, 0x00, 0x00, 0x00, 0x00, 0x00, 0x02, 0x9C, 0xFF, 0xEB, 0x36, 0x00, 0x00, 0x00, 0x00,
0x00, 0x00, 0x00, 0x00, 0x00, 0x22, 0x08, 0x00, 0x00, 0x00, 0x00, 0x00, 0x67, 0xBC, 0xC0, 0xC0,
0xAB, 0x36, 0x00, 0x51, 0x6C, 0x00, 0x00, 0x00, 0x00, 0x23, 0xFE, 0xFF, 0xFF, 0xFF, 0xFF, 0xF6,
0x44, 0x2E, 0xEE, 0x73, 0x00, 0x00, 0x00, 0x40, 0xFF, 0xCF, 0x3E, 0xF8, 0xFF, 0xFF, 0xF6, 0x44,
0x34, 0xEF, 0x70, 0x00, 0x00, 0x40, 0xFF, 0xE5, 0x7D, 0xFE, 0xFF, 0xFF, 0xFF, 0xF6, 0x44, 0x37,
0xF0, 0x6D, 0x00, 0x3F, 0xFF, 0xFF, 0xFF, 0xFF, 0xFF, 0xFF, 0xFF, 0xFF, 0xF0, 0x0C, 0x39, 0xF2,
0x1A, 0x0C, 0xF2, 0xFF, 0xFF, 0xFF, 0xFF, 0xFF, 0xFF, 0xFF, 0xFC, 0x1B, 0x14, 0xE9, 0x31, 0x00,
0x4B, 0xF9, 0xFF, 0xFF, 0xFF, 0xFF, 0xFF, 0xFF, 0x7D, 0x13, 0xD1, 0xA8, 0x00, 0x00, 0x00, 0x4B,
0xF9, 0xFF, 0xFF, 0xFF, 0xFF, 0x7F, 0x12, 0xCF, 0xAE, 0x04, 0x00, 0x00, 0x00, 0x00, 0x4B, 0xF9,
0xFF, 0xFF, 0x7F, 0x10, 0xCD, 0xB1, 0x05, 0x00, 0x00, 0x00, 0x00, 0x00, 0x00, 0x3C, 0xA7, 0x5D,
0x00, 0xA0, 0xB3, 0x06, 0x00, 0x00, 0x00, 0x00, 0x00, 0x00, 0x00, 0x00, 0x00, 0x00, 0x00, 0x12,
0x03, 0x00, 0x00, 0x00, 0x00, 0x00, 0x67, 0xBC, 0xC0, 0xC0, 0xAB, 0x36, 0x00, 0x51, 0x6C, 0x00,
0x00, 0x00, 0x00, 0x23, 0xFE, 0xFF, 0xFF, 0xFF, 0xFF, 0xF6, 0x44, 0x2E, 0xEE, 0x73, 0x00, 0x00,
0x00, 0x40, 0xFF, 0xCF, 0x3E, 0xF8, 0xFF, 0xFF, 0xF6, 0x44, 0x34, 0xEF, 0x70, 0x00, 0x00, 0x40,
0xFF, 0xE5, 0x7D, 0xFE, 0xFF, 0xFF, 0xFF, 0xF6, 0x44, 0x37, 0xF0, 0x6D, 0x00, 0x3F, 0xFF, 0xFF,
0xFF, 0xFF, 0xFF, 0xFF, 0xFF, 0xFF, 0xF0, 0x0C, 0x39, 0xF2, 0x1A, 0x0C, 0xF2, 0xFF, 0xFF, 0xFF,
0xFF, 0xFF, 0xFF, 0xFF, 0xFC, 0x1B, 0x14, 0xE9, 0x31, 0x00, 0x4B, 0xF9, 0xFF, 0xFF, 0xFF, 0xFF,
0xFF, 0xFF, 0x7D, 0x13, 0xD1, 0xA8, 0x00, 0x00, 0x00, 0x4B, 0xF9, 0xFF, 0xFF, 0xFF, 0xFF, 0x7F,
0x12, 0xCF, 0xAE, 0x04, 0x00, 0x00, 0x00, 0x00, 0x4B, 0xF9, 0xFF, 0xFF, 0x7F, 0x10, 0xCD, 0xB1,
0x05, 0x00, 0x00, 0x00, 0x00, 0x00, 0x00, 0x3C, 0xA7, 0x5D, 0x00, 0xA0, 0xB3, 0x06, 0x00, 0x00,
0x00, 0x00, 0x00, 0x00, 0x00, 0x00, 0x00, 0x00, 0x00, 0x12, 0x03, 0x00, 0x00, 0x00, 0x00, 0x00,
0x50, 0x7E, 0x80, 0x80, 0x80, 0x80, 0x80, 0x80, 0x6A, 0x0A, 0x8E, 0xFF, 0xFF, 0xFF, 0xFF, 0xFF,
0xFF, 0xFF, 0xFF, 0xFF, 0x6B, 0xF1, 0xFF, 0xFF, 0xFF, 0xFF, 0xFF, 0xFF, 0xFF, 0xFF, 0xFF, 0x80,
0xFF, 0xFF, 0xFF, 0x97, 0x80, 0x80, 0x80, 0x85, 0xF3, 0xFF, 0x80, 0xFF, 0xFF, 0xFF, 0x77, 0x60,
0x60, 0x60, 0x65, 0xEB, 0xFF, 0x80, 0xFF, 0xFF, 0xFF, 0xD2, 0xC0, 0xC0, 0xC0, 0xC5, 0xFD, 0xFF,
0x80, 0xFF, 0xFF, 0xFF, 0x3C, 0x20, 0x20, 0x20, 0x25, 0xE0, 0xFF, 0x80, 0xFF, 0xFF, 0xFF, 0xFF,
0xFF, 0xFF, 0xFF, 0xFF, 0xFF, 0xFF, 0x80, 0xFF, 0xFF, 0xFF, 0xFF, 0xFF, 0xFF, 0xFF, 0xFF, 0xFF,
0xFF, 0x70, 0xFF, 0xE3, 0x83, 0x80, 0x80, 0x80, 0x80, 0x80, 0xE0, 0xD6, 0x0B, 0xF1, 0xA9, 0x03,
0x00, 0x00, 0x00, 0x00, 0x00, 0xC0, 0xC0, 0x00, 0x8F, 0xFF, 0xFF, 0xFF, 0xFF, 0xFF, 0xFF, 0xFF,
0xFF, 0xFC, 0x55, 0x01, 0x51, 0x7E, 0x80, 0x80, 0x80, 0x80, 0x80, 0x80, 0x7C, 0x1C, 0x00, 0x50,
0x7E, 0x80, 0x80, 0x80, 0x80, 0x80, 0x80, 0x6A, 0x0A, 0x8E, 0xFF, 0xFF, 0xFF, 0xFF, 0xFF, 0xFF,
0xFF, 0xFF, 0xFF, 0x6B, 0xF1, 0xFF, 0xFF, 0xFF, 0xFF, 0xFF, 0xFF, 0xFF, 0xFF, 0xFF, 0x80, 0xFF,
0xFF, 0xFF, 0x97, 0x80, 0x80, 0x80, 0x85, 0xF3, 0xFF, 0x80, 0xFF, 0xFF, 0xFF, 0x77, 0x60, 0x60,
0x60, 0x65, 0xEB, 0xFF, 0x80, 0xFF, 0xFF, 0xFF, 0xD2, 0xC0, 0xC0, 0xC0, 0xC5, 0xFD, 0xFF, 0x80,
0xFF, 0xFF, 0xFF, 0x3C, 0x20, 0x20, 0x20, 0x25, 0xE0, 0xFF, 0x80, 0xFF, 0xFF, 0xFF, 0xFF, 0xFF,
0xFF, 0xFF, 0xFF, 0xFF, 0xFF, 0x80, 0xFF, 0xFF, 0xFF, 0xFF, 0xFF, 0xFF, 0xFF, 0xFF, 0xFF, 0xFF,
0x70, 0xFF, 0xE3, 0x83, 0x80, 0x80, 0x80, 0x80, 0x80, 0xE0, 0xD6, 0x0B, 0xF1, 0xA9, 0x03, 0x00,
0x00, 0x00, 0x00, 0x00, 0xC0, 0xC0, 0x00, 0x8F, 0xFF, 0xFF, 0xFF, 0xFF, 0xFF, 0xFF, 0xFF, 0xFF,
0xFC, 0x55, 0x01, 0x51, 0x7E, 0x80, 0x80, 0x80, 0x80, 0x80, 0x80, 0x7C, 0x1C, 0x18, 0x72, 0x7F,
0x7F, 0x7F, 0x7F, 0x7F, 0x72, 0x18, 0xCA, 0xFF, 0xFF, 0xFF, 0xFF, 0xFF, 0xFF, 0xFF, 0xC9, 0xFF,
0xFF, 0xFF, 0xFF, 0xFF, 0xFF, 0xFF, 0xFF, 0xFF, 0xFF, 0xFF, 0xFF, 0xFF, 0xFF, 0xFF, 0xFF, 0xFF,
0xFF, 0xFF, 0xFF, 0xFF, 0xFF, 0xFF, 0xFF, 0xFF, 0xFF, 0xFF, 0xFF, 0xFF, 0xFF, 0xFF, 0xFF, 0xFF,
0xFF, 0xFF, 0xFF, 0xFF, 0xFF, 0xFF, 0xFF, 0xFF, 0xFF, 0xFF, 0xFF, 0xFF, 0xFF, 0xFF, 0xFF, 0xFF,
0xFF, 0xFF, 0xFF, 0xFF, 0xFF, 0xFF, 0xFF, 0xFF, 0xFF, 0xFF, 0xFF, 0xFF, 0xFF, 0xFF, 0xFF, 0xFF,
0xFF, 0xFF, 0xFF, 0xFF, 0xFF, 0xFF, 0xFF, 0xFF, 0xFF, 0xFF, 0xE9, 0x86, 0xE9, 0xFF, 0xFF, 0xFF,
0xFB, 0xFC, 0x92, 0x0F, 0x00, 0x0F, 0x92, 0xFC, 0xFB, 0x4C, 0x2D, 0x00, 0x00, 0x00, 0x00, 0x00,
0x2D, 0x4C, 0x18, 0x72, 0x7F, 0x7F, 0x7F, 0x7F, 0x7F, 0x72, 0x18, 0xCA, 0xFF, 0xFF, 0xFF, 0xFF,
0xFF, 0xFF, 0xFF, 0xC9, 0xFF, 0xFF, 0xFF, 0xFF, 0xFF, 0xFF, 0xFF, 0xFF, 0xFF, 0xFF, 0xFF, 0xFF,
0xFF, 0xFF, 0xFF, 0xFF, 0xFF, 0xFF, 0xFF, 0xFF, 0xFF, 0xFF, 0xFF, 0xFF, 0xFF, 0xFF, 0xFF, 0xFF,
0xFF, 0xFF, 0xFF, 0xFF, 0xFF, 0xFF, 0xFF, 0xFF, 0xFF, 0xFF, 0xFF, 0xFF, 0xFF, 0xFF, 0xFF, 0xFF,
0xFF, 0xFF, 0xFF, 0xFF, 0xFF, 0xFF, 0xFF, 0xFF, 0xFF, 0xFF, 0xFF, 0xFF, 0xFF, 0xFF, 0xFF, 0xFF,
0xFF, 0xFF, 0xFF, 0xFF, 0xFF, 0xFF, 0xFF, 0xFF, 0xFF, 0xFF, 0xFF, 0xFF, 0xFF, 0xFF, 0xFF, 0xE9,
0x86, 0xE9, 0xFF, 0xFF, 0xFF, 0xFB, 0xFC, 0x92, 0x0F, 0x00, 0x0F, 0x92, 0xFC, 0xFB, 0x4C, 0x2D,
0x00, 0x00, 0x00, 0x00, 0x00, 0x2D, 0x4C, 0x00, 0x01, 0x49, 0x80, 0x80, 0x80, 0x80, 0x80, 0x49,
0x01, 0x00, 0x00, 0x00, 0x4B, 0xFF, 0xFF, 0xFF, 0xFF, 0xFF, 0xFF, 0xFF, 0x99, 0x01, 0x00, 0x00,
0x80, 0xFF, 0xFF, 0xFF, 0xFF, 0xFF, 0xFF, 0xFF, 0xFF, 0x48, 0x00, 0x00, 0x70, 0xE0, 0xE0, 0xE0,
0xE0, 0xE0, 0xE0, 0xE0, 0xE0, 0x6F, 0x00, 0x00, 0x00, 0x00, 0x00, 0x00, 0x00, 0x00, 0x00, 0x00,
0x00, 0x00, 0x00, 0x71, 0xF2, 0xFF, 0xFF, 0xFF, 0xFF, 0xFF, 0xFF, 0xFF, 0xFF, 0xF2, 0x6F, 0xF2,
0xFF, 0xFF, 0xFF, 0xFF, 0xFF, 0xFF, 0xFF, 0xFF, 0xCB, 0xA1, 0xF2, 0xFF, 0xFF, 0xFF, 0xFF, 0xFF,
0xFF, 0xFF, 0xFF, 0xFF, 0xE4, 0xCB, 0xFF, 0xFC, 0xFF, 0xFF, 0xC0, 0xC0, 0xC0, 0xC0, 0xC0, 0xC0,
0xFF, 0xFF, 0xFC, 0x5A, 0xC0, 0xFF, 0x00, 0x00, 0x00, 0x00, 0x00, 0x00, 0xFF, 0xC0, 0x59, 0x00,
0x80, 0xFF, 0x00, 0x00, 0x00, 0x00, 0x00, 0x00, 0xFF, 0x80, 0x00, 0x00, 0x4C, 0xFF, 0xFF, 0xFF,
0xFF, 0xFF, 0xFF, 0xFF, 0xFF, 0x49, 0x00, 0x00, 0x01, 0x4C, 0x80, 0x80, 0x80, 0x80, 0x80, 0x80,
0x4B, 0x01, 0x00, 0x00, 0x01, 0x49, 0x80, 0x80, 0x80, 0x80, 0x80, 0x49, 0x01, 0x00, 0x00, 0x00,
0x4B, 0xFF, 0xFF, 0xFF, 0xFF, 0xFF, 0xFF, 0xFF, 0x99, 0x01, 0x00, 0x00, 0x80, 0xFF, 0xFF, 0xFF,
0xFF, 0xFF, 0xFF, 0xFF, 0xFF, 0x48, 0x00, 0x00, 0x70, 0xE0, 0xE0, 0xE0, 0xE0, 0xE0, 0xE0, 0xE0,
0xE0, 0x6F, 0x00, 0x00, 0x00, 0x00, 0x00, 0x00, 0x00, 0x00, 0x00, 0x00, 0x00, 0x00, 0x00, 0x71,
0xF2, 0xFF, 0xFF, 0xFF, 0xFF, 0xFF, 0xFF, 0xFF, 0xFF, 0xF2, 0x6F, 0xF2, 0xFF, 0xFF, 0xFF, 0xFF,
0xFF, 0xFF, 0xFF, 0xFF, 0xCB, 0xA1, 0xF2, 0xFF, 0xFF, 0xFF, 0xFF, 0xFF, 0xFF, 0xFF, 0xFF, 0xFF,
0xE4, 0xCB, 0xFF, 0xFC, 0xFF, 0xFF, 0xC0, 0xC0, 0xC0, 0xC0, 0xC0, 0xC0, 0xFF, 0xFF, 0xFC, 0x5A,
0xC0, 0xFF, 0x00, 0x00, 0x00, 0x00, 0x00, 0x00, 0xFF, 0xC0, 0x59, 0x00, 0x80, 0xFF, 0x00, 0x00,
0x00, 0x00, 0x00, 0x00, 0xFF, 0x80, 0x00, 0x00, 0x4C, 0xFF, 0xFF, 0xFF, 0xFF, 0xFF, 0xFF, 0xFF,
0xFF, 0x49, 0x00, 0x00, 0x01, 0x4C, 0x80, 0x80, 0x80, 0x80, 0x80, 0x80, 0x4B, 0x01, 0x00, 0x00,
0x00, 0x00, 0x28, 0xB2, 0xBF, 0xBF, 0xB2, 0x27, 0x00, 0x00, 0x00, 0x00, 0x32, 0x3F, 0xB8, 0xFF,
0xFF, 0xFF, 0xFF, 0xB5, 0x3F, 0x32, 0x00, 0xA6, 0xFF, 0xFF, 0xFF, 0xFF, 0xFF, 0xFF, 0xFF, 0xFF,
0xFF, 0xFF, 0xA4, 0xFC, 0xFF, 0xFF, 0xFF, 0xFF, 0xFF, 0xFF, 0xFF, 0xFF, 0xFF, 0xFF, 0xFC, 0xFF,
0xFF, 0xFF, 0xFF, 0xA4, 0x1B, 0x1B, 0xA6, 0xFF, 0xFF, 0xFF, 0xFF, 0xFF, 0xFF, 0xFF, 0xE8, 0x06,
0x00, 0x00, 0x06, 0xE9, 0xFF, 0xFF, 0xFF, 0xFF, 0xFF, 0xFF, 0xCF, 0x00, 0x00, 0x00, 0x00, 0xD0,
0xFF, 0xFF, 0xFF, 0xFF, 0xFF, 0xFF, 0xFC, 0x34, 0x00, 0x00, 0x35, 0xFC, 0xFF, 0xFF, 0xFF, 0xFF,
0xFF, 0xFF, 0xFF, 0xF4, 0x99, 0x9A, 0xF5, 0xFF, 0xFF, 0xFF, 0xFF, 0xE2, 0xFF, 0xFF, 0xFF, 0xFF,
0xFF, 0xFF, 0xFF, 0xFF, 0xFF, 0xFF, 0xE1, 0x43, 0xB2, 0xBF, 0xBF, 0xBF, 0xBF, 0xBF, 0xBF, 0xBF,
0xBF, 0xB2, 0x41, 0x00, 0x00, 0x00, 0x28, 0xB2, 0xBF, 0xBF, 0xB2, 0x27, 0x00, 0x00, 0x00, 0x00,
0x32, 0x3F, 0xB8, 0xFF, 0xFF, 0xFF, 0xFF, 0xB5, 0x3F, 0x32, 0x00, 0xA6, 0xFF, 0xFF, 0xFF, 0xFF,
0xFF, 0xFF, 0xFF, 0xFF, 0xFF, 0xFF, 0xA4, 0xFC, 0xFF, 0xFF, 0xFF, 0xFF, 0xFF, 0xFF, 0xFF, 0xFF,
0xFF, 0xFF, 0xFC, 0xFF, 0xFF, 0xFF, 0xFF, 0xA4, 0x1B, 0x1B, 0xA6, 0xFF, 0xFF, 0xFF, 0xFF, 0xFF,
0xFF, 0xFF, 0xE8, 0x06, 0x00, 0x00, 0x06, 0xE9, 0xFF, 0xFF, 0xFF, 0xFF, 0xFF, 0xFF, 0xCF, 0x00,
0x00, 0x00, 0x00, 0xD0, 0xFF, 0xFF, 0xFF, 0xFF, 0xFF, 0xFF, 0xFC, 0x34, 0x00, 0x00, 0x35, 0xFC,
0xFF, 0xFF, 0xFF, 0xFF, 0xFF, 0xFF, 0xFF, 0xF4, 0x99, 0x9A, 0xF5, 0xFF, 0xFF, 0xFF, 0xFF, 0xE2,
0xFF, 0xFF, 0xFF, 0xFF, 0xFF, 0xFF, 0xFF, 0xFF, 0xFF, 0xFF, 0xE1, 0x43, 0xB2, 0xBF, 0xBF, 0xBF,
0xBF, 0xBF, 0xBF, 0xBF, 0xBF, 0xB2, 0x41, 0x00, 0x00, 0x00, 0x00, 0x00, 0x60, 0x5F, 0x00, 0x00,
0x00, 0x00, 0x00, 0x00, 0x00, 0x00, 0x00, 0x15, 0xF7, 0xF5, 0x13, 0x00, 0x00, 0x00, 0x00, 0x00,
0x00, 0x00, 0x00, 0x82, 0xFD, 0xFD, 0x7E, 0x00, 0x00, 0x00, 0x00, 0x00, 0x00, 0x00, 0x0A, 0xEC,
0xAD, 0xAF, 0xEB, 0x09, 0x00, 0x00, 0x00, 0x00, 0x00, 0x00, 0x6C, 0xFF, 0x37, 0x3A, 0xFF, 0x6A,
0x00, 0x00, 0x00, 0x00, 0x00, 0x03, 0xDD, 0xC0, 0x00, 0x00, 0xC4, 0xDD, 0x03, 0x00, 0x00, 0x00,
0x00, 0x56, 0xFF, 0x9C, 0x5F, 0x5F, 0x9F, 0xFF, 0x56, 0x00, 0x00, 0x00, 0x00, 0xCB, 0xFF, 0xFF,
0xFF, 0xFF, 0xFF, 0xFF, 0xCC, 0x00, 0x00, 0x00, 0x40, 0xFF, 0x70, 0x1F, 0x1F, 0x1F, 0x1F, 0x71,
0xFF, 0x42, 0x00, 0x4F, 0xE1, 0xFF, 0x90, 0x00, 0x00, 0x00, 0x00, 0x91, 0xFF, 0xE2, 0x4E, 0x4F,
0xBF, 0xBF, 0x8A, 0x00, 0x00, 0x00, 0x00, 0x8B, 0xBF, 0xBF, 0x4F, 0x00, 0x00, 0x00, 0x00, 0x00,
0x60, 0x5F, 0x00, 0x00, 0x00, 0x00, 0x00, 0x00, 0x00, 0x00, 0x00, 0x15, 0xF7, 0xF5, 0x13, 0x00,
0x00, 0x00, 0x00, 0x00, 0x00, 0x00, 0x00, 0x82, 0xFD, 0xFD, 0x7E, 0x00, 0x00, 0x00, 0x00, 0x00,
0x00, 0x00, 0x0A, 0xEC, 0xAD, 0xAF, 0xEB, 0x09, 0x00, 0x00, 0x00, 0x00, 0x00, 0x00, 0x6C, 0xFF,
0x37, 0x3A, 0xFF, 0x6A, 0x00, 0x00, 0x00, 0x00, 0x00, 0x03, 0xDD, 0xC0, 0x00, 0x00, 0xC4, 0xDD,
0x03, 0x00, 0x00, 0x00, 0x00, 0x56, 0xFF, 0x9C, 0x5F, 0x5F, 0x9F, 0xFF, 0x56, 0x00, 0x00, 0x00,
0x00, 0xCB, 0xFF, 0xFF, 0xFF, 0xFF, 0xFF, 0xFF, 0xCC, 0x00, 0x00, 0x00, 0x40, 0xFF, 0x70, 0x1F,
0x1F, 0x1F, 0x1F, 0x71, 0xFF, 0x42, 0x00, 0x4F, 0xE1, 0xFF, 0x90, 0x00, 0x00, 0x00, 0x00, 0x91,
0xFF, 0xE2, 0x4E, 0x4F, 0xBF, 0xBF, 0x8A, 0x00, 0x00, 0x00, 0x00, 0x8B, 0xBF, 0xBF, 0x4F, 0x96,
0xBF, 0xBF, 0xBF, 0xBF, 0xB0, 0x69, 0x02, 0x00, 0x96, 0xDF, 0xFF, 0xBF, 0xBF, 0xDD, 0xFF, 0x9C,
0x00, 0x00, 0x7F, 0xFF, 0x00, 0x00, 0x01, 0x99, 0xFF, 0x18, 0x00, 0x7F, 0xFF, 0x00, 0x00, 0x00,
0x61, 0xFF, 0x31, 0x00, 0x7F, 0xFF, 0x3F, 0x3F, 0x5D, 0xDD, 0xE4, 0x07, 0x00, 0x7F, 0xFF, 0xFF,
0xFF, 0xFF, 0xFF, 0xD2, 0x0F, 0x00, 0x7F, 0xFF, 0x3F, 0x3F, 0x3F, 0x76, 0xF6, 0xA2, 0x00, 0x7F,
0xFF, 0x00, 0x00, 0x00, 0x00, 0xA2, 0xEA, 0x00, 0x7F, 0xFF, 0x00, 0x00, 0x00, 0x08, 0xD1, 0xD8,
0x96, 0xDF, 0xFF, 0xBF, 0xBF, 0xBF, 0xEC, 0xFF, 0x5E, 0x96, 0xBF, 0xBF, 0xBF, 0xBF, 0xBF, 0xA6,
0x49, 0x00, 0x96, 0xBF, 0xBF, 0xBF, 0xBF, 0xB0, 0x69, 0x02, 0x00, 0x96, 0xDF, 0xFF, 0xBF, 0xBF,
0xDD, 0xFF, 0x9C, 0x00, 0x00, 0x7F, 0xFF, 0x00, 0x00, 0x01, 0x99, 0xFF, 0x18, 0x00, 0x7F, 0xFF,
0x00, 0x00, 0x00, 0x61, 0xFF, 0x31, 0x00, 0x7F, 0xFF, 0x3F, 0x3F, 0x5D, 0xDD, 0xE4, 0x07, 0x00,
0x7F, 0xFF, 0xFF, 0xFF, 0xFF, 0xFF, 0xD2, 0x0F, 0x00, 0x7F, 0xFF, 0x3F, 0x3F, 0x3F, 0x76, 0xF6,
0xA2, 0x00, 0x7F, 0xFF, 0x00, 0x00, 0x00, 0x00, 0xA2, 0xEA, 0x00, 0x7F, 0xFF, 0x00, 0x00, 0x00,
0x08, 0xD1, 0xD8, 0x96, 0xDF, 0xFF, 0xBF, 0xBF, 0xBF, 0xEC, 0xFF, 0x5E, 0x96, 0xBF, 0xBF, 0xBF,
0xBF, 0xBF, 0xA6, 0x49, 0x00, 0x00, 0x00, 0x00, 0x96, 0xC0, 0xC0, 0xC0, 0xC0, 0x96, 0x00, 0x00,
0x00, 0x96, 0xC0, 0xF3, 0xF3, 0xC0, 0x96, 0x00, 0x00, 0x00, 0x00, 0x16, 0xF9, 0x8C, 0x00, 0x00,
0x00, 0x00, 0x00, 0x00, 0x7B, 0xFE, 0x23, 0x00, 0x00, 0x00, 0x00, 0x00, 0x03, 0xE2, 0xB8, 0x00,
0x00, 0x00, 0x00, 0x00, 0x00, 0x50, 0xFF, 0x4D, 0x00, 0x00, 0x00, 0x00, 0x00, 0x00, 0xBB, 0xE0,
0x02, 0x00, 0x00, 0x00, 0x00, 0x00, 0x26, 0xFE, 0x79, 0x00, 0x00, 0x00, 0x00, 0x00, 0x00, 0x90,
0xF9, 0x16, 0x00, 0x00, 0x00, 0x00, 0x96, 0xC0, 0xF4, 0xF3, 0xC0, 0x96, 0x00, 0x00, 0x00, 0x96,
0xC0, 0xC0, 0xC0, 0xC0, 0x96, 0x00, 0x00, 0x00, 0x00, 0x00, 0x00, 0x96, 0xC0, 0xC0, 0xC0, 0xC0,
0x96, 0x00, 0x00, 0x00, 0x96, 0xC0, 0xF3, 0xF3, 0xC0, 0x96, 0x00, 0x00, 0x00, 0x00, 0x16, 0xF9,
0x8C, 0x00, 0x00, 0x00, 0x00, 0x00, 0x00, 0x7B, 0xFE, 0x23, 0x00, 0x00, 0x00, 0x00, 0x00, 0x03,
0xE2, 0xB8, 0x00, 0x00, 0x00, 0x00, 0x00, 0x00, 0x50, 0xFF, 0x4D, 0x00, 0x00, 0x00, 0x00, 0x00,
0x00, 0xBB, 0xE0, 0x02, 0x00, 0x00, 0x00, 0x00, 0x00, 0x26, 0xFE, 0x79, 0x00, 0x00, 0x00, 0x00,
0x00, 0x00, 0x90, 0xF9, 0x16, 0x00, 0x00, 0x00, 0x00, 0x96, 0xC0, 0xF4, 0xF3, 0xC0, 0x96, 0x00,
0x00, 0x00, 0x96, 0xC0, 0xC0, 0xC0, 0xC0, 0x96, 0x00, 0x00, 0x00, 0x7F, 0xBF, 0xBF, 0xBF, 0xBF,
0xBF, 0xB5, 0x29, 0x00, 0x00, 0x51, 0x9B, 0x0C, 0x00, 0xFE, 0xDF, 0xBF, 0xFF, 0xDF, 0xBF, 0xFF,
0x7E, 0x00, 0x57, 0xFC, 0xFF, 0xC2, 0x0C, 0xF3, 0x72, 0x00, 0xFF, 0x7F, 0x00, 0xF3, 0x72, 0x00,
0xE9, 0xFB, 0xFF, 0xFC, 0x64, 0x20, 0x06, 0x00, 0xFF, 0x7F, 0x00, 0x20, 0x06, 0x00, 0x22, 0x87,
0xFF, 0x23, 0x07, 0x00, 0x00, 0x00, 0xFF, 0x7F, 0x00, 0x00, 0x00, 0x00, 0x00, 0x7F, 0xFF, 0x00,
0x00, 0x00, 0x00, 0x00, 0xFF, 0x7F, 0x00, 0x00, 0x00, 0x00, 0x00, 0x7F, 0xFF, 0x00, 0x00, 0x00,
0x00, 0x00, 0xFF, 0x7F, 0x00, 0x00, 0x00, 0x00, 0x00, 0x7F, 0xFF, 0x00, 0x00, 0x00, 0x00, 0x00,
0xFF, 0x7F, 0x00, 0x00, 0x00, 0x00, 0x1F, 0x86, 0xFF, 0x1F, 0x06, 0x00, 0x00, 0x00, 0xFF, 0x7F,
0x00, 0x00, 0x00, 0x00, 0xE9, 0xFB, 0xFF, 0xFB, 0x64, 0x00, 0x39, 0xBC, 0xFF, 0xDF, 0x95, 0x00,
0x00, 0x00, 0x5B, 0xFD, 0xFF, 0xC6, 0x0D, 0x00, 0x3A, 0xBC, 0xBF, 0xBF, 0x96, 0x00, 0x00, 0x00,
0x00, 0x54, 0x9E, 0x0D, 0x00, 0x7F, 0xBF, 0xBF, 0xBF, 0xBF, 0xBF, 0xB5, 0x29, 0x00, 0x00, 0x51,
0x9B, 0x0C, 0x00, 0xFE, 0xDF, 0xBF, 0xFF, 0xDF, 0xBF, 0xFF, 0x7E, 0x00, 0x57, 0xFC, 0xFF, 0xC2,
0x0C, 0xF3, 0x72, 0x00, 0xFF, 0x7F, 0x00, 0xF3, 0x72, 0x00, 0xE9, 0xFB, 0xFF, 0xFC, 0x64, 0x20,
0x06, 0x00, 0xFF, 0x7F, 0x00, 0x20, 0x06, 0x00, 0x22, 0x87, 0xFF, 0x23, 0x07, 0x00, 0x00, 0x00,
0xFF, 0x7F, 0x00, 0x00, 0x00, 0x00, 0x00, 0x7F, 0xFF, 0x00, 0x00, 0x00, 0x00, 0x00, 0xFF, 0x7F,
0x00, 0x00, 0x00, 0x00, 0x00, 0x7F, 0xFF, 0x00, 0x00, 0x00, 0x00, 0x00, 0xFF, 0x7F, 0x00, 0x00,
0x00, 0x00, 0x00, 0x7F, 0xFF, 0x00, 0x00, 0x00, 0x00, 0x00, 0xFF, 0x7F, 0x00, 0x00, 0x00, 0x00,
0x1F, 0x86, 0xFF, 0x1F, 0x06, 0x00, 0x00, 0x00, 0xFF, 0x7F, 0x00, 0x00, 0x00, 0x00, 0xE9, 0xFB,
0xFF, 0xFB, 0x64, 0x00, 0x39, 0xBC, 0xFF, 0xDF, 0x95, 0x00, 0x00, 0x00, 0x5B, 0xFD, 0xFF, 0xC6,
0x0D, 0x00, 0x3A, 0xBC, 0xBF, 0xBF, 0x96, 0x00, 0x00, 0x00, 0x00, 0x54, 0x9E, 0x0D, 0x00, 0x48,
0x7F, 0x7F, 0x7F, 0x7F, 0x7F, 0x7F, 0x7F, 0x7F, 0x75, 0x11, 0xF5, 0xFF, 0xFF, 0xFF, 0xFF, 0xFF,
0xFF, 0xFF, 0xFF, 0xFF, 0x75, 0xFC, 0x7C, 0x00, 0x00, 0x7F, 0xFF, 0x00, 0x00, 0x00, 0xFC, 0x7C,
0x56, 0x1C, 0x00, 0x00, 0x7F, 0xFF, 0x00, 0x00, 0x00, 0x56, 0x1C, 0x00, 0x00, 0x00, 0x00, 0x7F,
0xFF, 0x00, 0x00, 0x00, 0x00, 0x00, 0x00, 0x00, 0x00, 0x23, 0x9F, 0xFF, 0x3C, 0x06, 0x00, 0x00,
0x00, 0x00, 0x00, 0x00, 0xE6, 0xFF, 0xFF, 0xFF, 0x65, 0x00, 0x00, 0x00, 0x00, 0x00, 0x00, 0x23,
0x3F, 0x3F, 0x3C, 0x06, 0x00, 0x00, 0x00, 0x00, 0x06, 0x1E, 0x00, 0x00, 0x00, 0x00, 0x06, 0x1F,
0x00, 0x00, 0x0D, 0xC6, 0xE4, 0x00, 0x00, 0x00, 0x00, 0x69, 0xFB, 0x53, 0x00, 0xBE, 0xFF, 0xEB,
0xBF, 0xBF, 0xBF, 0xBF, 0xCD, 0xFF, 0xFB, 0x3E, 0xC0, 0xFF, 0xEB, 0xBF, 0xBF, 0xBF, 0xBF, 0xCC,
0xFF, 0xFC, 0x40, 0x0F, 0xC9, 0xE4, 0x00, 0x00, 0x00, 0x00, 0x69, 0xFC, 0x57, 0x00, 0x00, 0x08,
0x22, 0x00, 0x00, 0x00, 0x00, 0x08, 0x22, 0x00, 0x00, 0x48, 0x7F, 0x7F, 0x7F, 0x7F, 0x7F, 0x7F,
0x7F, 0x7F, 0x75, 0x11, 0xF5, 0xFF, 0xFF, 0xFF, 0xFF, 0xFF, 0xFF, 0xFF, 0xFF, 0xFF, 0x75, 0xFC,
0x7C, 0x00, 0x00, 0x7F, 0xFF, 0x00, 0x00, 0x00, 0xFC, 0x7C, 0x56, 0x1C, 0x00, 0x00, 0x7F, 0xFF,
0x00, 0x00, 0x00, 0x56, 0x1C, 0x00, 0x00, 0x00, 0x00, 0x7F, 0xFF, 0x00, 0x00, 0x00, 0x00, 0x00,
0x00, 0x00, 0x00, 0x23, 0x9F, 0xFF, 0x3C, 0x06, 0x00, 0x00, 0x00, 0x00, 0x00, 0x00, 0xE6, 0xFF,
0xFF, 0xFF, 0x65, 0x00, 0x00, 0x00, 0x00, 0x00, 0x00, 0x23, 0x3F, 0x3F, 0x3C, 0x06, 0x00, 0x00,
0x00, 0x00, 0x06, 0x1E, 0x00, 0x00, 0x00, 0x00, 0x06, 0x1F, 0x00, 0x00, 0x0D, 0xC6, 0xE4, 0x00,
0x00, 0x00, 0x00, 0x69, 0xFB, 0x53, 0x00, 0xBE, 0xFF, 0xEB, 0xBF, 0xBF, 0xBF, 0xBF, 0xCD, 0xFF,
0xFB, 0x3E, 0xC0, 0xFF, 0xEB, 0xBF, 0xBF, 0xBF, 0xBF, 0xCC, 0xFF, 0xFC, 0x40, 0x0F, 0xC9, 0xE4,
0x00, 0x00, 0x00, 0x00, 0x69, 0xFC, 0x57, 0x00, 0x00, 0x08, 0x22, 0x00, 0x00, 0x00, 0x00, 0x08,
0x22, 0x00, 0x00, 0x96, 0xC0, 0xC0, 0xC0, 0xC0, 0xC0, 0x66, 0x00, 0x00, 0x00, 0x00, 0x96, 0xC0,
0xC0, 0xC0, 0xC0, 0xC0, 0x66, 0x00, 0x00, 0x00, 0x00, 0x00, 0x00, 0x00, 0x00, 0x00, 0x00, 0x00,
0x00, 0x00, 0x00, 0x00, 0x96, 0xC0, 0xC0, 0xC0, 0xC0, 0xC0, 0xC0, 0xC0, 0xC0, 0xBC, 0x39, 0x96,
0xC0, 0xC0, 0xC0, 0xC0, 0xC0, 0xC0, 0xC0, 0xC0, 0xBC, 0x39, 0x00, 0x00, 0x00, 0x00, 0x00, 0x00,
0x00, 0x00, 0x00, 0x00, 0x00, 0x96, 0xC0, 0xC0, 0xC0, 0xC0, 0xC0, 0x66, 0x00, 0x00, 0x00, 0x00,
0x96, 0xC0, 0xC0, 0xC0, 0xC0, 0xC0, 0x66, 0x00, 0x00, 0x00, 0x00, 0x00, 0x00, 0x00, 0x00, 0x00,
0x00, 0x00, 0x00, 0x00, 0x00, 0x00, 0x96, 0xC0, 0xC0, 0xC0, 0xC0, 0xC0, 0xC0, 0xC0, 0xC0, 0xBC,
0x39, 0x96, 0xC0, 0xC0, 0xC0, 0xC0, 0xC0, 0xC0, 0xC0, 0xC0, 0xBC, 0x39, 0x96, 0xC0, 0xC0, 0xC0,
0xC0, 0xC0, 0x66, 0x00, 0x00, 0x00, 0x00, 0x96, 0xC0, 0xC0, 0xC0, 0xC0, 0xC0, 0x66, 0x00, 0x00,
0x00, 0x00, 0x00, 0x00, 0x00, 0x00, 0x00, 0x00, 0x00, 0x00, 0x00, 0x00, 0x00, 0x96, 0xC0, 0xC0,
0xC0, 0xC0, 0xC0, 0xC0, 0xC0, 0xC0, 0xBC, 0x39, 0x96, 0xC0, 0xC0, 0xC0, 0xC0, 0xC0, 0xC0, 0xC0,
0xC0, 0xBC, 0x39, 0x00, 0x00, 0x00, 0x00, 0x00, 0x00, 0x00, 0x00, 0x00, 0x00, 0x00, 0x96, 0xC0,
0xC0, 0xC0, 0xC0, 0xC0, 0x66, 0x00, 0x00, 0x00, 0x00, 0x96, 0xC0, 0xC0, 0xC0, 0xC0, 0xC0, 0x66,
0x00, 0x00, 0x00, 0x00, 0x00, 0x00, 0x00, 0x00, 0x00, 0x00, 0x00, 0x00, 0x00, 0x00, 0x00, 0x96,
0xC0, 0xC0, 0xC0, 0xC0, 0xC0, 0xC0, 0xC0, 0xC0, 0xBC, 0x39, 0x96, 0xC0, 0xC0, 0xC0, 0xC0, 0xC0,
0xC0, 0xC0, 0xC0, 0xBC, 0x39, 0x00, 0x00, 0x66, 0xBF, 0xBF, 0xBF, 0xBF, 0xB2, 0x13, 0x00, 0x00,
0x00, 0x00, 0x67, 0xBF, 0xBF, 0xBF, 0xBF, 0xB3, 0x13, 0x00, 0x00, 0x00, 0x00, 0x00, 0x00, 0x00,
0x00, 0x00, 0x00, 0x00, 0x00, 0x00, 0x96, 0xBF, 0xBF, 0xBF, 0xBF, 0xBF, 0xBF, 0xBF, 0xBF, 0xBC,
0x39, 0x96, 0xBF, 0xBF, 0xBF, 0xBF, 0xBF, 0xBF, 0xBF, 0xBF, 0xBC, 0x39, 0x00, 0x00, 0x00, 0x00,
0x00, 0x00, 0x00, 0x00, 0x00, 0x00, 0x00, 0x00, 0x00, 0x66, 0xBF, 0xBF, 0xBF, 0xBF, 0xB2, 0x13,
0x00, 0x00, 0x00, 0x00, 0x67, 0xBF, 0xBF, 0xBF, 0xBF, 0xB3, 0x13, 0x00, 0x00, 0x00, 0x00, 0x00,
0x00, 0x00, 0x00, 0x00, 0x00, 0x00, 0x00, 0x00, 0x96, 0xBF, 0xBF, 0xBF, 0xBF, 0xBF, 0xBF, 0xBF,
0xBF, 0xBC, 0x39, 0x96, 0xBF, 0xBF, 0xBF, 0xBF, 0xBF, 0xBF, 0xBF, 0xBF, 0xBC, 0x39, 0x00, 0x00,
0x66, 0xBF, 0xBF, 0xBF, 0xBF, 0xB2, 0x13, 0x00, 0x00, 0x00, 0x00, 0x67, 0xBF, 0xBF, 0xBF, 0xBF,
0xB3, 0x13, 0x00, 0x00, 0x00, 0x00, 0x00, 0x00, 0x00, 0x00, 0x00, 0x00, 0x00, 0x00, 0x00, 0x96,
0xBF, 0xBF, 0xBF, 0xBF, 0xBF, 0xBF, 0xBF, 0xBF, 0xBC, 0x39, 0x96, 0xBF, 0xBF, 0xBF, 0xBF, 0xBF,
0xBF, 0xBF, 0xBF, 0xBC, 0x39, 0x00, 0x00, 0x00, 0x00, 0x00, 0x00, 0x00, 0x00, 0x00, 0x00, 0x00,
0x00, 0x00, 0x66, 0xBF, 0xBF, 0xBF, 0xBF, 0xB2, 0x13, 0x00, 0x00, 0x00, 0x00, 0x67, 0xBF, 0xBF,
0xBF, 0xBF, 0xB3, 0x13, 0x00, 0x00, 0x00, 0x00, 0x00, 0x00, 0x00, 0x00, 0x00, 0x00, 0x00, 0x00,
0x00, 0x96, 0xBF, 0xBF, 0xBF, 0xBF, 0xBF, 0xBF, 0xBF, 0xBF, 0xBC, 0x39, 0x96, 0xBF, 0xBF, 0xBF,
0xBF, 0xBF, 0xBF, 0xBF, 0xBF, 0xBC, 0x39, 0x00, 0x00, 0x00, 0x13, 0xB2, 0xC0, 0xC0, 0xC0, 0xC0,
0xBC, 0x39, 0x00, 0x00, 0x00, 0x13, 0xB3, 0xC0, 0xC0, 0xC0, 0xC0, 0xBC, 0x39, 0x00, 0x00, 0x00,
0x00, 0x00, 0x00, 0x00, 0x00, 0x00, 0x00, 0x00, 0x96, 0xC0, 0xC0, 0xC0, 0xC0, 0xC0, 0xC0, 0xC0,
0xC0, 0xBC, 0x39, 0x96, 0xC0, 0xC0, 0xC0, 0xC0, 0xC0, 0xC0, 0xC0, 0xC0, 0xBC, 0x39, 0x00, 0x00,
0x00, 0x00, 0x00, 0x00, 0x00, 0x00, 0x00, 0x00, 0x00, 0x00, 0x00, 0x00, 0x13, 0xB2, 0xC0, 0xC0,
0xC0, 0xC0, 0xBC, 0x39, 0x00, 0x00, 0x00, 0x13, 0xB3, 0xC0, 0xC0, 0xC0, 0xC0, 0xBC, 0x39, 0x00,
0x00, 0x00, 0x00, 0x00, 0x00, 0x00, 0x00, 0x00, 0x00, 0x00, 0x96, 0xC0, 0xC0, 0xC0, 0xC0, 0xC0,
0xC0, 0xC0, 0xC0, 0xBC, 0x39, 0x96, 0xC0, 0xC0, 0xC0, 0xC0, 0xC0, 0xC0, 0xC0, 0xC0, 0xBC, 0x39,
0x00, 0x00, 0x00, 0x13, 0xB2, 0xC0, 0xC0, 0xC0, 0xC0, 0xBC, 0x39, 0x00, 0x00, 0x00, 0x13, 0xB3,
0xC0, 0xC0, 0xC0, 0xC0, 0xBC, 0x39, 0x00, 0x00, 0x00, 0x00, 0x00, 0x00, 0x00, 0x00, 0x00, 0x00,
0x00, 0x96, 0xC0, 0xC0, 0xC0, 0xC0, 0xC0, 0xC0, 0xC0, 0xC0, 0xBC, 0x39, 0x96, 0xC0, 0xC0, 0xC0,
0xC0, 0xC0, 0xC0, 0xC0, 0xC0, 0xBC, 0x39, 0x00, 0x00, 0x00, 0x00, 0x00, 0x00, 0x00, 0x00, 0x00,
0x00, 0x00, 0x00, 0x00, 0x00, 0x13, 0xB2, 0xC0, 0xC0, 0xC0, 0xC0, 0xBC, 0x39, 0x00, 0x00, 0x00,
0x13, 0xB3, 0xC0, 0xC0, 0xC0, 0xC0, 0xBC, 0x39, 0x00, 0x00, 0x00, 0x00, 0x00, 0x00, 0x00, 0x00,
0x00, 0x00, 0x00, 0x96, 0xC0, 0xC0, 0xC0, 0xC0, 0xC0, 0xC0, 0xC0, 0xC0, 0xBC, 0x39, 0x96, 0xC0,
0xC0, 0xC0, 0xC0, 0xC0, 0xC0, 0xC0, 0xC0, 0xBC, 0x39, 0x96, 0xBF, 0xBF, 0xBF, 0xBF, 0xBF, 0xBF,
0xBF, 0xBF, 0xBC, 0x39, 0x96, 0xBF, 0xBF, 0xBF, 0xBF, 0xBF, 0xBF, 0xBF, 0xBF, 0xBC, 0x39, 0x00,
0x00, 0x00, 0x00, 0x00, 0x00, 0x00, 0x00, 0x00, 0x00, 0x00, 0x96, 0xBF, 0xBF, 0xBF, 0xBF, 0xBF,
0xBF, 0xBF, 0xBF, 0xBC, 0x39, 0x96, 0xBF, 0xBF, 0xBF, 0xBF, 0xBF, 0xBF, 0xBF, 0xBF, 0xBC, 0x39,
0x00, 0x00, 0x00, 0x00, 0x00, 0x00, 0x00, 0x00, 0x00, 0x00, 0x00, 0x96, 0xBF, 0xBF, 0xBF, 0xBF,
0xBF, 0xBF, 0xBF, 0xBF, 0xBC, 0x39, 0x96, 0xBF, 0xBF, 0xBF, 0xBF, 0xBF, 0xBF, 0xBF, 0xBF, 0xBC,
0x39, 0x00, 0x00, 0x00, 0x00, 0x00, 0x00, 0x00, 0x00, 0x00, 0x00, 0x00, 0x96, 0xBF, 0xBF, 0xBF,
0xBF, 0xBF, 0xBF, 0xBF, 0xBF, 0xBC, 0x39, 0x96, 0xBF, 0xBF, 0xBF, 0xBF, 0xBF, 0xBF, 0xBF, 0xBF,
0xBC, 0x39, 0x96, 0xBF, 0xBF, 0xBF, 0xBF, 0xBF, 0xBF, 0xBF, 0xBF, 0xBC, 0x39, 0x96, 0xBF, 0xBF,
0xBF, 0xBF, 0xBF, 0xBF, 0xBF, 0xBF, 0xBC, 0x39, 0x00, 0x00, 0x00, 0x00, 0x00, 0x00, 0x00, 0x00,
0x00, 0x00, 0x00, 0x96, 0xBF, 0xBF, 0xBF, 0xBF, 0xBF, 0xBF, 0xBF, 0xBF, 0xBC, 0x39, 0x96, 0xBF,
0xBF, 0xBF, 0xBF, 0xBF, 0xBF, 0xBF, 0xBF, 0xBC, 0x39, 0x00, 0x00, 0x00, 0x00, 0x00, 0x00, 0x00,
0x00, 0x00, 0x00, 0x00, 0x96, 0xBF, 0xBF, 0xBF, 0xBF, 0xBF, 0xBF, 0xBF, 0xBF, 0xBC, 0x39, 0x96,
0xBF, 0xBF, 0xBF, 0xBF, 0xBF, 0xBF, 0xBF, 0xBF, 0xBC, 0x39, 0x00, 0x00, 0x00, 0x00, 0x00, 0x00,
0x00, 0x00, 0x00, 0x00, 0x00, 0x96, 0xBF, 0xBF, 0xBF, 0xBF, 0xBF, 0xBF, 0xBF, 0xBF, 0xBC, 0x39,
0x96, 0xBF, 0xBF, 0xBF, 0xBF, 0xBF, 0xBF, 0xBF, 0xBF, 0xBC, 0x39, 0x25, 0x5F, 0x25, 0x00, 0x00,
0x00, 0x00, 0x00, 0x00, 0x00, 0x00, 0x00, 0x9E, 0xFF, 0x9D, 0x20, 0xF2, 0xFF, 0xFF, 0xFF, 0xFF,
0xFF, 0xFF, 0xD2, 0x74, 0xDF, 0x73, 0x06, 0x73, 0x7F, 0x7F, 0x7F, 0x7F, 0x7F, 0x7F, 0x59, 0x00,
0x00, 0x00, 0x00, 0x00, 0x00, 0x00, 0x00, 0x00, 0x00, 0x00, 0x00, 0x4B, 0x9F, 0x4B, 0x00, 0x32,
0x3F, 0x3F, 0x3F, 0x3F, 0x3F, 0x3F, 0x23, 0x9F, 0xFF, 0x9F, 0x26, 0xFF, 0xFF, 0xFF, 0xFF, 0xFF,
0xFF, 0xFF, 0xE5, 0x4C, 0x9F, 0x4B, 0x00, 0x33, 0x3F, 0x3F, 0x3F, 0x3F, 0x3F, 0x3F, 0x23, 0x00,
0x00, 0x00, 0x00, 0x00, 0x00, 0x00, 0x00, 0x00, 0x00, 0x00, 0x00, 0x73, 0xDF, 0x73, 0x06, 0x72,
0x7F, 0x7F, 0x7F, 0x7F, 0x7F, 0x7F, 0x59, 0x9E, 0xFF, 0x9E, 0x20, 0xF3, 0xFF, 0xFF, 0xFF, 0xFF,
0xFF, 0xFF, 0xD3, 0x26, 0x5F, 0x25, 0x00, 0x00, 0x00, 0x00, 0x00, 0x00, 0x00, 0x00, 0x00, 0x25,
0x5F, 0x25, 0x00, 0x00, 0x00, 0x00, 0x00, 0x00, 0x00, 0x00, 0x00, 0x9E, 0xFF, 0x9D, 0x20, 0xF2,
0xFF, 0xFF, 0xFF, 0xFF, 0xFF, 0xFF, 0xD2, 0x74, 0xDF, 0x73, 0x06, 0x73, 0x7F, 0x7F, 0x7F, 0x7F,
0x7F, 0x7F, 0x59, 0x00, 0x00, 0x00, 0x00, 0x00, 0x00, 0x00, 0x00, 0x00, 0x00, 0x00, 0x00, 0x4B,
0x9F, 0x4B, 0x00, 0x32, 0x3F, 0x3F, 0x3F, 0x3F, 0x3F, 0x3F, 0x23, 0x9F, 0xFF, 0x9F, 0x26, 0xFF,
0xFF, 0xFF, 0xFF, 0xFF, 0xFF, 0xFF, 0xE5, 0x4C, 0x9F, 0x4B, 0x00, 0x33, 0x3F, 0x3F, 0x3F, 0x3F,
0x3F, 0x3F, 0x23, 0x00, 0x00, 0x00, 0x00, 0x00, 0x00, 0x00, 0x00, 0x00, 0x00, 0x00, 0x00, 0x73,
0xDF, 0x73, 0x06, 0x72, 0x7F, 0x7F, 0x7F, 0x7F, 0x7F, 0x7F, 0x59, 0x9E, 0xFF, 0x9E, 0x20, 0xF3,
0xFF, 0xFF, 0xFF, 0xFF, 0xFF, 0xFF, 0xD3, 0x26, 0x5F, 0x25, 0x00, 0x00, 0x00, 0x00, 0x00, 0x00,
0x00, 0x00, 0x00, 0x00, 0x95, 0xC0, 0xC0, 0xC0, 0xC0, 0xC0, 0xC0, 0xC0, 0xC0, 0xBC, 0x39, 0x00,
0x96, 0xC0, 0xC0, 0xC0, 0xC0, 0xC0, 0xC0, 0xC0, 0xC0, 0xBC, 0x39, 0x00, 0x00, 0x00, 0x00, 0x00,
0x00, 0x00, 0x00, 0x00, 0x00, 0x00, 0x00, 0x00, 0x00, 0x13, 0x91, 0x00, 0x38, 0xBC, 0xC0, 0xC0,
0xC0, 0xBC, 0x39, 0x00, 0x33, 0xE0, 0xFF, 0x00, 0x39, 0xBC, 0xC0, 0xC0, 0xC0, 0xBC, 0x39, 0x09,
0xF1, 0xFF, 0xFF, 0x00, 0x00, 0x00, 0x00, 0x00, 0x00, 0x00, 0x00, 0x00, 0x36, 0xE1, 0xFF, 0x00,
0x38, 0xBC, 0xC0, 0xC0, 0xC0, 0xBC, 0x39, 0x00, 0x00, 0x13, 0x93, 0x00, 0x39, 0xBC, 0xC0, 0xC0,
0xC0, 0xBC, 0x39, 0x00, 0x00, 0x00, 0x00, 0x00, 0x00, 0x00, 0x00, 0x00, 0x00, 0x00, 0x00, 0x00,
0x95, 0xC0, 0xC0, 0xC0, 0xC0, 0xC0, 0xC0, 0xC0, 0xC0, 0xBC, 0x39, 0x00, 0x96, 0xC0, 0xC0, 0xC0,
0xC0, 0xC0, 0xC0, 0xC0, 0xC0, 0xBC, 0x39, 0x00, 0x95, 0xC0, 0xC0, 0xC0, 0xC0, 0xC0, 0xC0, 0xC0,
0xC0, 0xBC, 0x39, 0x00, 0x96, 0xC0, 0xC0, 0xC0, 0xC0, 0xC0, 0xC0, 0xC0, 0xC0, 0xBC, 0x39, 0x00,
0x00, 0x00, 0x00, 0x00, 0x00, 0x00, 0x00, 0x00, 0x00, 0x00, 0x00, 0x00, 0x00, 0x13, 0x91, 0x00,
0x38, 0xBC, 0xC0, 0xC0, 0xC0, 0xBC, 0x39, 0x00, 0x33, 0xE0, 0xFF, 0x00, 0x39, 0xBC, 0xC0, 0xC0,
0xC0, 0xBC, 0x39, 0x09, 0xF1, 0xFF, 0xFF, 0x00, 0x00, 0x00, 0x00, 0x00, 0x00, 0x00, 0x00, 0x00,
0x36, 0xE1, 0xFF, 0x00, 0x38, 0xBC, 0xC0, 0xC0, 0xC0, 0xBC, 0x39, 0x00, 0x00, 0x13, 0x93, 0x00,
0x39, 0xBC, 0xC0, 0xC0, 0xC0, 0xBC, 0x39, 0x00, 0x00, 0x00, 0x00, 0x00, 0x00, 0x00, 0x00, 0x00,
0x00, 0x00, 0x00, 0x00, 0x95, 0xC0, 0xC0, 0xC0, 0xC0, 0xC0, 0xC0, 0xC0, 0xC0, 0xBC, 0x39, 0x00,
0x96, 0xC0, 0xC0, 0xC0, 0xC0, 0xC0, 0xC0, 0xC0, 0xC0, 0xBC, 0x39, 0x96, 0xC0, 0xC0, 0xC0, 0xC0,
0xC0, 0xC0, 0xC0, 0xC0, 0xBC, 0x39, 0x96, 0xC0, 0xC0, 0xC0, 0xC0, 0xC0, 0xC0, 0xC0, 0xC0, 0xBC,
0x39, 0x00, 0x00, 0x00, 0x00, 0x00, 0x00, 0x00, 0x00, 0x00, 0x00, 0x00, 0x93, 0x14, 0x00, 0x00,
0x39, 0xBC, 0xC0, 0xC0, 0xC0, 0xBC, 0x39, 0xFF, 0xE1, 0x36, 0x00, 0x3A, 0xBC, 0xC0, 0xC0, 0xC0,
0xBC, 0x39, 0xFF, 0xFF, 0xF3, 0x0A, 0x00, 0x00, 0x00, 0x00, 0x00, 0x00, 0x00, 0xFF, 0xE3, 0x38,
0x00, 0x39, 0xBC, 0xC0, 0xC0, 0xC0, 0xBC, 0x39, 0x94, 0x14, 0x00, 0x00, 0x3A, 0xBC, 0xC0, 0xC0,
0xC0, 0xBC, 0x39, 0x00, 0x00, 0x00, 0x00, 0x00, 0x00, 0x00, 0x00, 0x00, 0x00, 0x00, 0x96, 0xC0,
0xC0, 0xC0, 0xC0, 0xC0, 0xC0, 0xC0, 0xC0, 0xBC, 0x39, 0x96, 0xC0, 0xC0, 0xC0, 0xC0, 0xC0, 0xC0,
0xC0, 0xC0, 0xBC, 0x39, 0x96, 0xC0, 0xC0, 0xC0, 0xC0, 0xC0, 0xC0, 0xC0, 0xC0, 0xBC, 0x39, 0x96,
0xC0, 0xC0, 0xC0, 0xC0, 0xC0, 0xC0, 0xC0, 0xC0, 0xBC, 0x39, 0x00, 0x00, 0x00, 0x00, 0x00, 0x00,
0x00, 0x00, 0x00, 0x00, 0x00, 0x93, 0x14, 0x00, 0x00, 0x39, 0xBC, 0xC0, 0xC0, 0xC0, 0xBC, 0x39,
0xFF, 0xE1, 0x36, 0x00, 0x3A, 0xBC, 0xC0, 0xC0, 0xC0, 0xBC, 0x39, 0xFF, 0xFF, 0xF3, 0x0A, 0x00,
0x00, 0x00, 0x00, 0x00, 0x00, 0x00, 0xFF, 0xE3, 0x38, 0x00, 0x39, 0xBC, 0xC0, 0xC0, 0xC0, 0xBC,
0x39, 0x94, 0x14, 0x00, 0x00, 0x3A, 0xBC, 0xC0, 0xC0, 0xC0, 0xBC, 0x39, 0x00, 0x00, 0x00, 0x00,
0x00, 0x00, 0x00, 0x00, 0x00, 0x00, 0x00, 0x96, 0xC0, 0xC0, 0xC0, 0xC0, 0xC0, 0xC0, 0xC0, 0xC0,
0xBC, 0x39, 0x96, 0xC0, 0xC0, 0xC0, 0xC0, 0xC0, 0xC0, 0xC0, 0xC0, 0xBC, 0x39, 0x00, 0xA6, 0xFC,
0xFF, 0xFF, 0xFF, 0xFF, 0xFF, 0xE1, 0x40, 0x00, 0x00, 0x00, 0x00, 0x32, 0xFF, 0xFF, 0xFF, 0xFF,
0xFF, 0xFF, 0xFF, 0xFF, 0xB2, 0x00, 0x0B, 0xA1, 0x57, 0x3F, 0xFF, 0xFF, 0xFF, 0xFF, 0xFF, 0xFF,
0xFF, 0xFF, 0xBF, 0x0D, 0xD3, 0xFF, 0x7F, 0x3F, 0xFF, 0xFF, 0xFF, 0xFF, 0xFF, 0xFF, 0xFF, 0xFF,
0xBF, 0x1F, 0xFF, 0xFF, 0x7F, 0x3F, 0xFF, 0xFF, 0xFF, 0xFF, 0xFF, 0xFF, 0xFF, 0xFF, 0xBF, 0x1F,
0xFF, 0xFF, 0x7F, 0x3F, 0xFF, 0xFF, 0xFF, 0xFF, 0xFF, 0xFF, 0xFF, 0xFF, 0xBF, 0x1F, 0xFF, 0xFF,
0x7F, 0x3F, 0xFF, 0xFF, 0xFF, 0xFF, 0xFF, 0xFF, 0xFF, 0xFF, 0xBF, 0x0D, 0xD4, 0xFF, 0x7F, 0x32,
0xFF, 0xFF, 0xFF, 0xFF, 0xFF, 0xFF, 0xFF, 0xFF, 0xB2, 0x00, 0x0C, 0xA4, 0x58, 0x00, 0xA8, 0xFC,
0xFF, 0xFF, 0xFF, 0xFF, 0xFF, 0xE2, 0x41, 0x00, 0x00, 0x00, 0x00, 0x00, 0xA6, 0xFC, 0xFF, 0xFF,
0xFF, 0xFF, 0xFF, 0xE1, 0x40, 0x00, 0x00, 0x00, 0x00, 0x32, 0xFF, 0xFF, 0xFF, 0xFF, 0xFF, 0xFF,
0xFF, 0xFF, 0xB2, 0x00, 0x0B, 0xA1, 0x57, 0x3F, 0xFF, 0xFF, 0xFF, 0xFF, 0xFF, 0xFF, 0xFF, 0xFF,
0xBF, 0x0D, 0xD3, 0xFF, 0x7F, 0x3F, 0xFF, 0xFF, 0xFF, 0xFF, 0xFF, 0xFF, 0xFF, 0xFF, 0xBF, 0x1F,
0xFF, 0xFF, 0x7F, 0x3F, 0xFF, 0xFF, 0xFF, 0xFF, 0xFF, 0xFF, 0xFF, 0xFF, 0xBF, 0x1F, 0xFF, 0xFF,
0x7F, 0x3F, 0xFF, 0xFF, 0xFF, 0xFF, 0xFF, 0xFF, 0xFF, 0xFF, 0xBF, 0x1F, 0xFF, 0xFF, 0x7F, 0x3F,
0xFF, 0xFF, 0xFF, 0xFF, 0xFF, 0xFF, 0xFF, 0xFF, 0xBF, 0x0D, 0xD4, 0xFF, 0x7F, 0x32, 0xFF, 0xFF,
0xFF, 0xFF, 0xFF, 0xFF, 0xFF, 0xFF, 0xB2, 0x00, 0x0C, 0xA4, 0x58, 0x00, 0xA8, 0xFC, 0xFF, 0xFF,
0xFF, 0xFF, 0xFF, 0xE2, 0x41, 0x00, 0x00, 0x00, 0x00, 0x41, 0xB2, 0xBF, 0xBF, 0xBF, 0xBF, 0xBF,
0xBF, 0xBF, 0x89, 0x09, 0xE2, 0xFF, 0xFF, 0xFF, 0xFF, 0xFF, 0xFF, 0xFF, 0xFF, 0xFF, 0x61, 0xFF,
0xFF, 0x5E, 0x5F, 0xFF, 0xFF, 0xFF, 0xFF, 0xFF, 0xFF, 0x7F, 0xFF, 0xF6, 0x09, 0x0A, 0xF6, 0xFF,
0xFF, 0xFF, 0xFF, 0xFF, 0x7F, 0xFF, 0xFF, 0xD3, 0xD4, 0xFF, 0xFF, 0xE5, 0xFF, 0xFF, 0xFF, 0x7F,
0xFF, 0xFF, 0xFF, 0xFF, 0xFF, 0x9D, 0x05, 0xD5, 0xFF, 0xFF, 0x7F, 0xFF, 0xFF, 0xDB, 0x65, 0xE4,
0x13, 0x00, 0x3F, 0xFF, 0xFF, 0x7F, 0xFF, 0xFB, 0x36, 0x00, 0x17, 0x00, 0x00, 0x00, 0xA2, 0xFF,
0x7F, 0xFF, 0xA1, 0x00, 0x00, 0x00, 0x00, 0x00, 0x00, 0x21, 0xFF, 0x7F, 0xE2, 0xF6, 0xC0, 0xBF,
0xBF, 0xBF, 0xBF, 0xBF, 0xD6, 0xFF, 0x61, 0x43, 0xB2, 0xBF, 0xBF, 0xBF, 0xBF, 0xBF, 0xBF, 0xBF,
0x8A, 0x09, 0x41, 0xB2, 0xBF, 0xBF, 0xBF, 0xBF, 0xBF, 0xBF, 0xBF, 0x89, 0x09, 0xE2, 0xFF, 0xFF,
0xFF, 0xFF, 0xFF, 0xFF, 0xFF, 0xFF, 0xFF, 0x61, 0xFF, 0xFF, 0x5E, 0x5F, 0xFF, 0xFF, 0xFF, 0xFF,
0xFF, 0xFF, 0x7F, 0xFF, 0xF6, 0x09, 0x0A, 0xF6, 0xFF, 0xFF, 0xFF, 0xFF, 0xFF, 0x7F, 0xFF, 0xFF,
0xD3, 0xD4, 0xFF, 0xFF, 0xE5, 0xFF, 0xFF, 0xFF, 0x7F, 0xFF, 0xFF, 0xFF, 0xFF, 0xFF, 0x9D, 0x05,
0xD5, 0xFF, 0xFF, 0x7F, 0xFF, 0xFF, 0xDB, 0x65, 0xE4, 0x13, 0x00, 0x3F, 0xFF, 0xFF, 0x7F, 0xFF,
0xFB, 0x36, 0x00, 0x17, 0x00, 0x00, 0x00, 0xA2, 0xFF, 0x7F, 0xFF, 0xA1, 0x00, 0x00, 0x00, 0x00,
0x00, 0x00, 0x21, 0xFF, 0x7F, 0xE2, 0xF6, 0xC0, 0xBF, 0xBF, 0xBF, 0xBF, 0xBF, 0xD6, 0xFF, 0x61,
0x43, 0xB2, 0xBF, 0xBF, 0xBF, 0xBF, 0xBF, 0xBF, 0xBF, 0x8A, 0x09, 0x00, 0x00, 0x00, 0x00, 0x00,
0x00, 0x00, 0x00, 0x2D, 0x76, 0x25, 0x00, 0x00, 0x00, 0x00, 0x00, 0x00, 0x00, 0x00, 0x46, 0xF7,
0xFF, 0xF1, 0x38, 0x00, 0x00, 0x00, 0x00, 0x00, 0x00, 0x07, 0x56, 0xFB, 0xFF, 0xFF, 0xC8, 0x00,
0x00, 0x00, 0x00, 0x00, 0x47, 0xE2, 0x2A, 0x56, 0xFC, 0xFF, 0xCC, 0x00, 0x00, 0x00, 0x00, 0x47,
0xF7, 0xFF, 0xE9, 0x2B, 0x57, 0xF1, 0x3F, 0x00, 0x00, 0x00, 0x46, 0xF7, 0xFF, 0xFF, 0xFF, 0xEA,
0x2C, 0x12, 0x00, 0x00, 0x00, 0x45, 0xF7, 0xFF, 0xFF, 0xFF, 0xFF, 0xF5, 0x41, 0x00, 0x00, 0x00,
0x44, 0xF7, 0xFF, 0xFF, 0xFF, 0xFF, 0xF5, 0x41, 0x00, 0x00, 0x00, 0x0F, 0xEB, 0xEE, 0xFF, 0xFF,
0xFF, 0xF5, 0x41, 0x00, 0x00, 0x00, 0x00, 0x5B, 0xD2, 0x24, 0xE3, 0xFF, 0xF5, 0x40, 0x00, 0x00,
0x00, 0x00, 0x00, 0xA2, 0x8C, 0x2E, 0x9E, 0xF4, 0x3F, 0x00, 0x00, 0x00, 0x00, 0x00, 0x00, 0xE4,
0xF9, 0xF4, 0xAF, 0x2C, 0x00, 0x00, 0x00, 0x00, 0x00, 0x00, 0x00, 0x5C, 0x43, 0x06, 0x00, 0x00,
0x00, 0x00, 0x00, 0x00, 0x00, 0x00, 0x00, 0x00, 0x00, 0x00, 0x00, 0x00, 0x00, 0x00, 0x00, 0x2D,
0x76, 0x25, 0x00, 0x00, 0x00, 0x00, 0x00, 0x00, 0x00, 0x00, 0x46, 0xF7, 0xFF, 0xF1, 0x38, 0x00,
0x00, 0x00, 0x00, 0x00, 0x00, 0x07, 0x56, 0xFB, 0xFF, 0xFF, 0xC8, 0x00, 0x00, 0x00, 0x00, 0x00,
0x47, 0xE2, 0x2A, 0x56, 0xFC, 0xFF, 0xCC, 0x00, 0x00, 0x00, 0x00, 0x47, 0xF7, 0xFF, 0xE9, 0x2B,
0x57, 0xF1, 0x3F, 0x00, 0x00, 0x00, 0x46, 0xF7, 0xFF, 0xFF, 0xFF, 0xEA, 0x2C, 0x12, 0x00, 0x00,
0x00, 0x45, 0xF7, 0xFF, 0xFF, 0xFF, 0xFF, 0xF5, 0x41, 0x00, 0x00, 0x00, 0x44, 0xF7, 0xFF, 0xFF,
0xFF, 0xFF, 0xF5, 0x41, 0x00, 0x00, 0x00, 0x0F, 0xEB, 0xEE, 0xFF, 0xFF, 0xFF, 0xF5, 0x41, 0x00,
0x00, 0x00, 0x00, 0x5B, 0xD2, 0x24, 0xE3, 0xFF, 0xF5, 0x40, 0x00, 0x00, 0x00, 0x00, 0x00, 0xA2,
0x8C, 0x2E, 0x9E, 0xF4, 0x3F, 0x00, 0x00, 0x00, 0x00, 0x00, 0x00, 0xE4, 0xF9, 0xF4, 0xAF, 0x2C,
0x00, 0x00, 0x00, 0x00, 0x00, 0x00, 0x00, 0x5C, 0x43, 0x06, 0x00, 0x00, 0x00, 0x00, 0x00, 0x00,
0x00, 0x00, 0x00, 0x00, 0x00, 0x0F, 0x4C, 0x72, 0x4C, 0x0F, 0x00, 0x00, 0x00, 0x4F, 0xE9, 0xFF,
0xFF, 0xFF, 0xE8, 0x4E, 0x00, 0x30, 0xFA, 0xFF, 0xFF, 0xFF, 0xFF, 0xFF, 0xF9, 0x2F, 0xB3, 0xFF,
0xFF, 0xFF, 0xFF, 0xFF, 0xFF, 0xFF, 0xB1, 0xE9, 0xFF, 0xFF, 0xFF, 0xFF, 0xFF, 0xFF, 0xFF, 0xE8,
0xE1, 0xFF, 0xFF, 0xFF, 0xFF, 0xFF, 0xFF, 0xFF, 0xE0, 0xAB, 0xFF, 0xFF, 0xFF, 0xFF, 0xFF, 0xFF,
0xFF, 0xA9, 0x55, 0xFF, 0xFF, 0xFF, 0xFF, 0xFF, 0xFF, 0xFF, 0x53, 0x01, 0xCF, 0xFF, 0xFF, 0xFF,
0xFF, 0xFF, 0xCE, 0x01, 0x00, 0x3F, 0xFD, 0xFF, 0xFF, 0xFF, 0xFD, 0x3E, 0x00, 0x00, 0x00, 0x86,
0xFF, 0xFF, 0xFF, 0x84, 0x00, 0x00, 0x00, 0x00, 0x04, 0xB9, 0xFF, 0xB9, 0x04, 0x00, 0x00, 0x00,
0x00, 0x00, 0x0E, 0x75, 0x0E, 0x00, 0x00, 0x00, 0x00, 0x00, 0x0F, 0x4C, 0x72, 0x4C, 0x0F, 0x00,
0x00, 0x00, 0x4F, 0xE9, 0xFF, 0xFF, 0xFF, 0xE8, 0x4E, 0x00, 0x30, 0xFA, 0xFF, 0xFF, 0xFF, 0xFF,
0xFF, 0xF9, 0x2F, 0xB3, 0xFF, 0xFF, 0xFF, 0xFF, 0xFF, 0xFF, 0xFF, 0xB1, 0xE9, 0xFF, 0xFF, 0xFF,
0xFF, 0xFF, 0xFF, 0xFF, 0xE8, 0xE1, 0xFF, 0xFF, 0xFF, 0xFF, 0xFF, 0xFF, 0xFF, 0xE0, 0xAB, 0xFF,
0xFF, 0xFF, 0xFF, 0xFF, 0xFF, 0xFF, 0xA9, 0x55, 0xFF, 0xFF, 0xFF, 0xFF, 0xFF, 0xFF, 0xFF, 0x53,
0x01, 0xCF, 0xFF, 0xFF, 0xFF, 0xFF, 0xFF, 0xCE, 0x01, 0x00, 0x3F, 0xFD, 0xFF, 0xFF, 0xFF, 0xFD,
0x3E, 0x00, 0x00, 0x00, 0x86, 0xFF, 0xFF, 0xFF, 0x84, 0x00, 0x00, 0x00, 0x00, 0x04, 0xB9, 0xFF,
0xB9, 0x04, 0x00, 0x00, 0x00, 0x00, 0x00, 0x0E, 0x75, 0x0E, 0x00, 0x00, 0x00, 0x00, 0x00, 0x00,
0x04, 0x31, 0x65, 0x65, 0x31, 0x04, 0x00, 0x00, 0x00, 0x00, 0x00, 0x3E, 0xDD, 0xFF, 0xFF, 0xFF,
0xFF, 0xDC, 0x3C, 0x00, 0x00, 0x00, 0x61, 0xFD, 0xFF, 0xFF, 0xFF, 0x1A, 0x52, 0xD5, 0xFD, 0x5F,
0x00, 0x20, 0xF3, 0xFF, 0xFF, 0xFF, 0xFF, 0x00, 0x00, 0x07, 0xB6, 0xF2, 0x1F, 0x97, 0xFF, 0xFF,
0xFF, 0xFF, 0xFF, 0x00, 0x00, 0x00, 0x19, 0xF1, 0x95, 0xCD, 0xFF, 0xFF, 0xFF, 0xFF, 0xFF, 0x00,
0x00, 0x00, 0x00, 0xB5, 0xCB, 0xF3, 0xFF, 0xFF, 0xFF, 0xFF, 0xFF, 0x00, 0x00, 0x00, 0x00, 0x8D,
0xF2, 0xCD, 0xFF, 0xFF, 0xFF, 0xFF, 0xFF, 0x00, 0x00, 0x00, 0x00, 0xB4, 0xCB, 0x97, 0xFF, 0xFF,
0xFF, 0xFF, 0xFF, 0x00, 0x00, 0x00, 0x18, 0xF0, 0x95, 0x21, 0xF3, 0xFF, 0xFF, 0xFF, 0xFF, 0x00,
0x00, 0x07, 0xB5, 0xF2, 0x20, 0x00, 0x62, 0xFE, 0xFF, 0xFF, 0xFF, 0x19, 0x50, 0xD4, 0xFE, 0x60,
0x00, 0x00, 0x00, 0x40, 0xDF, 0xFF, 0xFF, 0xFF, 0xFF, 0xDE, 0x3F, 0x00, 0x00, 0x00, 0x00, 0x00,
0x05, 0x33, 0x67, 0x66, 0x33, 0x05, 0x00, 0x00, 0x00, 0x00, 0x00, 0x00, 0x04, 0x31, 0x65, 0x65,
0x31, 0x04, 0x00, 0x00, 0x00, 0x00, 0x00, 0x3E, 0xDD, 0xFF, 0xFF, 0xFF, 0xFF, 0xDC, 0x3C, 0x00,
0x00, 0x00, 0x61, 0xFD, 0xFF, 0xFF, 0xFF, 0x1A, 0x52, 0xD5, 0xFD, 0x5F, 0x00, 0x20, 0xF3, 0xFF,
0xFF, 0xFF, 0xFF, 0x00, 0x00, 0x07, 0xB6, 0xF2, 0x1F, 0x97, 0xFF, 0xFF, 0xFF, 0xFF, 0xFF, 0x00,
0x00, 0x00, 0x19, 0xF1, 0x95, 0xCD, 0xFF, 0xFF, 0xFF, 0xFF, 0xFF, 0x00, 0x00, 0x00, 0x00, 0xB5,
0xCB, 0xF3, 0xFF, 0xFF, 0xFF, 0xFF, 0xFF, 0x00, 0x00, 0x00, 0x00, 0x8D, 0xF2, 0xCD, 0xFF, 0xFF,
0xFF, 0xFF, 0xFF, 0x00, 0x00, 0x00, 0x00, 0xB4, 0xCB, 0x97, 0xFF, 0xFF, 0xFF, 0xFF, 0xFF, 0x00,
0x00, 0x00, 0x18, 0xF0, 0x95, 0x21, 0xF3, 0xFF, 0xFF, 0xFF, 0xFF, 0x00, 0x00, 0x07, 0xB5, 0xF2,
0x20, 0x00, 0x62, 0xFE, 0xFF, 0xFF, 0xFF, 0x19, 0x50, 0xD4, 0xFE, 0x60, 0x00, 0x00, 0x00, 0x40,
0xDF, 0xFF, 0xFF, 0xFF, 0xFF, 0xDE, 0x3F, 0x00, 0x00, 0x00, 0x00, 0x00, 0x05, 0x33, 0x67, 0x66,
0x33, 0x05, 0x00, 0x00, 0x00, 0x00, 0x00, 0x00, 0x2F, 0xC1, 0x2C, 0x00, 0x00, 0x00, 0x00, 0x00,
0x08, 0xD5, 0xFF, 0xD3, 0x07, 0x00, 0x00, 0x00, 0x00, 0x85, 0xFF, 0xFF, 0xFF, 0x82, 0x00, 0x00,
0x00, 0x2B, 0xFA, 0xFF, 0xFF, 0xFF, 0xF9, 0x2A, 0x00, 0x00, 0xB4, 0xFF, 0xFF, 0xFF, 0xFF, 0xFF,
0xB2, 0x00, 0x37, 0xFF, 0xFF, 0xFF, 0xFF, 0xFF, 0xFF, 0xFF, 0x36, 0x9E, 0xFF, 0xFF, 0xFF, 0xFF,
0xFF, 0xFF, 0xFF, 0x9D, 0xDF, 0xB8, 0xA0, 0xFF, 0xFF, 0xFF, 0xFF, 0xFF, 0xDF, 0xE6, 0xA2, 0x35,
0xFF, 0xFF, 0xFF, 0xFF, 0xFF, 0xE5, 0xAF, 0xEF, 0x1B, 0x71, 0xDA, 0xFF, 0xFF, 0xFF, 0xAE, 0x2C,
0xF9, 0xD9, 0x47, 0x10, 0xDE, 0xFF, 0xF8, 0x2B, 0x00, 0x4B, 0xE8, 0xFF, 0xFF, 0xFF, 0xE7, 0x4A,
0x00, 0x00, 0x00, 0x0F, 0x4D, 0x73, 0x4D, 0x0F, 0x00, 0x00, 0x00, 0x00, 0x00, 0x2F, 0xC1, 0x2C,
0x00, 0x00, 0x00, 0x00, 0x00, 0x08, 0xD5, 0xFF, 0xD3, 0x07, 0x00, 0x00, 0x00, 0x00, 0x85, 0xFF,
0xFF, 0xFF, 0x82, 0x00, 0x00, 0x00, 0x2B, 0xFA, 0xFF, 0xFF, 0xFF, 0xF9, 0x2A, 0x00, 0x00, 0xB4,
0xFF, 0xFF, 0xFF, 0xFF, 0xFF, 0xB2, 0x00, 0x37, 0xFF, 0xFF, 0xFF, 0xFF, 0xFF, 0xFF, 0xFF, 0x36,
0x9E, 0xFF, 0xFF, 0xFF, 0xFF, 0xFF, 0xFF, 0xFF, 0x9D, 0xDF, 0xB8, 0xA0, 0xFF, 0xFF, 0xFF, 0xFF,
0xFF, 0xDF, 0xE6, 0xA2, 0x35, 0xFF, 0xFF, 0xFF, 0xFF, 0xFF, 0xE5, 0xAF, 0xEF, 0x1B, 0x71, 0xDA,
0xFF, 0xFF, 0xFF, 0xAE, 0x2C, 0xF9, 0xD9, 0x47, 0x10, 0xDE, 0xFF, 0xF8, 0x2B, 0x00, 0x4B, 0xE8,
0xFF, 0xFF, 0xFF, 0xE7, 0x4A, 0x00, 0x00, 0x00, 0x0F, 0x4D, 0x73, 0x4D, 0x0F, 0x00, 0x00, 0x00,
0x00, 0x00, 0x00, 0x00, 0x00, 0x00, 0x00, 0x00, 0x1F, 0x35, 0x00, 0x00, 0x00, 0x00, 0x00, 0x00,
0x00, 0x00, 0x00, 0x23, 0xFA, 0xFF, 0x74, 0x31, 0xD0, 0xFE, 0xFF, 0xF2, 0x1F, 0x00, 0x49, 0x19,
0x75, 0xFF, 0xC2, 0xD0, 0xE3, 0x83, 0x7F, 0x73, 0x06, 0x51, 0xFA, 0xD9, 0x19, 0x73, 0x4A, 0xFE,
0x83, 0x00, 0x00, 0x00, 0x51, 0xFA, 0xFF, 0xFF, 0xD3, 0x03, 0x00, 0xFF, 0x7F, 0x00, 0x00, 0x51,
0xFA, 0xFF, 0xFF, 0xFA, 0x51, 0x00, 0x00, 0xFF, 0x7F, 0x00, 0x2B, 0xFA, 0xFF, 0xFF, 0xFA, 0x51,
0x00, 0x00, 0x00, 0xFF, 0x7F, 0x00, 0x8F, 0xFF, 0xFF, 0xFA, 0x51, 0x00, 0x92, 0x39, 0x00, 0xFF,
0x7F, 0x00, 0xE1, 0xFF, 0xE1, 0x4B, 0x00, 0x00, 0xFF, 0x7F, 0x00, 0xFF, 0x7F, 0x00, 0x5E, 0x3B,
0x01, 0x00, 0x00, 0x00, 0xFF, 0x7F, 0x00, 0xF1, 0xA5, 0x03, 0x00, 0x00, 0x00, 0x00, 0x00, 0x29,
0xFF, 0x70, 0x00, 0x8F, 0xFF, 0xFF, 0xFF, 0xFF, 0xFF, 0xFF, 0xFF, 0xFF, 0xEF, 0x1E, 0x00, 0x01,
0x51, 0x7E, 0x7F, 0x7F, 0x7F, 0x7F, 0x7F, 0x71, 0x1E, 0x00, 0x00, 0x00, 0x00, 0x00, 0x00, 0x00,
0x00, 0x00, 0x00, 0x00, 0x1F, 0x35, 0x00, 0x00, 0x00, 0x00, 0x00, 0x00, 0x00, 0x00, 0x00, 0x23,
0xFA, 0xFF, 0x74, 0x31, 0xD0, 0xFE, 0xFF, 0xF2, 0x1F, 0x00, 0x49, 0x19, 0x75, 0xFF, 0xC2, 0xD0,
0xE3, 0x83, 0x7F, 0x73, 0x06, 0x51, 0xFA, 0xD9, 0x19, 0x73, 0x4A, 0xFE, 0x83, 0x00, 0x00, 0x00,
0x51, 0xFA, 0xFF, 0xFF, 0xD3, 0x03, 0x00, 0xFF, 0x7F, 0x00, 0x00, 0x51, 0xFA, 0xFF, 0xFF, 0xFA,
0x51, 0x00, 0x00, 0xFF, 0x7F, 0x00, 0x2B, 0xFA, 0xFF, 0xFF, 0xFA, 0x51, 0x00, 0x00, 0x00, 0xFF,
0x7F, 0x00, 0x8F, 0xFF, 0xFF, 0xFA, 0x51, 0x00, 0x92, 0x39, 0x00, 0xFF, 0x7F, 0x00, 0xE1, 0xFF,
0xE1, 0x4B, 0x00, 0x00, 0xFF, 0x7F, 0x00, 0xFF, 0x7F, 0x00, 0x5E, 0x3B, 0x01, 0x00, 0x00, 0x00,
0xFF, 0x7F, 0x00, 0xF1, 0xA5, 0x03, 0x00, 0x00, 0x00, 0x00, 0x00, 0x29, 0xFF, 0x70, 0x00, 0x8F,
0xFF, 0xFF, 0xFF, 0xFF, 0xFF, 0xFF, 0xFF, 0xFF, 0xEF, 0x1E, 0x00, 0x01, 0x51, 0x7E, 0x7F, 0x7F,
0x7F, 0x7F, 0x7F, 0x71, 0x1E, 0x00, 0x00, 0x00, 0x00, 0x00, 0x00, 0x00, 0x00, 0x00, 0x00, 0x00,
0x52, 0x0C, 0x00, 0x00, 0x00, 0x00, 0x00, 0x00, 0x00, 0x00, 0x00, 0x00, 0x00, 0x00, 0xFB, 0xC2,
0x0C, 0x00, 0x00, 0x00, 0x04, 0x35, 0x14, 0x00, 0x00, 0x0D, 0x39, 0x3F, 0xFC, 0xFF, 0xC2, 0x0C,
0x00, 0x04, 0xC4, 0xFF, 0xA8, 0x00, 0x80, 0xFB, 0xFF, 0xFF, 0xFF, 0xFF, 0xFF, 0xC2, 0x0A, 0x32,
0xFF, 0x84, 0x14, 0x60, 0xFF, 0xFF, 0xFF, 0xFF, 0xFF, 0xFF, 0xFF, 0xFC, 0x2F, 0x3B, 0xFF, 0x43,
0x00, 0xBC, 0xFF, 0xFF, 0xED, 0xC2, 0xFE, 0xFF, 0xFC, 0x57, 0x00, 0x3B, 0xFF, 0x43, 0x00, 0xC7,
0xFF, 0xCC, 0x0D, 0x00, 0xFB, 0xFC, 0x57, 0x00, 0x00, 0x3B, 0xFF, 0x43, 0x00, 0x84, 0xFF, 0x72,
0x00, 0x00, 0xD1, 0x57, 0x00, 0x00, 0x00, 0x3B, 0xFF, 0x43, 0x00, 0x0A, 0xCB, 0xBD, 0x01, 0x00,
0x00, 0x00, 0x00, 0x00, 0x00, 0x3B, 0xFF, 0x43, 0x00, 0x00, 0x09, 0x63, 0x04, 0x00, 0xAF, 0x4C,
0x00, 0x00, 0x00, 0x38, 0xFF, 0x55, 0x00, 0x00, 0x00, 0x00, 0x00, 0x10, 0xFD, 0x80, 0x00, 0x00,
0x00, 0x0D, 0xE9, 0xFF, 0xFF, 0xFF, 0xFF, 0xFF, 0xFF, 0xFF, 0xFE, 0x3E, 0x00, 0x00, 0x00, 0x00,
0x20, 0x75, 0x7F, 0x7F, 0x7F, 0x7F, 0x7F, 0x7C, 0x3C, 0x00, 0x00, 0x00, 0x00, 0x00, 0x00, 0x00,
0x00, 0x00, 0x00, 0x00, 0x00, 0x00, 0x52, 0x0C, 0x00, 0x00, 0x00, 0x00, 0x00, 0x00, 0x00, 0x00,
0x00, 0x00, 0x00, 0x00, 0xFB, 0xC2, 0x0C, 0x00, 0x00, 0x00, 0x04, 0x35, 0x14, 0x00, 0x00, 0x0D,
0x39, 0x3F, 0xFC, 0xFF, 0xC2, 0x0C, 0x00, 0x04, 0xC4, 0xFF, 0xA8, 0x00, 0x80, 0xFB, 0xFF, 0xFF,
0xFF, 0xFF, 0xFF, 0xC2, 0x0A, 0x32, 0xFF, 0x84, 0x14, 0x60, 0xFF, 0xFF, 0xFF, 0xFF, 0xFF, 0xFF,
0xFF, 0xFC, 0x2F, 0x3B, 0xFF, 0x43, 0x00, 0xBC, 0xFF, 0xFF, 0xED, 0xC2, 0xFE, 0xFF, 0xFC, 0x57,
0x00, 0x3B, 0xFF, 0x43, 0x00, 0xC7, 0xFF, 0xCC, 0x0D, 0x00, 0xFB, 0xFC, 0x57, 0x00, 0x00, 0x3B,
0xFF, 0x43, 0x00, 0x84, 0xFF, 0x72, 0x00, 0x00, 0xD1, 0x57, 0x00, 0x00, 0x00, 0x3B, 0xFF, 0x43,
0x00, 0x0A, 0xCB, 0xBD, 0x01, 0x00, 0x00, 0x00, 0x00, 0x00, 0x00, 0x3B, 0xFF, 0x43, 0x00, 0x00,
0x09, 0x63, 0x04, 0x00, 0xAF, 0x4C, 0x00, 0x00, 0x00, 0x38, 0xFF, 0x55, 0x00, 0x00, 0x00, 0x00,
0x00, 0x10, 0xFD, 0x80, 0x00, 0x00, 0x00, 0x0D, 0xE9, 0xFF, 0xFF, 0xFF, 0xFF, 0xFF, 0xFF, 0xFF,
0xFE, 0x3E, 0x00, 0x00, 0x00, 0x00, 0x20, 0x75, 0x7F, 0x7F, 0x7F, 0x7F, 0x7F, 0x7C, 0x3C, 0x00,
0x00, 0x00, 0x00, 0x41, 0xB2, 0xC0, 0xC0, 0xC0, 0xC0, 0xC0, 0xC0, 0xC0, 0x89, 0x09, 0xE2, 0xFF,
0xFF, 0xFF, 0xFF, 0xFF, 0xFF, 0xFF, 0xFF, 0xFF, 0x61, 0xFF, 0xFF, 0xFF, 0xFF, 0xFF, 0xFF, 0xFF,
0xEB, 0xFF, 0xFF, 0x80, 0xFF, 0xFF, 0xFF, 0xFF, 0xFF, 0xFF, 0xDA, 0x0E, 0xDF, 0xFF, 0x80, 0xFF,
0xFF, 0xFF, 0xFF, 0xFF, 0xF9, 0x32, 0x75, 0xFF, 0xFF, 0x80, 0xFF, 0xFF, 0xBA, 0xDF, 0xFF, 0x70,
0x34, 0xFA, 0xFF, 0xFF, 0x80, 0xFF, 0xFF, 0x81, 0x1C, 0x93, 0x0E, 0xDC, 0xFF, 0xFF, 0xFF, 0x80,
0xFF, 0xFF, 0xFF, 0x6F, 0x00, 0xA3, 0xFF, 0xFF, 0xFF, 0xFF, 0x80, 0xFF, 0xFF, 0xFF, 0xFF, 0xCE,
0xFF, 0xFF, 0xFF, 0xFF, 0xFF, 0x80, 0xE2, 0xFF, 0xFF, 0xFF, 0xFF, 0xFF, 0xFF, 0xFF, 0xFF, 0xFF,
0x61, 0x43, 0xB3, 0xC0, 0xC0, 0xC0, 0xC0, 0xC0, 0xC0, 0xC0, 0x8B, 0x09, 0x41, 0xB2, 0xC0, 0xC0,
0xC0, 0xC0, 0xC0, 0xC0, 0xC0, 0x89, 0x09, 0xE2, 0xFF, 0xFF, 0xFF, 0xFF, 0xFF, 0xFF, 0xFF, 0xFF,
0xFF, 0x61, 0xFF, 0xFF, 0xFF, 0xFF, 0xFF, 0xFF, 0xFF, 0xEB, 0xFF, 0xFF, 0x80, 0xFF, 0xFF, 0xFF,
0xFF, 0xFF, 0xFF, 0xDA, 0x0E, 0xDF, 0xFF, 0x80, 0xFF, 0xFF, 0xFF, 0xFF, 0xFF, 0xF9, 0x32, 0x75,
0xFF, 0xFF, 0x80, 0xFF, 0xFF, 0xBA, 0xDF, 0xFF, 0x70, 0x34, 0xFA, 0xFF, 0xFF, 0x80, 0xFF, 0xFF,
0x81, 0x1C, 0x93, 0x0E, 0xDC, 0xFF, 0xFF, 0xFF, 0x80, 0xFF, 0xFF, 0xFF, 0x6F, 0x00, 0xA3, 0xFF,
0xFF, 0xFF, 0xFF, 0x80, 0xFF, 0xFF, 0xFF, 0xFF, 0xCE, 0xFF, 0xFF, 0xFF, 0xFF, 0xFF, 0x80, 0xE2,
0xFF, 0xFF, 0xFF, 0xFF, 0xFF, 0xFF, 0xFF, 0xFF, 0xFF, 0x61, 0x43, 0xB3, 0xC0, 0xC0, 0xC0, 0xC0,
0xC0, 0xC0, 0xC0, 0x8B, 0x09, 0x00, 0x00, 0x00, 0x00, 0x00, 0x40, 0x3E, 0x00, 0x00, 0x00, 0x00,
0x00, 0x00, 0x00, 0x00, 0x00, 0x57, 0xFC, 0xFB, 0x53, 0x00, 0x00, 0x00, 0x00, 0x00, 0x00, 0x00,
0x22, 0xFC, 0xFF, 0xFF, 0xFB, 0x1F, 0x00, 0x00, 0x00, 0x00, 0x00, 0x00, 0x08, 0x69, 0xCC, 0xCD,
0x69, 0x06, 0x00, 0x00, 0x00, 0x00, 0x51, 0x90, 0x00, 0x00, 0xBF, 0xBF, 0x00, 0x00, 0x93, 0x4E,
0x00, 0x57, 0xFC, 0xDE, 0x3F, 0x3F, 0xCF, 0xCF, 0x3F, 0x40, 0xE1, 0xFB, 0x54, 0xE9, 0xFF, 0xFF,
0xFF, 0xFF, 0xFF, 0xFF, 0xFF, 0xFF, 0xFF, 0xFF, 0xE4, 0x5B, 0xFD, 0xDD, 0x3F, 0x3F, 0xCF, 0xCF,
0x3F, 0x40, 0xE0, 0xFC, 0x57, 0x00, 0x54, 0x95, 0x00, 0x00, 0xBF, 0xBF, 0x00, 0x00, 0x97, 0x51,
0x00, 0x00, 0x00, 0x00, 0x07, 0x64, 0xCB, 0xCB, 0x64, 0x06, 0x00, 0x00, 0x00, 0x00, 0x00, 0x00,
0x23, 0xFD, 0xFF, 0xFF, 0xFC, 0x1F, 0x00, 0x00, 0x00, 0x00, 0x00, 0x00, 0x00, 0x5B, 0xFD, 0xFC,
0x57, 0x00, 0x00, 0x00, 0x00, 0x00, 0x00, 0x00, 0x00, 0x00, 0x43, 0x41, 0x00, 0x00, 0x00, 0x00,
0x00, 0x00, 0x00, 0x00, 0x00, 0x00, 0x40, 0x3E, 0x00, 0x00, 0x00, 0x00, 0x00, 0x00, 0x00, 0x00,
0x00, 0x57, 0xFC, 0xFB, 0x53, 0x00, 0x00, 0x00, 0x00, 0x00, 0x00, 0x00, 0x22, 0xFC, 0xFF, 0xFF,
0xFB, 0x1F, 0x00, 0x00, 0x00, 0x00, 0x00, 0x00, 0x08, 0x69, 0xCC, 0xCD, 0x69, 0x06, 0x00, 0x00,
0x00, 0x00, 0x51, 0x90, 0x00, 0x00, 0xBF, 0xBF, 0x00, 0x00, 0x93, 0x4E, 0x00, 0x57, 0xFC, 0xDE,
0x3F, 0x3F, 0xCF, 0xCF, 0x3F, 0x40, 0xE1, 0xFB, 0x54, 0xE9, 0xFF, 0xFF, 0xFF, 0xFF, 0xFF, 0xFF,
0xFF, 0xFF, 0xFF, 0xFF, 0xE4, 0x5B, 0xFD, 0xDD, 0x3F, 0x3F, 0xCF, 0xCF, 0x3F, 0x40, 0xE0, 0xFC,
0x57, 0x00, 0x54, 0x95, 0x00, 0x00, 0xBF, 0xBF, 0x00, 0x00, 0x97, 0x51, 0x00, 0x00, 0x00, 0x00,
0x07, 0x64, 0xCB, 0xCB, 0x64, 0x06, 0x00, 0x00, 0x00, 0x00, 0x00, 0x00, 0x23, 0xFD, 0xFF, 0xFF,
0xFC, 0x1F, 0x00, 0x00, 0x00, 0x00, 0x00, 0x00, 0x00, 0x5B, 0xFD, 0xFC, 0x57, 0x00, 0x00, 0x00,
0x00, 0x00, 0x00, 0x00, 0x00, 0x00, 0x43, 0x41, 0x00, 0x00, 0x00, 0x00, 0x00, 0x92, 0x39, 0x00,
0x00, 0x00, 0x00, 0x09, 0x83, 0x75, 0xFF, 0x7F, 0x00, 0x00, 0x00, 0x3E, 0xDB, 0xFF, 0xFD, 0xFF,
0x7F, 0x00, 0x0D, 0x95, 0xFE, 0xFF, 0xFF, 0xFF, 0xFF, 0x7F, 0x48, 0xE1, 0xFF, 0xFF, 0xFF, 0xFF,
0xFF, 0xFF, 0xE4, 0xFF, 0xFF, 0xFF, 0xFF, 0xFF, 0xFF, 0xFF, 0xFF, 0xFF, 0xFF, 0xFF, 0xFF, 0xFF,
0xFF, 0xFF, 0xFF, 0xFF, 0xE5, 0xFF, 0xFF, 0xFF, 0xFF, 0xFF, 0xFF, 0xFF, 0xFF, 0x7F, 0x49, 0xE3,
0xFF, 0xFF, 0xFF, 0xFF, 0xFF, 0xFF, 0x7F, 0x00, 0x0E, 0x9A, 0xFF, 0xFF, 0xFF, 0xFF, 0xFF, 0x7F,
0x00, 0x00, 0x00, 0x44, 0xDF, 0xFF, 0xFD, 0x93, 0x39, 0x00, 0x00, 0x00, 0x00, 0x0C, 0x8A, 0x79,
0x92, 0x39, 0x00, 0x00, 0x00, 0x00, 0x09, 0x83, 0x75, 0xFF, 0x7F, 0x00, 0x00, 0x00, 0x3E, 0xDB,
0xFF, 0xFD, 0xFF, 0x7F, 0x00, 0x0D, 0x95, 0xFE, 0xFF, 0xFF, 0xFF, 0xFF, 0x7F, 0x48, 0xE1, 0xFF,
0xFF, 0xFF, 0xFF, 0xFF, 0xFF, 0xE4, 0xFF, 0xFF, 0xFF, 0xFF, 0xFF, 0xFF, 0xFF, 0xFF, 0xFF, 0xFF,
0xFF, 0xFF, 0xFF, 0xFF, 0xFF, 0xFF, 0xFF, 0xE5, 0xFF, 0xFF, 0xFF, 0xFF, 0xFF, 0xFF, 0xFF, 0xFF,
0x7F, 0x49, 0xE3, 0xFF, 0xFF, 0xFF, 0xFF, 0xFF, 0xFF, 0x7F, 0x00, 0x0E, 0x9A, 0xFF, 0xFF, 0xFF,
0xFF, 0xFF, 0x7F, 0x00, 0x00, 0x00, 0x44, 0xDF, 0xFF, 0xFD, 0x93, 0x39, 0x00, 0x00, 0x00, 0x00,
0x0C, 0x8A, 0x79, 0x93, 0x39, 0x00, 0x00, 0x00, 0x7E, 0x59, 0x00, 0x00, 0x00, 0x4E, 0x82, 0xFF,
0x80, 0x00, 0x00, 0x91, 0xFF, 0xC0, 0x00, 0x00, 0x55, 0xFB, 0xFF, 0xFF, 0x80, 0x00, 0x8F, 0xFF,
0xFF, 0xC0, 0x00, 0x54, 0xFB, 0xFF, 0xFF, 0xFF, 0x80, 0x8D, 0xFF, 0xFF, 0xFF, 0xC0, 0x52, 0xFB,
0xFF, 0xFF, 0xFF, 0xFF, 0xE5, 0xFF, 0xFF, 0xFF, 0xFF, 0xEB, 0xFA, 0xFF, 0xFF, 0xFF, 0xFF, 0xFF,
0xFF, 0xFF, 0xFF, 0xFF, 0xFF, 0xFF, 0xFF, 0xFF, 0xFF, 0xFF, 0xFF, 0xFF, 0xE7, 0xFF, 0xFF, 0xFF,
0xFF, 0xEC, 0xFB, 0xFF, 0xFF, 0xFF, 0xFF, 0xFF, 0x80, 0x91, 0xFF, 0xFF, 0xFF, 0xC0, 0x56, 0xFC,
0xFF, 0xFF, 0xFF, 0xFF, 0x80, 0x00, 0x93, 0xFF, 0xFF, 0xC0, 0x00, 0x57, 0xFC, 0xFF, 0xFF, 0xFF,
0x80, 0x00, 0x00, 0x95, 0xFF, 0xC0, 0x00, 0x00, 0x59, 0xFC, 0xFF, 0x93, 0x39, 0x00, 0x00, 0x01,
0x83, 0x5D, 0x00, 0x00, 0x00, 0x55, 0x8C, 0x93, 0x39, 0x00, 0x00, 0x00, 0x7E, 0x59, 0x00, 0x00,
0x00, 0x4E, 0x82, 0xFF, 0x80, 0x00, 0x00, 0x91, 0xFF, 0xC0, 0x00, 0x00, 0x55, 0xFB, 0xFF, 0xFF,
0x80, 0x00, 0x8F, 0xFF, 0xFF, 0xC0, 0x00, 0x54, 0xFB, 0xFF, 0xFF, 0xFF, 0x80, 0x8D, 0xFF, 0xFF,
0xFF, 0xC0, 0x52, 0xFB, 0xFF, 0xFF, 0xFF, 0xFF, 0xE5, 0xFF, 0xFF, 0xFF, 0xFF, 0xEB, 0xFA, 0xFF,
0xFF, 0xFF, 0xFF, 0xFF, 0xFF, 0xFF, 0xFF, 0xFF, 0xFF, 0xFF, 0xFF, 0xFF, 0xFF, 0xFF, 0xFF, 0xFF,
0xE7, 0xFF, 0xFF, 0xFF, 0xFF, 0xEC, 0xFB, 0xFF, 0xFF, 0xFF, 0xFF, 0xFF, 0x80, 0x91, 0xFF, 0xFF,
0xFF, 0xC0, 0x56, 0xFC, 0xFF, 0xFF, 0xFF, 0xFF, 0x80, 0x00, 0x93, 0xFF, 0xFF, 0xC0, 0x00, 0x57,
0xFC, 0xFF, 0xFF, 0xFF, 0x80, 0x00, 0x00, 0x95, 0xFF, 0xC0, 0x00, 0x00, 0x59, 0xFC, 0xFF, 0x93,
0x39, 0x00, 0x00, 0x01, 0x83, 0x5D, 0x00, 0x00, 0x00, 0x55, 0x8C, 0x00, 0x00, 0x00, 0x00, 0x3D,
0xAB, 0x1A, 0x00, 0x00, 0x01, 0x7D, 0x85, 0x00, 0x00, 0x00, 0x48, 0xF6, 0xFF, 0x5E, 0x00, 0x02,
0x9C, 0xFF, 0xFE, 0x00, 0x00, 0x50, 0xF9, 0xFF, 0xFF, 0x60, 0x04, 0xA6, 0xFF, 0xFF, 0xFF, 0x00,
0x59, 0xFB, 0xFF, 0xFF, 0xFF, 0x66, 0xAF, 0xFF, 0xFF, 0xFF, 0xFF, 0x60, 0xFD, 0xFF, 0xFF, 0xFF,
0xFF, 0xED, 0xFF, 0xFF, 0xFF, 0xFF, 0xFF, 0xE5, 0xFF, 0xFF, 0xFF, 0xFF, 0xFF, 0xFF, 0xFF, 0xFF,
0xFF, 0xFF, 0xFF, 0x63, 0xFE, 0xFF, 0xFF, 0xFF, 0xFF, 0xED, 0xFF, 0xFF, 0xFF, 0xFF, 0xFF, 0x00,
0x5D, 0xFC, 0xFF, 0xFF, 0xFF, 0x66, 0xB0, 0xFF, 0xFF, 0xFF, 0xFF, 0x00, 0x00, 0x54, 0xFA, 0xFF,
0xFF, 0x60, 0x04, 0xA8, 0xFF, 0xFF, 0xFF, 0x00, 0x00, 0x00, 0x4B, 0xF7, 0xFF, 0x5E, 0x00, 0x02,
0x9F, 0xFF, 0xFE, 0x00, 0x00, 0x00, 0x00, 0x40, 0xAF, 0x1C, 0x00, 0x00, 0x01, 0x81, 0x88, 0x00,
0x00, 0x00, 0x00, 0x3D, 0xAB, 0x1A, 0x00, 0x00, 0x01, 0x7D, 0x85, 0x00, 0x00, 0x00, 0x48, 0xF6,
0xFF, 0x5E, 0x00, 0x02, 0x9C, 0xFF, 0xFE, 0x00, 0x00, 0x50, 0xF9, 0xFF, 0xFF, 0x60, 0x04, 0xA6,
0xFF, 0xFF, 0xFF, 0x00, 0x59, 0xFB, 0xFF, 0xFF, 0xFF, 0x66, 0xAF, 0xFF, 0xFF, 0xFF, 0xFF, 0x60,
0xFD, 0xFF, 0xFF, 0xFF, 0xFF, 0xED, 0xFF, 0xFF, 0xFF, 0xFF, 0xFF, 0xE5, 0xFF, 0xFF, 0xFF, 0xFF,
0xFF, 0xFF, 0xFF, 0xFF, 0xFF, 0xFF, 0xFF, 0x63, 0xFE, 0xFF, 0xFF, 0xFF, 0xFF, 0xED, 0xFF, 0xFF,
0xFF, 0xFF, 0xFF, 0x00, 0x5D, 0xFC, 0xFF, 0xFF, 0xFF, 0x66, 0xB0, 0xFF, 0xFF, 0xFF, 0xFF, 0x00,
0x00, 0x54, 0xFA, 0xFF, 0xFF, 0x60, 0x04, 0xA8, 0xFF, 0xFF, 0xFF, 0x00, 0x00, 0x00, 0x4B, 0xF7,
0xFF, 0x5E, 0x00, 0x02, 0x9F, 0xFF, 0xFE, 0x00, 0x00, 0x00, 0x00, 0x40, 0xAF, 0x1C, 0x00, 0x00,
0x01, 0x81, 0x88, 0x04, 0xA1, 0x6A, 0x04, 0x00, 0x00, 0x00, 0x00, 0x00, 0x00, 0x00, 0x3D, 0xFF,
0xFF, 0xDA, 0x52, 0x00, 0x00, 0x00, 0x00, 0x00, 0x00, 0x3F, 0xFF, 0xFF, 0xFF, 0xFF, 0xC5, 0x3A,
0x00, 0x00, 0x00, 0x00, 0x3F, 0xFF, 0xFF, 0xFF, 0xFF, 0xFF, 0xFF, 0xAD, 0x26, 0x00, 0x00, 0x3F,
0xFF, 0xFF, 0xFF, 0xFF, 0xFF, 0xFF, 0xFF, 0xFB, 0x95, 0x07, 0x3F, 0xFF, 0xFF, 0xFF, 0xFF, 0xFF,
0xFF, 0xFF, 0xFF, 0xFF, 0x58, 0x3F, 0xFF, 0xFF, 0xFF, 0xFF, 0xFF, 0xFF, 0xFF, 0xFC, 0x9A, 0x08,
0x3F, 0xFF, 0xFF, 0xFF, 0xFF, 0xFF, 0xFF, 0xB2, 0x29, 0x00, 0x00, 0x3F, 0xFF, 0xFF, 0xFF, 0xFF,
0xC9, 0x3E, 0x00, 0x00, 0x00, 0x00, 0x3D, 0xFF, 0xFF, 0xDD, 0x57, 0x00, 0x00, 0x00, 0x00, 0x00,
0x00, 0x04, 0xA2, 0x6F, 0x06, 0x00, 0x00, 0x00, 0x00, 0x00, 0x00, 0x00, 0x04, 0xA1, 0x6A, 0x04,
0x00, 0x00, 0x00, 0x00, 0x00, 0x00, 0x00, 0x3D, 0xFF, 0xFF, 0xDA, 0x52, 0x00, 0x00, 0x00, 0x00,
0x00, 0x00, 0x3F, 0xFF, 0xFF, 0xFF, 0xFF, 0xC5, 0x3A, 0x00, 0x00, 0x00, 0x00, 0x3F, 0xFF, 0xFF,
0xFF, 0xFF, 0xFF, 0xFF, 0xAD, 0x26, 0x00, 0x00, 0x3F, 0xFF, 0xFF, 0xFF, 0xFF, 0xFF, 0xFF, 0xFF,
0xFB, 0x95, 0x07, 0x3F, 0xFF, 0xFF, 0xFF, 0xFF, 0xFF, 0xFF, 0xFF, 0xFF, 0xFF, 0x58, 0x3F, 0xFF,
0xFF, 0xFF, 0xFF, 0xFF, 0xFF, 0xFF, 0xFC, 0x9A, 0x08, 0x3F, 0xFF, 0xFF, 0xFF, 0xFF, 0xFF, 0xFF,
0xB2, 0x29, 0x00, 0x00, 0x3F, 0xFF, 0xFF, 0xFF, 0xFF, 0xC9, 0x3E, 0x00, 0x00, 0x00, 0x00, 0x3D,
0xFF, 0xFF, 0xDD, 0x57, 0x00, 0x00, 0x00, 0x00, 0x00, 0x00, 0x04, 0xA2, 0x6F, 0x06, 0x00, 0x00,
0x00, 0x00, 0x00, 0x00, 0x00, 0x68, 0xBF, 0xB8, 0x3F, 0x00, 0x3F, 0xB8, 0xBF, 0x68, 0xF8, 0xFF,
0xFF, 0xB8, 0x00, 0xB8, 0xFF, 0xFF, 0xF8, 0xFF, 0xFF, 0xFF, 0xBF, 0x00, 0xBF, 0xFF, 0xFF, 0xFF,
0xFF, 0xFF, 0xFF, 0xBF, 0x00, 0xBF, 0xFF, 0xFF, 0xFF, 0xFF, 0xFF, 0xFF, 0xBF, 0x00, 0xBF, 0xFF,
0xFF, 0xFF, 0xFF, 0xFF, 0xFF, 0xBF, 0x00, 0xBF, 0xFF, 0xFF, 0xFF, 0xFF, 0xFF, 0xFF, 0xBF, 0x00,
0xBF, 0xFF, 0xFF, 0xFF, 0xFF, 0xFF, 0xFF, 0xBF, 0x00, 0xBF, 0xFF, 0xFF, 0xFF, 0xFF, 0xFF, 0xFF,
0xBF, 0x00, 0xBF, 0xFF, 0xFF, 0xFF, 0xF8, 0xFF, 0xFF, 0xB8, 0x00, 0xB8, 0xFF, 0xFF, 0xF8, 0x6A,
0xBF, 0xB8, 0x41, 0x00, 0x41, 0xB8, 0xBF, 0x6A, 0x68, 0xBF, 0xB8, 0x3F, 0x00, 0x3F, 0xB8, 0xBF,
0x68, 0xF8, 0xFF, 0xFF, 0xB8, 0x00, 0xB8, 0xFF, 0xFF, 0xF8, 0xFF, 0xFF, 0xFF, 0xBF, 0x00, 0xBF,
0xFF, 0xFF, 0xFF, 0xFF, 0xFF, 0xFF, 0xBF, 0x00, 0xBF, 0xFF, 0xFF, 0xFF, 0xFF, 0xFF, 0xFF, 0xBF,
0x00, 0xBF, 0xFF, 0xFF, 0xFF, 0xFF, 0xFF, 0xFF, 0xBF, 0x00, 0xBF, 0xFF, 0xFF, 0xFF, 0xFF, 0xFF,
0xFF, 0xBF, 0x00, 0xBF, 0xFF, 0xFF, 0xFF, 0xFF, 0xFF, 0xFF, 0xBF, 0x00, 0xBF, 0xFF, 0xFF, 0xFF,
0xFF, 0xFF, 0xFF, 0xBF, 0x00, 0xBF, 0xFF, 0xFF, 0xFF, 0xF8, 0xFF, 0xFF, 0xB8, 0x00, 0xB8, 0xFF,
0xFF, 0xF8, 0x6A, 0xBF, 0xB8, 0x41, 0x00, 0x41, 0xB8, 0xBF, 0x6A, 0x41, 0xB2, 0xC0, 0xC0, 0xC0,
0xC0, 0xC0, 0xC0, 0xC0, 0x89, 0x09, 0xE2, 0xFF, 0xFF, 0xFF, 0xFF, 0xFF, 0xFF, 0xFF, 0xFF, 0xFF,
0x61, 0xFF, 0xFF, 0xFF, 0xFF, 0xFF, 0xFF, 0xFF, 0xFF, 0xFF, 0xFF, 0x80, 0xFF, 0xFF, 0xFF, 0xFF,
0xFF, 0xFF, 0xFF, 0xFF, 0xFF, 0xFF, 0x80, 0xFF, 0xFF, 0xFF, 0xFF, 0xFF, 0xFF, 0xFF, 0xFF, 0xFF,
0xFF, 0x80, 0xFF, 0xFF, 0xFF, 0xFF, 0xFF, 0xFF, 0xFF, 0xFF, 0xFF, 0xFF, 0x80, 0xFF, 0xFF, 0xFF,
0xFF, 0xFF, 0xFF, 0xFF, 0xFF, 0xFF, 0xFF, 0x80, 0xFF, 0xFF, 0xFF, 0xFF, 0xFF, 0xFF, 0xFF, 0xFF,
0xFF, 0xFF, 0x80, 0xFF, 0xFF, 0xFF, 0xFF, 0xFF, 0xFF, 0xFF, 0xFF, 0xFF, 0xFF, 0x80, 0xE2, 0xFF,
0xFF, 0xFF, 0xFF, 0xFF, 0xFF, 0xFF, 0xFF, 0xFF, 0x61, 0x43, 0xB3, 0xC0, 0xC0, 0xC0, 0xC0, 0xC0,
0xC0, 0xC0, 0x8B, 0x09, 0x41, 0xB2, 0xC0, 0xC0, 0xC0, 0xC0, 0xC0, 0xC0, 0xC0, 0x89, 0x09, 0xE2,
0xFF, 0xFF, 0xFF, 0xFF, 0xFF, 0xFF, 0xFF, 0xFF, 0xFF, 0x61, 0xFF, 0xFF, 0xFF, 0xFF, 0xFF, 0xFF,
0xFF, 0xFF, 0xFF, 0xFF, 0x80, 0xFF, 0xFF, 0xFF, 0xFF, 0xFF, 0xFF, 0xFF, 0xFF, 0xFF, 0xFF, 0x80,
0xFF, 0xFF, 0xFF, 0xFF, 0xFF, 0xFF, 0xFF, 0xFF, 0xFF, 0xFF, 0x80, 0xFF, 0xFF, 0xFF, 0xFF, 0xFF,
0xFF, 0xFF, 0xFF, 0xFF, 0xFF, 0x80, 0xFF, 0xFF, 0xFF, 0xFF, 0xFF, 0xFF, 0xFF, 0xFF, 0xFF, 0xFF,
0x80, 0xFF, 0xFF, 0xFF, 0xFF, 0xFF, 0xFF, 0xFF, 0xFF, 0xFF, 0xFF, 0x80, 0xFF, 0xFF, 0xFF, 0xFF,
0xFF, 0xFF, 0xFF, 0xFF, 0xFF, 0xFF, 0x80, 0xE2, 0xFF, 0xFF, 0xFF, 0xFF, 0xFF, 0xFF, 0xFF, 0xFF,
0xFF, 0x61, 0x43, 0xB3, 0xC0, 0xC0, 0xC0, 0xC0, 0xC0, 0xC0, 0xC0, 0x8B, 0x09, 0x2D, 0xAB, 0x2B,
0x00, 0x00, 0x00, 0x6F, 0x8F, 0x06, 0x00, 0x00, 0x00, 0x00, 0x7E, 0xFF, 0xEC, 0x32, 0x00, 0x00,
0xDE, 0xFF, 0xB5, 0x08, 0x00, 0x00, 0x00, 0x7F, 0xFF, 0xFF, 0xF0, 0x39, 0x00, 0xDF, 0xFF, 0xFF,
0xBD, 0x0B, 0x00, 0x00, 0x7F, 0xFF, 0xFF, 0xFF, 0xF3, 0x41, 0xDF, 0xFF, 0xFF, 0xFF, 0xC5, 0x0F,
0x00, 0x7F, 0xFF, 0xFF, 0xFF, 0xFF, 0xF7, 0xF5, 0xFF, 0xFF, 0xFF, 0xFF, 0xCC, 0x10, 0x7F, 0xFF,
0xFF, 0xFF, 0xFF, 0xFF, 0xFF, 0xFF, 0xFF, 0xFF, 0xFF, 0xFF, 0x65, 0x7F, 0xFF, 0xFF, 0xFF, 0xFF,
0xF7, 0xF5, 0xFF, 0xFF, 0xFF, 0xFF, 0xCF, 0x12, 0x7F, 0xFF, 0xFF, 0xFF, 0xF4, 0x42, 0xDF, 0xFF,
0xFF, 0xFF, 0xC8, 0x10, 0x00, 0x7F, 0xFF, 0xFF, 0xF1, 0x3B, 0x00, 0xDF, 0xFF, 0xFF, 0xC1, 0x0D,
0x00, 0x00, 0x7E, 0xFF, 0xED, 0x34, 0x00, 0x00, 0xDE, 0xFF, 0xB9, 0x09, 0x00, 0x00, 0x00, 0x2F,
0xAE, 0x2D, 0x00, 0x00, 0x00, 0x72, 0x93, 0x07, 0x00, 0x00, 0x00, 0x00, 0x2D, 0xAB, 0x2B, 0x00,
0x00, 0x00, 0x6F, 0x8F, 0x06, 0x00, 0x00, 0x00, 0x00, 0x7E, 0xFF, 0xEC, 0x32, 0x00, 0x00, 0xDE,
0xFF, 0xB5, 0x08, 0x00, 0x00, 0x00, 0x7F, 0xFF, 0xFF, 0xF0, 0x39, 0x00, 0xDF, 0xFF, 0xFF, 0xBD,
0x0B, 0x00, 0x00, 0x7F, 0xFF, 0xFF, 0xFF, 0xF3, 0x41, 0xDF, 0xFF, 0xFF, 0xFF, 0xC5, 0x0F, 0x00,
0x7F, 0xFF, 0xFF, 0xFF, 0xFF, 0xF7, 0xF5, 0xFF, 0xFF, 0xFF, 0xFF, 0xCC, 0x10, 0x7F, 0xFF, 0xFF,
0xFF, 0xFF, 0xFF, 0xFF, 0xFF, 0xFF, 0xFF, 0xFF, 0xFF, 0x65, 0x7F, 0xFF, 0xFF, 0xFF, 0xFF, 0xF7,
0xF5, 0xFF, 0xFF, 0xFF, 0xFF, 0xCF, 0x12, 0x7F, 0xFF, 0xFF, 0xFF, 0xF4, 0x42, 0xDF, 0xFF, 0xFF,
0xFF, 0xC8, 0x10, 0x00, 0x7F, 0xFF, 0xFF, 0xF1, 0x3B, 0x00, 0xDF, 0xFF, 0xFF, 0xC1, 0x0D, 0x00,
0x00, 0x7E, 0xFF, 0xED, 0x34, 0x00, 0x00, 0xDE, 0xFF, 0xB9, 0x09, 0x00, 0x00, 0x00, 0x2F, 0xAE,
0x2D, 0x00, 0x00, 0x00, 0x72, 0x93, 0x07, 0x00, 0x00, 0x00, 0x00, 0x87, 0x4F, 0x00, 0x00, 0x00,
0x5A, 0x73, 0x00, 0x00, 0x00, 0x39, 0x92, 0xFF, 0xFB, 0x53, 0x00, 0x00, 0xBF, 0xFF, 0x8E, 0x00,
0x00, 0x7F, 0xFF, 0xFF, 0xFF, 0xFB, 0x52, 0x00, 0xBF, 0xFF, 0xFF, 0x8D, 0x00, 0x7F, 0xFF, 0xFF,
0xFF, 0xFF, 0xFA, 0x51, 0xBF, 0xFF, 0xFF, 0xFF, 0x8C, 0x80, 0xFF, 0xFF, 0xFF, 0xFF, 0xFF, 0xFA,
0xEA, 0xFF, 0xFF, 0xFF, 0xFF, 0xE5, 0xFF, 0xFF, 0xFF, 0xFF, 0xFF, 0xFF, 0xFF, 0xFF, 0xFF, 0xFF,
0xFF, 0xFF, 0xFF, 0xFF, 0xFF, 0xFF, 0xFF, 0xFB, 0xEC, 0xFF, 0xFF, 0xFF, 0xFF, 0xE7, 0xFF, 0xFF,
0xFF, 0xFF, 0xFB, 0x55, 0xBF, 0xFF, 0xFF, 0xFF, 0x90, 0x80, 0xFF, 0xFF, 0xFF, 0xFB, 0x56, 0x00,
0xBF, 0xFF, 0xFF, 0x91, 0x00, 0x7F, 0xFF, 0xFF, 0xFC, 0x56, 0x00, 0x00, 0xBF, 0xFF, 0x92, 0x00,
0x00, 0x7F, 0xFF, 0x8C, 0x52, 0x00, 0x00, 0x00, 0x5E, 0x81, 0x00, 0x00, 0x00, 0x3A, 0x93, 0x87,
0x4F, 0x00, 0x00, 0x00, 0x5A, 0x73, 0x00, 0x00, 0x00, 0x39, 0x92, 0xFF, 0xFB, 0x53, 0x00, 0x00,
0xBF, 0xFF, 0x8E, 0x00, 0x00, 0x7F, 0xFF, 0xFF, 0xFF, 0xFB, 0x52, 0x00, 0xBF, 0xFF, 0xFF, 0x8D,
0x00, 0x7F, 0xFF, 0xFF, 0xFF, 0xFF, 0xFA, 0x51, 0xBF, 0xFF, 0xFF, 0xFF, 0x8C, 0x80, 0xFF, 0xFF,
0xFF, 0xFF, 0xFF, 0xFA, 0xEA, 0xFF, 0xFF, 0xFF, 0xFF, 0xE5, 0xFF, 0xFF, 0xFF, 0xFF, 0xFF, 0xFF,
0xFF, 0xFF, 0xFF, 0xFF, 0xFF, 0xFF, 0xFF, 0xFF, 0xFF, 0xFF, 0xFF, 0xFB, 0xEC, 0xFF, 0xFF, 0xFF,
0xFF, 0xE7, 0xFF, 0xFF, 0xFF, 0xFF, 0xFB, 0x55, 0xBF, 0xFF, 0xFF, 0xFF, 0x90, 0x80, 0xFF, 0xFF,
0xFF, 0xFB, 0x56, 0x00, 0xBF, 0xFF, 0xFF, 0x91, 0x00, 0x7F, 0xFF, 0xFF, 0xFC, 0x56, 0x00, 0x00,
0xBF, 0xFF, 0x92, 0x00, 0x00, 0x7F, 0xFF, 0x8C, 0x52, 0x00, 0x00, 0x00, 0x5E, 0x81, 0x00, 0x00,
0x00, 0x3A, 0x93, 0x77, 0x83, 0x09, 0x00, 0x00, 0x00, 0x00, 0x39, 0x92, 0xFD, 0xFF, 0xDB, 0x3E,
0x00, 0x00, 0x00, 0x80, 0xFF, 0xFF, 0xFF, 0xFF, 0xFE, 0x95, 0x0D, 0x00, 0x80, 0xFF, 0xFF, 0xFF,
0xFF, 0xFF, 0xFF, 0xE1, 0x47, 0x80, 0xFF, 0xFF, 0xFF, 0xFF, 0xFF, 0xFF, 0xFF, 0xFF, 0xE4, 0xFF,
0xFF, 0xFF, 0xFF, 0xFF, 0xFF, 0xFF, 0xFF, 0xFF, 0xFF, 0xFF, 0xFF, 0xFF, 0xFF, 0xFF, 0xFF, 0xFF,
0xE5, 0xFF, 0xFF, 0xFF, 0xFF, 0xFF, 0xFF, 0xE3, 0x49, 0x80, 0xFF, 0xFF, 0xFF, 0xFF, 0xFF, 0x9A,
0x0E, 0x00, 0x80, 0xFF, 0xFD, 0xFF, 0xDF, 0x43, 0x00, 0x00, 0x00, 0x80, 0xFF, 0x7B, 0x8B, 0x0C,
0x00, 0x00, 0x00, 0x00, 0x3A, 0x92, 0x77, 0x83, 0x09, 0x00, 0x00, 0x00, 0x00, 0x39, 0x92, 0xFD,
0xFF, 0xDB, 0x3E, 0x00, 0x00, 0x00, 0x80, 0xFF, 0xFF, 0xFF, 0xFF, 0xFE, 0x95, 0x0D, 0x00, 0x80,
0xFF, 0xFF, 0xFF, 0xFF, 0xFF, 0xFF, 0xE1, 0x47, 0x80, 0xFF, 0xFF, 0xFF, 0xFF, 0xFF, 0xFF, 0xFF,
0xFF, 0xE4, 0xFF, 0xFF, 0xFF, 0xFF, 0xFF, 0xFF, 0xFF, 0xFF, 0xFF, 0xFF, 0xFF, 0xFF, 0xFF, 0xFF,
0xFF, 0xFF, 0xFF, 0xE5, 0xFF, 0xFF, 0xFF, 0xFF, 0xFF, 0xFF, 0xE3, 0x49, 0x80, 0xFF, 0xFF, 0xFF,
0xFF, 0xFF, 0x9A, 0x0E, 0x00, 0x80, 0xFF, 0xFD, 0xFF, 0xDF, 0x43, 0x00, 0x00, 0x00, 0x80, 0xFF,
0x7B, 0x8B, 0x0C, 0x00, 0x00, 0x00, 0x00, 0x3A, 0x92, 0x00, 0x00, 0x00, 0x00, 0x5B, 0x9B, 0x16,
0x00, 0x00, 0x00, 0x00, 0x00, 0x00, 0x00, 0x62, 0xFF, 0xFF, 0xCE, 0x0E, 0x00, 0x00, 0x00, 0x00,
0x00, 0x4F, 0xFC, 0xFF, 0xFF, 0xFF, 0xBF, 0x07, 0x00, 0x00, 0x00, 0x3F, 0xF7, 0xFF, 0xFF, 0xFF,
0xFF, 0xFF, 0xAE, 0x03, 0x00, 0x30, 0xF1, 0xFF, 0xFF, 0xFF, 0xFF, 0xFF, 0xFF, 0xFF, 0x9B, 0x00,
0xDB, 0xFF, 0xFF, 0xFF, 0xFF, 0xFF, 0xFF, 0xFF, 0xFF, 0xFF, 0x59, 0xAF, 0xFF, 0xFF, 0xFF, 0xFF,
0xFF, 0xFF, 0xFF, 0xFF, 0xF1, 0x3C, 0x00, 0x00, 0x00, 0x00, 0x00, 0x00, 0x00, 0x00, 0x00, 0x00,
0x00, 0x35, 0x7F, 0x80, 0x80, 0x80, 0x80, 0x80, 0x80, 0x80, 0x6A, 0x0A, 0xE3, 0xFF, 0xFF, 0xFF,
0xFF, 0xFF, 0xFF, 0xFF, 0xFF, 0xFF, 0x63, 0x6A, 0xBF, 0xC0, 0xC0, 0xC0, 0xC0, 0xC0, 0xC0, 0xC0,
0xAC, 0x1D, 0x00, 0x00, 0x00, 0x00, 0x5B, 0x9B, 0x16, 0x00, 0x00, 0x00, 0x00, 0x00, 0x00, 0x00,
0x62, 0xFF, 0xFF, 0xCE, 0x0E, 0x00, 0x00, 0x00, 0x00, 0x00, 0x4F, 0xFC, 0xFF, 0xFF, 0xFF, 0xBF,
0x07, 0x00, 0x00, 0x00, 0x3F, 0xF7, 0xFF, 0xFF, 0xFF, 0xFF, 0xFF, 0xAE, 0x03, 0x00, 0x30, 0xF1,
0xFF, 0xFF, 0xFF, 0xFF, 0xFF, 0xFF, 0xFF, 0x9B, 0x00, 0xDB, 0xFF, 0xFF, 0xFF, 0xFF, 0xFF, 0xFF,
0xFF, 0xFF, 0xFF, 0x59, 0xAF, 0xFF, 0xFF, 0xFF, 0xFF, 0xFF, 0xFF, 0xFF, 0xFF, 0xF1, 0x3C, 0x00,
0x00, 0x00, 0x00, 0x00, 0x00, 0x00, 0x00, 0x00, 0x00, 0x00, 0x35, 0x7F, 0x80, 0x80, 0x80, 0x80,
0x80, 0x80, 0x80, 0x6A, 0x0A, 0xE3, 0xFF, 0xFF, 0xFF, 0xFF, 0xFF, 0xFF, 0xFF, 0xFF, 0xFF, 0x63,
0x6A, 0xBF, 0xC0, 0xC0, 0xC0, 0xC0, 0xC0, 0xC0, 0xC0, 0xAC, 0x1D, 0x00, 0x00, 0x00, 0x00, 0x51,
0x90, 0x00, 0x00, 0x00, 0x57, 0xFC, 0xBC, 0x00, 0x00, 0x57, 0xFC, 0xC4, 0x0D, 0x00, 0x57, 0xFC,
0xC3, 0x0C, 0x00, 0x57, 0xFC, 0xC2, 0x0C, 0x00, 0x00, 0xE9, 0xF5, 0x16, 0x00, 0x00, 0x00, 0x5B,
0xFD, 0xC1, 0x0B, 0x00, 0x00, 0x00, 0x5B, 0xFD, 0xC1, 0x0B, 0x00, 0x00, 0x00, 0x5B, 0xFD, 0xC2,
0x0C, 0x00, 0x00, 0x00, 0x5B, 0xFD, 0xB9, 0x00, 0x00, 0x00, 0x00, 0x54, 0x95, 0x00, 0x00, 0x00,
0x00, 0x51, 0x90, 0x00, 0x00, 0x00, 0x57, 0xFC, 0xBC, 0x00, 0x00, 0x57, 0xFC, 0xC4, 0x0D, 0x00,
0x57, 0xFC, 0xC3, 0x0C, 0x00, 0x57, 0xFC, 0xC2, 0x0C, 0x00, 0x00, 0xE9, 0xF5, 0x16, 0x00, 0x00,
0x00, 0x5B, 0xFD, 0xC1, 0x0B, 0x00, 0x00, 0x00, 0x5B, 0xFD, 0xC1, 0x0B, 0x00, 0x00, 0x00, 0x5B,
0xFD, 0xC2, 0x0C, 0x00, 0x00, 0x00, 0x5B, 0xFD, 0xB9, 0x00, 0x00, 0x00, 0x00, 0x54, 0x95, 0x37,
0x9A, 0x0C, 0x00, 0x00, 0x00, 0x00, 0x3E, 0xFB, 0xC2, 0x0C, 0x00, 0x00, 0x00, 0x00, 0x55, 0xFB,
0xC2, 0x0C, 0x00, 0x00, 0x00, 0x00, 0x55, 0xFB, 0xC2, 0x0C, 0x00, 0x00, 0x00, 0x00, 0x55, 0xFB,
0xC2, 0x0C, 0x00, 0x00, 0x00, 0x00, 0x90, 0xFF, 0x67, 0x00, 0x00, 0x00, 0x53, 0xFB, 0xC6, 0x0D,
0x00, 0x00, 0x52, 0xFB, 0xC6, 0x0D, 0x00, 0x00, 0x52, 0xFB, 0xC6, 0x0D, 0x00, 0x00, 0x3D, 0xFA,
0xC6, 0x0D, 0x00, 0x00, 0x00, 0x39, 0x9E, 0x0D, 0x00, 0x00, 0x00, 0x00, 0x37, 0x9A, 0x0C, 0x00,
0x00, 0x00, 0x00, 0x3E, 0xFB, 0xC2, 0x0C, 0x00, 0x00, 0x00, 0x00, 0x55, 0xFB, 0xC2, 0x0C, 0x00,
0x00, 0x00, 0x00, 0x55, 0xFB, 0xC2, 0x0C, 0x00, 0x00, 0x00, 0x00, 0x55, 0xFB, 0xC2, 0x0C, 0x00,
0x00, 0x00, 0x00, 0x90, 0xFF, 0x67, 0x00, 0x00, 0x00, 0x53, 0xFB, 0xC6, 0x0D, 0x00, 0x00, 0x52,
0xFB, 0xC6, 0x0D, 0x00, 0x00, 0x52, 0xFB, 0xC6, 0x0D, 0x00, 0x00, 0x3D, 0xFA, 0xC6, 0x0D, 0x00,
0x00, 0x00, 0x39, 0x9E, 0x0D, 0x00, 0x00, 0x00, 0x00, 0x00, 0x00, 0x00, 0x04, 0x30, 0x64, 0x65,
0x30, 0x04, 0x00, 0x00, 0x00, 0x00, 0x00, 0x3E, 0xDD, 0xFF, 0xFF, 0xFF, 0xFF, 0xDC, 0x3C, 0x00,
0x00, 0x00, 0x61, 0xFD, 0xFF, 0xFF, 0xFF, 0xFF, 0xFF, 0xFF, 0xFD, 0x5F, 0x00, 0x20, 0xF3, 0xFF,
0xFF, 0xFF, 0xFB, 0xFB, 0xFF, 0xFF, 0xFF, 0xF2, 0x1F, 0x97, 0xFF, 0xFF, 0xFF, 0xFF, 0x7A, 0x7B,
0xFF, 0xFF, 0xFF, 0xFF, 0x95, 0xCC, 0xFF, 0xFF, 0xFD, 0xEF, 0x68, 0x68, 0xEF, 0xFD, 0xFF, 0xFF,
0xCA, 0xF3, 0xFF, 0xFF, 0x80, 0x00, 0x00, 0x00, 0x00, 0x81, 0xFF, 0xFF, 0xF2, 0xCC, 0xFF, 0xFF,
0xFD, 0xEF, 0x68, 0x68, 0xEF, 0xFD, 0xFF, 0xFF, 0xCA, 0x97, 0xFF, 0xFF, 0xFF, 0xFF, 0x7A, 0x7A,
0xFF, 0xFF, 0xFF, 0xFF, 0x95, 0x21, 0xF3, 0xFF, 0xFF, 0xFF, 0xFA, 0xFB, 0xFF, 0xFF, 0xFF, 0xF2,
0x20, 0x00, 0x62, 0xFE, 0xFF, 0xFF, 0xFF, 0xFF, 0xFF, 0xFF, 0xFE, 0x60, 0x00, 0x00, 0x00, 0x40,
0xDF, 0xFF, 0xFF, 0xFF, 0xFF, 0xDE, 0x3F, 0x00, 0x00, 0x00, 0x00, 0x00, 0x05, 0x33, 0x66, 0x66,
0x32, 0x05, 0x00, 0x00, 0x00, 0x00, 0x00, 0x00, 0x04, 0x30, 0x64, 0x65, 0x30, 0x04, 0x00, 0x00,
0x00, 0x00, 0x00, 0x3E, 0xDD, 0xFF, 0xFF, 0xFF, 0xFF, 0xDC, 0x3C, 0x00, 0x00, 0x00, 0x61, 0xFD,
0xFF, 0xFF, 0xFF, 0xFF, 0xFF, 0xFF, 0xFD, 0x5F, 0x00, 0x20, 0xF3, 0xFF, 0xFF, 0xFF, 0xFB, 0xFB,
0xFF, 0xFF, 0xFF, 0xF2, 0x1F, 0x97, 0xFF, 0xFF, 0xFF, 0xFF, 0x7A, 0x7B, 0xFF, 0xFF, 0xFF, 0xFF,
0x95, 0xCC, 0xFF, 0xFF, 0xFD, 0xEF, 0x68, 0x68, 0xEF, 0xFD, 0xFF, 0xFF, 0xCA, 0xF3, 0xFF, 0xFF,
0x80, 0x00, 0x00, 0x00, 0x00, 0x81, 0xFF, 0xFF, 0xF2, 0xCC, 0xFF, 0xFF, 0xFD, 0xEF, 0x68, 0x68,
0xEF, 0xFD, 0xFF, 0xFF, 0xCA, 0x97, 0xFF, 0xFF, 0xFF, 0xFF, 0x7A, 0x7A, 0xFF, 0xFF, 0xFF, 0xFF,
0x95, 0x21, 0xF3, 0xFF, 0xFF, 0xFF, 0xFA, 0xFB, 0xFF, 0xFF, 0xFF, 0xF2, 0x20, 0x00, 0x62, 0xFE,
0xFF, 0xFF, 0xFF, 0xFF, 0xFF, 0xFF, 0xFE, 0x60, 0x00, 0x00, 0x00, 0x40, 0xDF, 0xFF, 0xFF, 0xFF,
0xFF, 0xDE, 0x3F, 0x00, 0x00, 0x00, 0x00, 0x00, 0x05, 0x33, 0x66, 0x66, 0x32, 0x05, 0x00, 0x00,
0x00, 0x00, 0x00, 0x00, 0x04, 0x30, 0x64, 0x65, 0x30, 0x04, 0x00, 0x00, 0x00, 0x00, 0x00, 0x3E,
0xDD, 0xFF, 0xFF, 0xFF, 0xFF, 0xDC, 0x3C, 0x00, 0x00, 0x00, 0x61, 0xFD, 0xFF, 0xFF, 0xFF, 0xFF,
0xFF, 0xFF, 0xFD, 0x5F, 0x00, 0x20, 0xF3, 0xFF, 0xFF, 0xFF, 0xFF, 0xFF, 0xFF, 0xFF, 0xFF, 0xF2,
0x1F, 0x97, 0xFF, 0xFF, 0xFF, 0xFF, 0xFF, 0xFF, 0xFF, 0xFF, 0xFF, 0xFF, 0x95, 0xCC, 0xFF, 0xFF,
0xFD, 0xEF, 0xEF, 0xEF, 0xEF, 0xFD, 0xFF, 0xFF, 0xCA, 0xF3, 0xFF, 0xFF, 0x80, 0x00, 0x00, 0x00,
0x00, 0x81, 0xFF, 0xFF, 0xF2, 0xCC, 0xFF, 0xFF, 0xFD, 0xEF, 0xEF, 0xEF, 0xEF, 0xFD, 0xFF, 0xFF,
0xCA, 0x97, 0xFF, 0xFF, 0xFF, 0xFF, 0xFF, 0xFF, 0xFF, 0xFF, 0xFF, 0xFF, 0x95, 0x21, 0xF3, 0xFF,
0xFF, 0xFF, 0xFF, 0xFF, 0xFF, 0xFF, 0xFF, 0xF2, 0x20, 0x00, 0x62, 0xFE, 0xFF, 0xFF, 0xFF, 0xFF,
0xFF, 0xFF, 0xFE, 0x60, 0x00, 0x00, 0x00, 0x40, 0xDF, 0xFF, 0xFF, 0xFF, 0xFF, 0xDE, 0x3F, 0x00,
0x00, 0x00, 0x00, 0x00, 0x05, 0x33, 0x66, 0x66, 0x32, 0x05, 0x00, 0x00, 0x00, 0x00, 0x00, 0x00,
0x04, 0x30, 0x64, 0x65, 0x30, 0x04, 0x00, 0x00, 0x00, 0x00, 0x00, 0x3E, 0xDD, 0xFF, 0xFF, 0xFF,
0xFF, 0xDC, 0x3C, 0x00, 0x00, 0x00, 0x61, 0xFD, 0xFF, 0xFF, 0xFF, 0xFF, 0xFF, 0xFF, 0xFD, 0x5F,
0x00, 0x20, 0xF3, 0xFF, 0xFF, 0xFF, 0xFF, 0xFF, 0xFF, 0xFF, 0xFF, 0xF2, 0x1F, 0x97, 0xFF, 0xFF,
0xFF, 0xFF, 0xFF, 0xFF, 0xFF, 0xFF, 0xFF, 0xFF, 0x95, 0xCC, 0xFF, 0xFF, 0xFD, 0xEF, 0xEF, 0xEF,
0xEF, 0xFD, 0xFF, 0xFF, 0xCA, 0xF3, 0xFF, 0xFF, 0x80, 0x00, 0x00, 0x00, 0x00, 0x81, 0xFF, 0xFF,
0xF2, 0xCC, 0xFF, 0xFF, 0xFD, 0xEF, 0xEF, 0xEF, 0xEF, 0xFD, 0xFF, 0xFF, 0xCA, 0x97, 0xFF, 0xFF,
0xFF, 0xFF, 0xFF, 0xFF, 0xFF, 0xFF, 0xFF, 0xFF, 0x95, 0x21, 0xF3, 0xFF, 0xFF, 0xFF, 0xFF, 0xFF,
0xFF, 0xFF, 0xFF, 0xF2, 0x20, 0x00, 0x62, 0xFE, 0xFF, 0xFF, 0xFF, 0xFF, 0xFF, 0xFF, 0xFE, 0x60,
0x00, 0x00, 0x00, 0x40, 0xDF, 0xFF, 0xFF, 0xFF, 0xFF, 0xDE, 0x3F, 0x00, 0x00, 0x00, 0x00, 0x00,
0x05, 0x33, 0x66, 0x66, 0x32, 0x05, 0x00, 0x00, 0x00, 0x00, 0x00, 0x00, 0x04, 0x30, 0x64, 0x65,
0x30, 0x04, 0x00, 0x00, 0x00, 0x00, 0x00, 0x3E, 0xDD, 0xFF, 0xFF, 0xFF, 0xFF, 0xDC, 0x3C, 0x00,
0x00, 0x00, 0x61, 0xFD, 0xFF, 0xFF, 0xFF, 0xFF, 0xFF, 0xFF, 0xFD, 0x5F, 0x00, 0x20, 0xF3, 0xFF,
0xFF, 0xFF, 0xFF, 0xFF, 0xFF, 0xFF, 0xFF, 0xF2, 0x1F, 0x97, 0xFF, 0xFF, 0xE4, 0x67, 0xF5, 0xF4,
0x65, 0xE5, 0xFF, 0xFF, 0x95, 0xCC, 0xFF, 0xFF, 0xF7, 0x3D, 0x40, 0x3E, 0x3F, 0xF8, 0xFF, 0xFF,
0xCA, 0xF3, 0xFF, 0xFF, 0xFF, 0xE8, 0x0A, 0x0A, 0xE9, 0xFF, 0xFF, 0xFF, 0xF2, 0xCC, 0xFF, 0xFF,
0xF7, 0x3F, 0x3F, 0x3E, 0x41, 0xF9, 0xFF, 0xFF, 0xCA, 0x97, 0xFF, 0xFF, 0xE3, 0x63, 0xF4, 0xF3,
0x62, 0xE5, 0xFF, 0xFF, 0x95, 0x21, 0xF3, 0xFF, 0xFF, 0xFF, 0xFF, 0xFF, 0xFF, 0xFF, 0xFF, 0xF2,
0x20, 0x00, 0x62, 0xFE, 0xFF, 0xFF, 0xFF, 0xFF, 0xFF, 0xFF, 0xFE, 0x60, 0x00, 0x00, 0x00, 0x40,
0xDF, 0xFF, 0xFF, 0xFF, 0xFF, 0xDE, 0x3F, 0x00, 0x00, 0x00, 0x00, 0x00, 0x05, 0x33, 0x66, 0x66,
0x32, 0x05, 0x00, 0x00, 0x00, 0x00, 0x00, 0x00, 0x04, 0x30, 0x64, 0x65, 0x30, 0x04, 0x00, 0x00,
0x00, 0x00, 0x00, 0x3E, 0xDD, 0xFF, 0xFF, 0xFF, 0xFF, 0xDC, 0x3C, 0x00, 0x00, 0x00, 0x61, 0xFD,
0xFF, 0xFF, 0xFF, 0xFF, 0xFF, 0xFF, 0xFD, 0x5F, 0x00, 0x20, 0xF3, 0xFF, 0xFF, 0xFF, 0xFF, 0xFF,
0xFF, 0xFF, 0xFF, 0xF2, 0x1F, 0x97, 0xFF, 0xFF, 0xE4, 0x67, 0xF5, 0xF4, 0x65, 0xE5, 0xFF, 0xFF,
0x95, 0xCC, 0xFF, 0xFF, 0xF7, 0x3D, 0x40, 0x3E, 0x3F, 0xF8, 0xFF, 0xFF, 0xCA, 0xF3, 0xFF, 0xFF,
0xFF, 0xE8, 0x0A, 0x0A, 0xE9, 0xFF, 0xFF, 0xFF, 0xF2, 0xCC, 0xFF, 0xFF, 0xF7, 0x3F, 0x3F, 0x3E,
0x41, 0xF9, 0xFF, 0xFF, 0xCA, 0x97, 0xFF, 0xFF, 0xE3, 0x63, 0xF4, 0xF3, 0x62, 0xE5, 0xFF, 0xFF,
0x95, 0x21, 0xF3, 0xFF, 0xFF, 0xFF, 0xFF, 0xFF, 0xFF, 0xFF, 0xFF, 0xF2, 0x20, 0x00, 0x62, 0xFE,
0xFF, 0xFF, 0xFF, 0xFF, 0xFF, 0xFF, 0xFE, 0x60, 0x00, 0x00, 0x00, 0x40, 0xDF, 0xFF, 0xFF, 0xFF,
0xFF, 0xDE, 0x3F, 0x00, 0x00, 0x00, 0x00, 0x00, 0x05, 0x33, 0x66, 0x66, 0x32, 0x05, 0x00, 0x00,
0x00, 0x00, 0x00, 0x00, 0x04, 0x31, 0x65, 0x65, 0x31, 0x04, 0x00, 0x00, 0x00, 0x00, 0x00, 0x3E,
0xDD, 0xFF, 0xFF, 0xFF, 0xFF, 0xDC, 0x3C, 0x00, 0x00, 0x00, 0x61, 0xFD, 0xFF, 0xFF, 0xFF, 0xFF,
0xFF, 0xFF, 0xFD, 0x5F, 0x00, 0x20, 0xF3, 0xFF, 0xFF, 0xFF, 0xFF, 0xFF, 0xFF, 0xEA, 0xFF, 0xF2,
0x1F, 0x97, 0xFF, 0xFF, 0xFF, 0xFF, 0xFF, 0xFF, 0xA6, 0x21, 0xFF, 0xFF, 0x95, 0xCD, 0xFF, 0xFF,
0xFF, 0xFF, 0xFF, 0xDD, 0x0F, 0xB3, 0xFF, 0xFF, 0xCB, 0xF3, 0xFF, 0xFF, 0xA3, 0xF6, 0xFA, 0x36,
0x6F, 0xFF, 0xFF, 0xFF, 0xF2, 0xCD, 0xFF, 0xFF, 0x41, 0x42, 0x6D, 0x30, 0xF8, 0xFF, 0xFF, 0xFF,
0xCB, 0x97, 0xFF, 0xFF, 0xF3, 0x3B, 0x0B, 0xD8, 0xFF, 0xFF, 0xFF, 0xFF, 0x95, 0x21, 0xF3, 0xFF,
0xFF, 0xF5, 0xD8, 0xFF, 0xFF, 0xFF, 0xFF, 0xF2, 0x20, 0x00, 0x62, 0xFE, 0xFF, 0xFF, 0xFF, 0xFF,
0xFF, 0xFF, 0xFE, 0x60, 0x00, 0x00, 0x00, 0x40, 0xDF, 0xFF, 0xFF, 0xFF, 0xFF, 0xDE, 0x3F, 0x00,
0x00, 0x00, 0x00, 0x00, 0x05, 0x33, 0x67, 0x66, 0x33, 0x05, 0x00, 0x00, 0x00, 0x00, 0x00, 0x00,
0x04, 0x31, 0x65, 0x65, 0x31, 0x04, 0x00, 0x00, 0x00, 0x00, 0x00, 0x3E, 0xDD, 0xFF, 0xFF, 0xFF,
0xFF, 0xDC, 0x3C, 0x00, 0x00, 0x00, 0x61, 0xFD, 0xFF, 0xFF, 0xFF, 0xFF, 0xFF, 0xFF, 0xFD, 0x5F,
0x00, 0x20, 0xF3, 0xFF, 0xFF, 0xFF, 0xFF, 0xFF, 0xFF, 0xEA, 0xFF, 0xF2, 0x1F, 0x97, 0xFF, 0xFF,
0xFF, 0xFF, 0xFF, 0xFF, 0xA6, 0x21, 0xFF, 0xFF, 0x95, 0xCD, 0xFF, 0xFF, 0xFF, 0xFF, 0xFF, 0xDD,
0x0F, 0xB3, 0xFF, 0xFF, 0xCB, 0xF3, 0xFF, 0xFF, 0xA3, 0xF6, 0xFA, 0x36, 0x6F, 0xFF, 0xFF, 0xFF,
0xF2, 0xCD, 0xFF, 0xFF, 0x41, 0x42, 0x6D, 0x30, 0xF8, 0xFF, 0xFF, 0xFF, 0xCB, 0x97, 0xFF, 0xFF,
0xF3, 0x3B, 0x0B, 0xD8, 0xFF, 0xFF, 0xFF, 0xFF, 0x95, 0x21, 0xF3, 0xFF, 0xFF, 0xF5, 0xD8, 0xFF,
0xFF, 0xFF, 0xFF, 0xF2, 0x20, 0x00, 0x62, 0xFE, 0xFF, 0xFF, 0xFF, 0xFF, 0xFF, 0xFF, 0xFE, 0x60,
0x00, 0x00, 0x00, 0x40, 0xDF, 0xFF, 0xFF, 0xFF, 0xFF, 0xDE, 0x3F, 0x00, 0x00, 0x00, 0x00, 0x00,
0x05, 0x33, 0x67, 0x66, 0x33, 0x05, 0x00, 0x00, 0x00, 0x00, 0x00, 0x00, 0x04, 0x30, 0x64, 0x65,
0x30, 0x04, 0x00, 0x00, 0x00, 0x00, 0x00, 0x3E, 0xDD, 0xFF, 0xFF, 0xFF, 0xFF, 0xDC, 0x3C, 0x00,
0x00, 0x00, 0x61, 0xFD, 0xFF, 0xFF, 0xFF, 0xFF, 0xFF, 0xFF, 0xFD, 0x5F, 0x00, 0x20, 0xF3, 0xFF,
0xFF, 0xFA, 0x9E, 0x9E, 0xFA, 0xFF, 0xFF, 0xF2, 0x1F, 0x97, 0xFF, 0xFF, 0xFF, 0x66, 0x25, 0x25,
0x67, 0xFF, 0xFF, 0xFF, 0x95, 0xCC, 0xFF, 0xFF, 0xFF, 0x4E, 0xCF, 0xA0, 0x37, 0xFF, 0xFF, 0xFF,
0xCA, 0xF3, 0xFF, 0xFF, 0xFF, 0xFF, 0xB1, 0x0A, 0xA3, 0xFF, 0xFF, 0xFF, 0xF2, 0xCC, 0xFF, 0xFF,
0xFF, 0xFF, 0xA8, 0xA5, 0xFF, 0xFF, 0xFF, 0xFF, 0xCA, 0x97, 0xFF, 0xFF, 0xFF, 0xFF, 0xB0, 0xB1,
0xFF, 0xFF, 0xFF, 0xFF, 0x95, 0x21, 0xF3, 0xFF, 0xFF, 0xFF, 0x81, 0x82, 0xFF, 0xFF, 0xFF, 0xF2,
0x20, 0x00, 0x62, 0xFE, 0xFF, 0xFF, 0xFF, 0xFF, 0xFF, 0xFF, 0xFE, 0x60, 0x00, 0x00, 0x00, 0x40,
0xDF, 0xFF, 0xFF, 0xFF, 0xFF, 0xDE, 0x3F, 0x00, 0x00, 0x00, 0x00, 0x00, 0x05, 0x33, 0x66, 0x66,
0x32, 0x05, 0x00, 0x00, 0x00, 0x00, 0x00, 0x00, 0x04, 0x30, 0x64, 0x65, 0x30, 0x04, 0x00, 0x00,
0x00, 0x00, 0x00, 0x3E, 0xDD, 0xFF, 0xFF, 0xFF, 0xFF, 0xDC, 0x3C, 0x00, 0x00, 0x00, 0x61, 0xFD,
0xFF, 0xFF, 0xFF, 0xFF, 0xFF, 0xFF, 0xFD, 0x5F, 0x00, 0x20, 0xF3, 0xFF, 0xFF, 0xFA, 0x9E, 0x9E,
0xFA, 0xFF, 0xFF, 0xF2, 0x1F, 0x97, 0xFF, 0xFF, 0xFF, 0x66, 0x25, 0x25, 0x67, 0xFF, 0xFF, 0xFF,
0x95, 0xCC, 0xFF, 0xFF, 0xFF, 0x4E, 0xCF, 0xA0, 0x37, 0xFF, 0xFF, 0xFF, 0xCA, 0xF3, 0xFF, 0xFF,
0xFF, 0xFF, 0xB1, 0x0A, 0xA3, 0xFF, 0xFF, 0xFF, 0xF2, 0xCC, 0xFF, 0xFF, 0xFF, 0xFF, 0xA8, 0xA5,
0xFF, 0xFF, 0xFF, 0xFF, 0xCA, 0x97, 0xFF, 0xFF, 0xFF, 0xFF, 0xB0, 0xB1, 0xFF, 0xFF, 0xFF, 0xFF,
0x95, 0x21, 0xF3, 0xFF, 0xFF, 0xFF, 0x81, 0x82, 0xFF, 0xFF, 0xFF, 0xF2, 0x20, 0x00, 0x62, 0xFE,
0xFF, 0xFF, 0xFF, 0xFF, 0xFF, 0xFF, 0xFE, 0x60, 0x00, 0x00, 0x00, 0x40, 0xDF, 0xFF, 0xFF, 0xFF,
0xFF, 0xDE, 0x3F, 0x00, 0x00, 0x00, 0x00, 0x00, 0x05, 0x33, 0x66, 0x66, 0x32, 0x05, 0x00, 0x00,
0x00, 0x00, 0x00, 0x00, 0x04, 0x30, 0x64, 0x65, 0x30, 0x04, 0x00, 0x00, 0x00, 0x00, 0x00, 0x3E,
0xDD, 0xFF, 0xFF, 0xFF, 0xFF, 0xDC, 0x3C, 0x00, 0x00, 0x00, 0x61, 0xFD, 0xFF, 0xFF, 0xFF, 0xFF,
0xFF, 0xFF, 0xFD, 0x5F, 0x00, 0x20, 0xF3, 0xFF, 0xFF, 0xFF, 0xC6, 0xC6, 0xFF, 0xFF, 0xFF, 0xF2,
0x1F, 0x97, 0xFF, 0xFF, 0xFF, 0xFF, 0x6C, 0x6C, 0xFF, 0xFF, 0xFF, 0xFF, 0x95, 0xCC, 0xFF, 0xFF,
0xFF, 0xF2, 0xC0, 0xE3, 0xFF, 0xFF, 0xFF, 0xFF, 0xCA, 0xF3, 0xFF, 0xFF, 0xFF, 0xAC, 0x14, 0x45,
0xFF, 0xFF, 0xFF, 0xFF, 0xF2, 0xCC, 0xFF, 0xFF, 0xFF, 0xFF, 0x9F, 0x3F, 0xFF, 0xFF, 0xFF, 0xFF,
0xCA, 0x97, 0xFF, 0xFF, 0xFF, 0xC8, 0x3C, 0x18, 0xC8, 0xFF, 0xFF, 0xFF, 0x95, 0x21, 0xF3, 0xFF,
0xFF, 0xD7, 0x80, 0x80, 0xD7, 0xFF, 0xFF, 0xF2, 0x20, 0x00, 0x62, 0xFE, 0xFF, 0xFF, 0xFF, 0xFF,
0xFF, 0xFF, 0xFE, 0x60, 0x00, 0x00, 0x00, 0x40, 0xDF, 0xFF, 0xFF, 0xFF, 0xFF, 0xDE, 0x3F, 0x00,
0x00, 0x00, 0x00, 0x00, 0x05, 0x33, 0x66, 0x66, 0x32, 0x05, 0x00, 0x00, 0x00, 0x00, 0x00, 0x00,
0x04, 0x30, 0x64, 0x65, 0x30, 0x04, 0x00, 0x00, 0x00, 0x00, 0x00, 0x3E, 0xDD, 0xFF, 0xFF, 0xFF,
0xFF, 0xDC, 0x3C, 0x00, 0x00, 0x00, 0x61, 0xFD, 0xFF, 0xFF, 0xFF, 0xFF, 0xFF, 0xFF, 0xFD, 0x5F,
0x00, 0x20, 0xF3, 0xFF, 0xFF, 0xFF, 0xC6, 0xC6, 0xFF, 0xFF, 0xFF, 0xF2, 0x1F, 0x97, 0xFF, 0xFF,
0xFF, 0xFF, 0x6C, 0x6C, 0xFF, 0xFF, 0xFF, 0xFF, 0x95, 0xCC, 0xFF, 0xFF, 0xFF, 0xF2, 0xC0, 0xE3,
0xFF, 0xFF, 0xFF, 0xFF, 0xCA, 0xF3, 0xFF, 0xFF, 0xFF, 0xAC, 0x14, 0x45, 0xFF, 0xFF, 0xFF, 0xFF,
0xF2, 0xCC, 0xFF, 0xFF, 0xFF, 0xFF, 0x9F, 0x3F, 0xFF, 0xFF, 0xFF, 0xFF, 0xCA, 0x97, 0xFF, 0xFF,
0xFF, 0xC8, 0x3C, 0x18, 0xC8, 0xFF, 0xFF, 0xFF, 0x95, 0x21, 0xF3, 0xFF, 0xFF, 0xD7, 0x80, 0x80,
0xD7, 0xFF, 0xFF, 0xF2, 0x20, 0x00, 0x62, 0xFE, 0xFF, 0xFF, 0xFF, 0xFF, 0xFF, 0xFF, 0xFE, 0x60,
0x00, 0x00, 0x00, 0x40, 0xDF, 0xFF, 0xFF, 0xFF, 0xFF, 0xDE, 0x3F, 0x00, 0x00, 0x00, 0x00, 0x00,
0x05, 0x33, 0x66, 0x66, 0x32, 0x05, 0x00, 0x00, 0x00, 0x00, 0x00, 0x00, 0x00, 0x00, 0x00, 0xB3,
0x49, 0x00, 0x00, 0x00, 0x00, 0x00, 0x00, 0x00, 0x00, 0x00, 0x00, 0x34, 0x8B, 0xFF, 0xCF, 0x62,
0x0C, 0x00, 0x00, 0x00, 0x00, 0x00, 0x00, 0x02, 0x8D, 0xFE, 0xF5, 0xFF, 0xF5, 0xFF, 0xDC, 0x31,
0x00, 0x00, 0x00, 0x00, 0x00, 0x7D, 0xFF, 0x8C, 0x0D, 0xB3, 0x49, 0x3D, 0xDF, 0xE6, 0x14, 0x00,
0x00, 0x00, 0x13, 0xFB, 0x9E, 0x00, 0x00, 0x00, 0x00, 0x00, 0x29, 0xF8, 0x8D, 0x00, 0x00, 0x0B,
0x7F, 0xFF, 0x51, 0x00, 0x08, 0x7F, 0x3D, 0x00, 0x0B, 0xC8, 0xE0, 0x2B, 0x00, 0x86, 0xFF, 0xFF,
0xFB, 0x09, 0x46, 0xFF, 0xC5, 0x00, 0x86, 0xFF, 0xFF, 0xFB, 0x09, 0x0C, 0x7F, 0xFF, 0x51, 0x00,
0x09, 0x80, 0x3E, 0x00, 0x0C, 0xC8, 0xE0, 0x2B, 0x00, 0x00, 0x13, 0xFB, 0x9C, 0x00, 0x00, 0x00,
0x00, 0x00, 0x28, 0xF8, 0x8D, 0x00, 0x00, 0x00, 0x00, 0x7D, 0xFF, 0x89, 0x0A, 0xB3, 0x49, 0x38,
0xDD, 0xE6, 0x15, 0x00, 0x00, 0x00, 0x00, 0x02, 0x8E, 0xFE, 0xF3, 0xFF, 0xF3, 0xFF, 0xDC, 0x31,
0x00, 0x00, 0x00, 0x00, 0x00, 0x00, 0x00, 0x35, 0x8C, 0xFF, 0xD0, 0x64, 0x0D, 0x00, 0x00, 0x00,
0x00, 0x00, 0x00, 0x00, 0x00, 0x00, 0x00, 0xB3, 0x49, 0x00, 0x00, 0x00, 0x00, 0x00, 0x00, 0x00,
0x00, 0x00, 0x00, 0x00, 0x00, 0xB3, 0x49, 0x00, 0x00, 0x00, 0x00, 0x00, 0x00, 0x00, 0x00, 0x00,
0x00, 0x34, 0x8B, 0xFF, 0xCF, 0x62, 0x0C, 0x00, 0x00, 0x00, 0x00, 0x00, 0x00, 0x02, 0x8D, 0xFE,
0xF5, 0xFF, 0xF5, 0xFF, 0xDC, 0x31, 0x00, 0x00, 0x00, 0x00, 0x00, 0x7D, 0xFF, 0x8C, 0x0D, 0xB3,
0x49, 0x3D, 0xDF, 0xE6, 0x14, 0x00, 0x00, 0x00, 0x13, 0xFB, 0x9E, 0x00, 0x00, 0x00, 0x00, 0x00,
0x29, 0xF8, 0x8D, 0x00, 0x00, 0x0B, 0x7F, 0xFF, 0x51, 0x00, 0x08, 0x7F, 0x3D, 0x00, 0x0B, 0xC8,
0xE0, 0x2B, 0x00, 0x86, 0xFF, 0xFF, 0xFB, 0x09, 0x46, 0xFF, 0xC5, 0x00, 0x86, 0xFF, 0xFF, 0xFB,
0x09, 0x0C, 0x7F, 0xFF, 0x51, 0x00, 0x09, 0x80, 0x3E, 0x00, 0x0C, 0xC8, 0xE0, 0x2B, 0x00, 0x00,
0x13, 0xFB, 0x9C, 0x00, 0x00, 0x00, 0x00, 0x00, 0x28, 0xF8, 0x8D, 0x00, 0x00, 0x00, 0x00, 0x7D,
0xFF, 0x89, 0x0A, 0xB3, 0x49, 0x38, 0xDD, 0xE6, 0x15, 0x00, 0x00, 0x00, 0x00, 0x02, 0x8E, 0xFE,
0xF3, 0xFF, 0xF3, 0xFF, 0xDC, 0x31, 0x00, 0x00, 0x00, 0x00, 0x00, 0x00, 0x00, 0x35, 0x8C, 0xFF,
0xD0, 0x64, 0x0D, 0x00, 0x00, 0x00, 0x00, 0x00, 0x00, 0x00, 0x00, 0x00, 0x00, 0xB3, 0x49, 0x00,
0x00, 0x00, 0x00, 0x00, 0x00, 0x00, 0x00, 0x00, 0x04, 0x30, 0x64, 0x65, 0x30, 0x04, 0x00, 0x00,
0x00, 0x00, 0x00, 0x3E, 0xDD, 0xFF, 0xFF, 0xFF, 0xFF, 0xDC, 0x3C, 0x00, 0x00, 0x00, 0x61, 0xFD,
0xFF, 0xFF, 0xFF, 0xFF, 0xFF, 0xFF, 0xFD, 0x5F, 0x00, 0x20, 0xF3, 0xFF, 0xFF, 0xFF, 0xFF, 0xFF,
0xFF, 0xFF, 0xFF, 0xF2, 0x1F, 0x97, 0xFF, 0xFF, 0xE4, 0x67, 0xF5, 0xF4, 0x65, 0xE5, 0xFF, 0xFF,
0x95, 0xCC, 0xFF, 0xFF, 0xF7, 0x3D, 0x40, 0x3E, 0x3F, 0xF8, 0xFF, 0xFF, 0xCA, 0xF3, 0xFF, 0xFF,
0xFF, 0xE8, 0x0A, 0x0A, 0xE9, 0xFF, 0xFF, 0xFF, 0xF2, 0xCC, 0xFF, 0xFF, 0xF7, 0x3F, 0x3F, 0x3E,
0x41, 0xF9, 0xFF, 0xFF, 0xCA, 0x97, 0xFF, 0xFF, 0xE3, 0x63, 0xF4, 0xF3, 0x62, 0xE5, 0xFF, 0xFF,
0x95, 0x21, 0xF3, 0xFF, 0xFF, 0xFF, 0xFF, 0xFF, 0xFF, 0xFF, 0xFF, 0xF2, 0x20, 0x00, 0x62, 0xFE,
0xFF, 0xFF, 0xFF, 0xFF, 0xFF, 0xFF, 0xFE, 0x60, 0x00, 0x00, 0x00, 0x40, 0xDF, 0xFF, 0xFF, 0xFF,
0xFF, 0xDE, 0x3F, 0x00, 0x00, 0x00, 0x00, 0x00, 0x05, 0x33, 0x66, 0x66, 0x32, 0x05, 0x00, 0x00,
0x00, 0x00, 0x00, 0x00, 0x04, 0x30, 0x64, 0x65, 0x30, 0x04, 0x00, 0x00, 0x00, 0x00, 0x00, 0x3E,
0xDD, 0xFF, 0xFF, 0xFF, 0xFF, 0xDC, 0x3C, 0x00, 0x00, 0x00, 0x61, 0xFD, 0xFF, 0xFF, 0xFF, 0xFF,
0xFF, 0xFF, 0xFD, 0x5F, 0x00, 0x20, 0xF3, 0xFF, 0xFF, 0xFF, 0xFF, 0xFF, 0xFF, 0xFF, 0xFF, 0xF2,
0x1F, 0x97, 0xFF, 0xFF, 0xE4, 0x67, 0xF5, 0xF4, 0x65, 0xE5, 0xFF, 0xFF, 0x95, 0xCC, 0xFF, 0xFF,
0xF7, 0x3D, 0x40, 0x3E, 0x3F, 0xF8, 0xFF, 0xFF, 0xCA, 0xF3, 0xFF, 0xFF, 0xFF, 0xE8, 0x0A, 0x0A,
0xE9, 0xFF, 0xFF, 0xFF, 0xF2, 0xCC, 0xFF, 0xFF, 0xF7, 0x3F, 0x3F, 0x3E, 0x41, 0xF9, 0xFF, 0xFF,
0xCA, 0x97, 0xFF, 0xFF, 0xE3, 0x63, 0xF4, 0xF3, 0x62, 0xE5, 0xFF, 0xFF, 0x95, 0x21, 0xF3, 0xFF,
0xFF, 0xFF, 0xFF, 0xFF, 0xFF, 0xFF, 0xFF, 0xF2, 0x20, 0x00, 0x62, 0xFE, 0xFF, 0xFF, 0xFF, 0xFF,
0xFF, 0xFF, 0xFE, 0x60, 0x00, 0x00, 0x00, 0x40, 0xDF, 0xFF, 0xFF, 0xFF, 0xFF, 0xDE, 0x3F, 0x00,
0x00, 0x00, 0x00, 0x00, 0x05, 0x33, 0x66, 0x66, 0x32, 0x05, 0x00, 0x00, 0x00, 0x00, 0x00, 0x00,
0x04, 0x31, 0x65, 0x65, 0x31, 0x04, 0x00, 0x00, 0x00, 0x00, 0x00, 0x3E, 0xDD, 0xFF, 0xFF, 0xFF,
0xFF, 0xDC, 0x3C, 0x00, 0x00, 0x00, 0x61, 0xFD, 0xFF, 0xFF, 0xFF, 0xFF, 0xFF, 0xFF, 0xFD, 0x5F,
0x00, 0x20, 0xF3, 0xFF, 0xFF, 0xFF, 0xFF, 0xFF, 0xFF, 0xEA, 0xFF, 0xF2, 0x1F, 0x97, 0xFF, 0xFF,
0xFF, 0xFF, 0xFF, 0xFF, 0xA6, 0x21, 0xFF, 0xFF, 0x95, 0xCD, 0xFF, 0xFF, 0xFF, 0xFF, 0xFF, 0xDD,
0x0F, 0xB3, 0xFF, 0xFF, 0xCB, 0xF3, 0xFF, 0xFF, 0xA3, 0xF6, 0xFA, 0x36, 0x6F, 0xFF, 0xFF, 0xFF,
0xF2, 0xCD, 0xFF, 0xFF, 0x41, 0x42, 0x6D, 0x30, 0xF8, 0xFF, 0xFF, 0xFF, 0xCB, 0x97, 0xFF, 0xFF,
0xF3, 0x3B, 0x0B, 0xD8, 0xFF, 0xFF, 0xFF, 0xFF, 0x95, 0x21, 0xF3, 0xFF, 0xFF, 0xF5, 0xD8, 0xFF,
0xFF, 0xFF, 0xFF, 0xF2, 0x20, 0x00, 0x62, 0xFE, 0xFF, 0xFF, 0xFF, 0xFF, 0xFF, 0xFF, 0xFE, 0x60,
0x00, 0x00, 0x00, 0x40, 0xDF, 0xFF, 0xFF, 0xFF, 0xFF, 0xDE, 0x3F, 0x00, 0x00, 0x00, 0x00, 0x00,
0x05, 0x33, 0x67, 0x66, 0x33, 0x05, 0x00, 0x00, 0x00, 0x00, 0x00, 0x00, 0x04, 0x31, 0x65, 0x65,
0x31, 0x04, 0x00, 0x00, 0x00, 0x00, 0x00, 0x3E, 0xDD, 0xFF, 0xFF, 0xFF, 0xFF, 0xDC, 0x3C, 0x00,
0x00, 0x00, 0x61, 0xFD, 0xFF, 0xFF, 0xFF, 0xFF, 0xFF, 0xFF, 0xFD, 0x5F, 0x00, 0x20, 0xF3, 0xFF,
0xFF, 0xFF, 0xFF, 0xFF, 0xFF, 0xEA, 0xFF, 0xF2, 0x1F, 0x97, 0xFF, 0xFF, 0xFF, 0xFF, 0xFF, 0xFF,
0xA6, 0x21, 0xFF, 0xFF, 0x95, 0xCD, 0xFF, 0xFF, 0xFF, 0xFF, 0xFF, 0xDD, 0x0F, 0xB3, 0xFF, 0xFF,
0xCB, 0xF3, 0xFF, 0xFF, 0xA3, 0xF6, 0xFA, 0x36, 0x6F, 0xFF, 0xFF, 0xFF, 0xF2, 0xCD, 0xFF, 0xFF,
0x41, 0x42, 0x6D, 0x30, 0xF8, 0xFF, 0xFF, 0xFF, 0xCB, 0x97, 0xFF, 0xFF, 0xF3, 0x3B, 0x0B, 0xD8,
0xFF, 0xFF, 0xFF, 0xFF, 0x95, 0x21, 0xF3, 0xFF, 0xFF, 0xF5, 0xD8, 0xFF, 0xFF, 0xFF, 0xFF, 0xF2,
0x20, 0x00, 0x62, 0xFE, 0xFF, 0xFF, 0xFF, 0xFF, 0xFF, 0xFF, 0xFE, 0x60, 0x00, 0x00, 0x00, 0x40,
0xDF, 0xFF, 0xFF, 0xFF, 0xFF, 0xDE, 0x3F, 0x00, 0x00, 0x00, 0x00, 0x00, 0x05, 0x33, 0x67, 0x66,
0x33, 0x05, 0x00, 0x00, 0x00, 0x00, 0x00, 0x00, 0x04, 0x31, 0x65, 0x65, 0x31, 0x04, 0x00, 0x00,
0x00, 0x00, 0x00, 0x3E, 0xDD, 0xFF, 0xFF, 0xFF, 0xFF, 0xDC, 0x3C, 0x00, 0x00, 0x00, 0x61, 0xFD,
0xD2, 0x4E, 0x14, 0x1A, 0x52, 0xD5, 0xFD, 0x5F, 0x00, 0x20, 0xF3, 0xFE, 0xE5, 0x26, 0x00, 0x00,
0x00, 0x07, 0xB6, 0xF2, 0x1F, 0x97, 0xF3, 0x3E, 0xE8, 0xE5, 0x26, 0x00, 0x00, 0x00, 0x19, 0xF1,
0x95, 0xCD, 0xA7, 0x00, 0x29, 0xE8, 0xE6, 0x27, 0x00, 0x00, 0x00, 0xB5, 0xCB, 0xF3, 0x8B, 0x00,
0x00, 0x2A, 0xE9, 0xE6, 0x27, 0x00, 0x00, 0x8C, 0xF2, 0xCD, 0xB2, 0x00, 0x00, 0x00, 0x2B, 0xE9,
0xE6, 0x27, 0x00, 0xA9, 0xCB, 0x97, 0xF0, 0x17, 0x00, 0x00, 0x00, 0x2B, 0xEA, 0xE7, 0x3B, 0xF3,
0x95, 0x21, 0xF3, 0xB4, 0x06, 0x00, 0x00, 0x00, 0x2C, 0xEA, 0xFD, 0xF2, 0x20, 0x00, 0x62, 0xFE,
0xD3, 0x50, 0x19, 0x13, 0x4A, 0xD1, 0xFE, 0x60, 0x00, 0x00, 0x00, 0x40, 0xDF, 0xFF, 0xFF, 0xFF,
0xFF, 0xDE, 0x3F, 0x00, 0x00, 0x00, 0x00, 0x00, 0x05, 0x33, 0x67, 0x66, 0x33, 0x05, 0x00, 0x00,
0x00, 0x00, 0x00, 0x00, 0x04, 0x31, 0x65, 0x65, 0x31, 0x04, 0x00, 0x00, 0x00, 0x00, 0x00, 0x3E,
0xDD, 0xFF, 0xFF, 0xFF, 0xFF, 0xDC, 0x3C, 0x00, 0x00, 0x00, 0x61, 0xFD, 0xD2, 0x4E, 0x14, 0x1A,
0x52, 0xD5, 0xFD, 0x5F, 0x00, 0x20, 0xF3, 0xFE, 0xE5, 0x26, 0x00, 0x00, 0x00, 0x07, 0xB6, 0xF2,
0x1F, 0x97, 0xF3, 0x3E, 0xE8, 0xE5, 0x26, 0x00, 0x00, 0x00, 0x19, 0xF1, 0x95, 0xCD, 0xA7, 0x00,
0x29, 0xE8, 0xE6, 0x27, 0x00, 0x00, 0x00, 0xB5, 0xCB, 0xF3, 0x8B, 0x00, 0x00, 0x2A, 0xE9, 0xE6,
0x27, 0x00, 0x00, 0x8C, 0xF2, 0xCD, 0xB2, 0x00, 0x00, 0x00, 0x2B, 0xE9, 0xE6, 0x27, 0x00, 0xA9,
0xCB, 0x97, 0xF0, 0x17, 0x00, 0x00, 0x00, 0x2B, 0xEA, 0xE7, 0x3B, 0xF3, 0x95, 0x21, 0xF3, 0xB4,
0x06, 0x00, 0x00, 0x00, 0x2C, 0xEA, 0xFD, 0xF2, 0x20, 0x00, 0x62, 0xFE, 0xD3, 0x50, 0x19, 0x13,
0x4A, 0xD1, 0xFE, 0x60, 0x00, 0x00, 0x00, 0x40, 0xDF, 0xFF, 0xFF, 0xFF, 0xFF, 0xDE, 0x3F, 0x00,
0x00, 0x00, 0x00, 0x00, 0x05, 0x33, 0x67, 0x66, 0x33, 0x05, 0x00, 0x00, 0x00, 0x00, 0x00, 0x00,
0x57, 0xE4, 0x1E, 0x00, 0x00, 0x00, 0x00, 0x00, 0x00, 0x00, 0x00, 0x57, 0xFC, 0xC5, 0x06, 0x00,
0x00, 0x00, 0x00, 0x00, 0x00, 0x00, 0x57, 0xFC, 0xC3, 0x0C, 0x00, 0x00, 0x00, 0x00, 0x00, 0x00,
0x00, 0x57, 0xFC, 0xE6, 0x4B, 0x3F, 0x3F, 0x3F, 0x3F, 0x3F, 0x3F, 0x3F, 0x23, 0xE9, 0xFF, 0xFF,
0xFF, 0xFF, 0xFF, 0xFF, 0xFF, 0xFF, 0xFF, 0xFF, 0xE5, 0x5B, 0xFD, 0xE5, 0x4B, 0x3F, 0x3F, 0x3F,
0x3F, 0x3F, 0x3F, 0x3F, 0x23, 0x00, 0x5B, 0xFD, 0xC1, 0x0B, 0x00, 0x00, 0x00, 0x00, 0x00, 0x00,
0x00, 0x00, 0x00, 0x5B, 0xFD, 0xC2, 0x06, 0x00, 0x00, 0x00, 0x00, 0x00, 0x00, 0x00, 0x00, 0x00,
0x5B, 0xE9, 0x1F, 0x00, 0x00, 0x00, 0x00, 0x00, 0x00, 0x00, 0x00, 0x00, 0x57, 0xE4, 0x1E, 0x00,
0x00, 0x00, 0x00, 0x00, 0x00, 0x00, 0x00, 0x57, 0xFC, 0xC5, 0x06, 0x00, 0x00, 0x00, 0x00, 0x00,
0x00, 0x00, 0x57, 0xFC, 0xC3, 0x0C, 0x00, 0x00, 0x00, 0x00, 0x00, 0x00, 0x00, 0x57, 0xFC, 0xE6,
0x4B, 0x3F, 0x3F, 0x3F, 0x3F, 0x3F, 0x3F, 0x3F, 0x23, 0xE9, 0xFF, 0xFF, 0xFF, 0xFF, 0xFF, 0xFF,
0xFF, 0xFF, 0xFF, 0xFF, 0xE5, 0x5B, 0xFD, 0xE5, 0x4B, 0x3F, 0x3F, 0x3F, 0x3F, 0x3F, 0x3F, 0x3F,
0x23, 0x00, 0x5B, 0xFD, 0xC1, 0x0B, 0x00, 0x00, 0x00, 0x00, 0x00, 0x00, 0x00, 0x00, 0x00, 0x5B,
0xFD, 0xC2, 0x06, 0x00, 0x00, 0x00, 0x00, 0x00, 0x00, 0x00, 0x00, 0x00, 0x5B, 0xE9, 0x1F, 0x00,
0x00, 0x00, 0x00, 0x00, 0x00, 0x00, 0x00, 0x00, 0x00, 0x00, 0x00, 0x22, 0xE4, 0x54, 0x00, 0x00,
0x00, 0x00, 0x00, 0x00, 0x00, 0x00, 0x00, 0x08, 0xC8, 0xFB, 0x53, 0x00, 0x00, 0x00, 0x00, 0x00,
0x00, 0x00, 0x00, 0x00, 0x0E, 0xC6, 0xFB, 0x53, 0x00, 0x23, 0x3F, 0x3F, 0x3F, 0x3F, 0x3F, 0x3F,
0x3F, 0x4D, 0xE7, 0xFB, 0x54, 0xE6, 0xFF, 0xFF, 0xFF, 0xFF, 0xFF, 0xFF, 0xFF, 0xFF, 0xFF, 0xFF,
0xE4, 0x23, 0x3F, 0x3F, 0x3F, 0x3F, 0x3F, 0x3F, 0x3F, 0x4C, 0xE7, 0xFC, 0x57, 0x00, 0x00, 0x00,
0x00, 0x00, 0x00, 0x00, 0x0D, 0xC4, 0xFC, 0x57, 0x00, 0x00, 0x00, 0x00, 0x00, 0x00, 0x00, 0x07,
0xC5, 0xFC, 0x57, 0x00, 0x00, 0x00, 0x00, 0x00, 0x00, 0x00, 0x00, 0x22, 0xE9, 0x57, 0x00, 0x00,
0x00, 0x00, 0x00, 0x00, 0x00, 0x00, 0x00, 0x22, 0xE4, 0x54, 0x00, 0x00, 0x00, 0x00, 0x00, 0x00,
0x00, 0x00, 0x00, 0x08, 0xC8, 0xFB, 0x53, 0x00, 0x00, 0x00, 0x00, 0x00, 0x00, 0x00, 0x00, 0x00,
0x0E, 0xC6, 0xFB, 0x53, 0x00, 0x23, 0x3F, 0x3F, 0x3F, 0x3F, 0x3F, 0x3F, 0x3F, 0x4D, 0xE7, 0xFB,
0x54, 0xE6, 0xFF, 0xFF, 0xFF, 0xFF, 0xFF, 0xFF, 0xFF, 0xFF, 0xFF, 0xFF, 0xE4, 0x23, 0x3F, 0x3F,
0x3F, 0x3F, 0x3F, 0x3F, 0x3F, 0x4C, 0xE7, 0xFC, 0x57, 0x00, 0x00, 0x00, 0x00, 0x00, 0x00, 0x00,
0x0D, 0xC4, 0xFC, 0x57, 0x00, 0x00, 0x00, 0x00, 0x00, 0x00, 0x00, 0x07, 0xC5, 0xFC, 0x57, 0x00,
0x00, 0x00, 0x00, 0x00, 0x00, 0x00, 0x00, 0x22, 0xE9, 0x57, 0x00, 0x00, 0x00, 0x00, 0x00, 0x00,
0x0D, 0x64, 0x0C, 0x00, 0x00, 0x00, 0x00, 0x00, 0x0D, 0xC6, 0xFF, 0xC2, 0x0C, 0x00, 0x00, 0x00,
0x0D, 0xC6, 0xFF, 0xFF, 0xFF, 0xC2, 0x0C, 0x00, 0x0D, 0xC6, 0xFB, 0x94, 0xFF, 0x95, 0xFC, 0xC2,
0x0C, 0xBE, 0xFC, 0x56, 0x3F, 0xFF, 0x3F, 0x58, 0xFC, 0xB9, 0x97, 0x51, 0x00, 0x3F, 0xFF, 0x3F,
0x00, 0x54, 0x95, 0x00, 0x00, 0x00, 0x3F, 0xFF, 0x3F, 0x00, 0x00, 0x00, 0x00, 0x00, 0x00, 0x3F,
0xFF, 0x3F, 0x00, 0x00, 0x00, 0x00, 0x00, 0x00, 0x3F, 0xFF, 0x3F, 0x00, 0x00, 0x00, 0x00, 0x00,
0x00, 0x3F, 0xFF, 0x3F, 0x00, 0x00, 0x00, 0x00, 0x00, 0x00, 0x3F, 0xFF, 0x3F, 0x00, 0x00, 0x00,
0x00, 0x00, 0x00, 0x3C, 0xFF, 0x3C, 0x00, 0x00, 0x00, 0x00, 0x00, 0x00, 0x06, 0x66, 0x06, 0x00,
0x00, 0x00, 0x00, 0x00, 0x00, 0x0D, 0x64, 0x0C, 0x00, 0x00, 0x00, 0x00, 0x00, 0x0D, 0xC6, 0xFF,
0xC2, 0x0C, 0x00, 0x00, 0x00, 0x0D, 0xC6, 0xFF, 0xFF, 0xFF, 0xC2, 0x0C, 0x00, 0x0D, 0xC6, 0xFB,
0x94, 0xFF, 0x95, 0xFC, 0xC2, 0x0C, 0xBE, 0xFC, 0x56, 0x3F, 0xFF, 0x3F, 0x58, 0xFC, 0xB9, 0x97,
0x51, 0x00, 0x3F, 0xFF, 0x3F, 0x00, 0x54, 0x95, 0x00, 0x00, 0x00, 0x3F, 0xFF, 0x3F, 0x00, 0x00,
0x00, 0x00, 0x00, 0x00, 0x3F, 0xFF, 0x3F, 0x00, 0x00, 0x00, 0x00, 0x00, 0x00, 0x3F, 0xFF, 0x3F,
0x00, 0x00, 0x00, 0x00, 0x00, 0x00, 0x3F, 0xFF, 0x3F, 0x00, 0x00, 0x00, 0x00, 0x00, 0x00, 0x3F,
0xFF, 0x3F, 0x00, 0x00, 0x00, 0x00, 0x00, 0x00, 0x3C, 0xFF, 0x3C, 0x00, 0x00, 0x00, 0x00, 0x00,
0x00, 0x06, 0x66, 0x06, 0x00, 0x00, 0x00, 0x00, 0x00, 0x00, 0x06, 0x65, 0x06, 0x00, 0x00, 0x00,
0x00, 0x00, 0x00, 0x3C, 0xFF, 0x3C, 0x00, 0x00, 0x00, 0x00, 0x00, 0x00, 0x3F, 0xFF, 0x3F, 0x00,
0x00, 0x00, 0x00, 0x00, 0x00, 0x3F, 0xFF, 0x3F, 0x00, 0x00, 0x00, 0x00, 0x00, 0x00, 0x3F, 0xFF,
0x3F, 0x00, 0x00, 0x00, 0x00, 0x00, 0x00, 0x3F, 0xFF, 0x3F, 0x00, 0x00, 0x00, 0x00, 0x00, 0x00,
0x3F, 0xFF, 0x3F, 0x00, 0x00, 0x00, 0x93, 0x4E, 0x00, 0x3F, 0xFF, 0x3F, 0x00, 0x50, 0x90, 0xC0,
0xFB, 0x52, 0x3F, 0xFF, 0x3F, 0x54, 0xFB, 0xBC, 0x0F, 0xC9, 0xFA, 0x91, 0xFF, 0x91, 0xFB, 0xC6,
0x0D, 0x00, 0x0F, 0xC9, 0xFF, 0xFF, 0xFF, 0xC6, 0x0D, 0x00, 0x00, 0x00, 0x0F, 0xC9, 0xFF, 0xC6,
0x0D, 0x00, 0x00, 0x00, 0x00, 0x00, 0x0F, 0x69, 0x0D, 0x00, 0x00, 0x00, 0x00, 0x00, 0x00, 0x06,
0x65, 0x06, 0x00, 0x00, 0x00, 0x00, 0x00, 0x00, 0x3C, 0xFF, 0x3C, 0x00, 0x00, 0x00, 0x00, 0x00,
0x00, 0x3F, 0xFF, 0x3F, 0x00, 0x00, 0x00, 0x00, 0x00, 0x00, 0x3F, 0xFF, 0x3F, 0x00, 0x00, 0x00,
0x00, 0x00, 0x00, 0x3F, 0xFF, 0x3F, 0x00, 0x00, 0x00, 0x00, 0x00, 0x00, 0x3F, 0xFF, 0x3F, 0x00,
0x00, 0x00, 0x00, 0x00, 0x00, 0x3F, 0xFF, 0x3F, 0x00, 0x00, 0x00, 0x93, 0x4E, 0x00, 0x3F, 0xFF,
0x3F, 0x00, 0x50, 0x90, 0xC0, 0xFB, 0x52, 0x3F, 0xFF, 0x3F, 0x54, 0xFB, 0xBC, 0x0F, 0xC9, 0xFA,
0x91, 0xFF, 0x91, 0xFB, 0xC6, 0x0D, 0x00, 0x0F, 0xC9, 0xFF, 0xFF, 0xFF, 0xC6, 0x0D, 0x00, 0x00,
0x00, 0x0F, 0xC9, 0xFF, 0xC6, 0x0D, 0x00, 0x00, 0x00, 0x00, 0x00, 0x0F, 0x69, 0x0D, 0x00, 0x00,
0x00, 0x00, 0x00, 0x00, 0x00, 0x00, 0x00, 0x00, 0x0B, 0x00, 0x00, 0x00, 0x00, 0x00, 0x00, 0x00,
0x00, 0x00, 0x00, 0x23, 0xF8, 0x6C, 0x00, 0x00, 0x00, 0x00, 0x00, 0x00, 0x00, 0x00, 0x00, 0x3F,
0xFF, 0xFF, 0x6B, 0x00, 0x00, 0x00, 0x00, 0x20, 0x5E, 0x7F, 0x7F, 0x9F, 0xFF, 0xFF, 0xFF, 0x6B,
0x00, 0x00, 0x77, 0xF9, 0xFF, 0xFF, 0xFF, 0xFF, 0xFF, 0xFF, 0xFF, 0xFF, 0x6A, 0x53, 0xFF, 0xFF,
0xFF, 0xFF, 0xFF, 0xFF, 0xFF, 0xFF, 0xFF, 0xFF, 0xE2, 0xC6, 0xFF, 0xFF, 0xFF, 0xFF, 0xFF, 0xFF,
0xFF, 0xFF, 0xFF, 0xF4, 0x3F, 0xF2, 0xFF, 0xFC, 0x8B, 0x46, 0x3F, 0x6F, 0xFF, 0xFF, 0xF4, 0x3F,
0x00, 0xD8, 0xFF, 0x8B, 0x00, 0x00, 0x00, 0x3F, 0xFF, 0xF4, 0x3F, 0x00, 0x00, 0x96, 0xFF, 0x4C,
0x00, 0x00, 0x00, 0x14, 0xC9, 0x3E, 0x00, 0x00, 0x00, 0x17, 0xE7, 0x8E, 0x00, 0x00, 0x00, 0x00,
0x00, 0x00, 0x00, 0x00, 0x00, 0x00, 0x24, 0x8F, 0x00, 0x00, 0x00, 0x00, 0x00, 0x00, 0x00, 0x00,
0x00, 0x00, 0x00, 0x00, 0x00, 0x00, 0x00, 0x00, 0x0B, 0x00, 0x00, 0x00, 0x00, 0x00, 0x00, 0x00,
0x00, 0x00, 0x00, 0x23, 0xF8, 0x6C, 0x00, 0x00, 0x00, 0x00, 0x00, 0x00, 0x00, 0x00, 0x00, 0x3F,
0xFF, 0xFF, 0x6B, 0x00, 0x00, 0x00, 0x00, 0x20, 0x5E, 0x7F, 0x7F, 0x9F, 0xFF, 0xFF, 0xFF, 0x6B,
0x00, 0x00, 0x77, 0xF9, 0xFF, 0xFF, 0xFF, 0xFF, 0xFF, 0xFF, 0xFF, 0xFF, 0x6A, 0x53, 0xFF, 0xFF,
0xFF, 0xFF, 0xFF, 0xFF, 0xFF, 0xFF, 0xFF, 0xFF, 0xE2, 0xC6, 0xFF, 0xFF, 0xFF, 0xFF, 0xFF, 0xFF,
0xFF, 0xFF, 0xFF, 0xF4, 0x3F, 0xF2, 0xFF, 0xFC, 0x8B, 0x46, 0x3F, 0x6F, 0xFF, 0xFF, 0xF4, 0x3F,
0x00, 0xD8, 0xFF, 0x8B, 0x00, 0x00, 0x00, 0x3F, 0xFF, 0xF4, 0x3F, 0x00, 0x00, 0x96, 0xFF, 0x4C,
0x00, 0x00, 0x00, 0x14, 0xC9, 0x3E, 0x00, 0x00, 0x00, 0x17, 0xE7, 0x8E, 0x00, 0x00, 0x00, 0x00,
0x00, 0x00, 0x00, 0x00, 0x00, 0x00, 0x24, 0x8F, 0x00, 0x00, 0x00, 0x00, 0x00, 0x00, 0x00, 0x00,
0x00, 0x96, 0xBF, 0xBF, 0x65, 0x00, 0x00, 0x13, 0xB2, 0xBF, 0xBC, 0x39, 0xFF, 0xDF, 0xBF, 0x66,
0x00, 0x00, 0x13, 0xB3, 0xBF, 0xFF, 0x7F, 0xFF, 0x7F, 0x00, 0x00, 0x00, 0x00, 0x00, 0x00, 0x00,
0xFF, 0x7F, 0xD3, 0x59, 0x00, 0x00, 0x00, 0x00, 0x00, 0x00, 0x00, 0xD3, 0x59, 0x00, 0x00, 0x00,
0x00, 0x00, 0x00, 0x00, 0x00, 0x00, 0x00, 0x00, 0x00, 0x00, 0x00, 0x00, 0x00, 0x00, 0x00, 0x00,
0x00, 0x00, 0x00, 0x00, 0x00, 0x00, 0x00, 0x00, 0x00, 0x00, 0x00, 0x00, 0x00, 0x00, 0xD3, 0x59,
0x00, 0x00, 0x00, 0x00, 0x00, 0x00, 0x00, 0xD3, 0x59, 0xFF, 0x7F, 0x00, 0x00, 0x00, 0x00, 0x00,
0x00, 0x00, 0xFF, 0x7F, 0xFF, 0xDF, 0xBF, 0x65, 0x00, 0x00, 0x13, 0xB2, 0xBF, 0xFF, 0x7F, 0x96,
0xBF, 0xBF, 0x66, 0x00, 0x00, 0x13, 0xB3, 0xBF, 0xBC, 0x39, 0x96, 0xBF, 0xBF, 0x65, 0x00, 0x00,
0x13, 0xB2, 0xBF, 0xBC, 0x39, 0xFF, 0xDF, 0xBF, 0x66, 0x00, 0x00, 0x13, 0xB3, 0xBF, 0xFF, 0x7F,
0xFF, 0x7F, 0x00, 0x00, 0x00, 0x00, 0x00, 0x00, 0x00, 0xFF, 0x7F, 0xD3, 0x59, 0x00, 0x00, 0x00,
0x00, 0x00, 0x00, 0x00, 0xD3, 0x59, 0x00, 0x00, 0x00, 0x00, 0x00, 0x00, 0x00, 0x00, 0x00, 0x00,
0x00, 0x00, 0x00, 0x00, 0x00, 0x00, 0x00, 0x00, 0x00, 0x00, 0x00, 0x00, 0x00, 0x00, 0x00, 0x00,
0x00, 0x00, 0x00, 0x00, 0x00, 0x00, 0x00, 0xD3, 0x59, 0x00, 0x00, 0x00, 0x00, 0x00, 0x00, 0x00,
0xD3, 0x59, 0xFF, 0x7F, 0x00, 0x00, 0x00, 0x00, 0x00, 0x00, 0x00, 0xFF, 0x7F, 0xFF, 0xDF, 0xBF,
0x65, 0x00, 0x00, 0x13, 0xB2, 0xBF, 0xFF, 0x7F, 0x96, 0xBF, 0xBF, 0x66, 0x00, 0x00, 0x13, 0xB3,
0xBF, 0xBC, 0x39, 0x00, 0x00, 0x66, 0x65, 0x00, 0x00, 0x13, 0xA5, 0x13, 0x00, 0x00, 0x00, 0x00,
0xBF, 0xBF, 0x00, 0x00, 0x3F, 0xFF, 0x3F, 0x00, 0x00, 0x59, 0x7F, 0xDF, 0xBF, 0x00, 0x00, 0x3F,
0xFF, 0x9F, 0x7C, 0x1C, 0xD3, 0xFF, 0xFF, 0x96, 0x00, 0x00, 0x23, 0xF3, 0xFF, 0xFC, 0x56, 0x00,
0x00, 0x00, 0x00, 0x00, 0x00, 0x00, 0x00, 0x00, 0x00, 0x00, 0x00, 0x00, 0x00, 0x00, 0x00, 0x00,
0x00, 0x00, 0x00, 0x00, 0x00, 0x00, 0x00, 0x00, 0x00, 0x00, 0x00, 0x00, 0x00, 0x00, 0x00, 0x00,
0xD3, 0xFF, 0xFF, 0x95, 0x00, 0x00, 0x23, 0xF2, 0xFF, 0xFC, 0x55, 0x5A, 0x7F, 0xDF, 0xBF, 0x00,
0x00, 0x3F, 0xFF, 0x9F, 0x7C, 0x1C, 0x00, 0x00, 0xBF, 0xBF, 0x00, 0x00, 0x3F, 0xFF, 0x3F, 0x00,
0x00, 0x00, 0x00, 0x67, 0x66, 0x00, 0x00, 0x13, 0xA6, 0x13, 0x00, 0x00, 0x00, 0x00, 0x66, 0x65,
0x00, 0x00, 0x13, 0xA5, 0x13, 0x00, 0x00, 0x00, 0x00, 0xBF, 0xBF, 0x00, 0x00, 0x3F, 0xFF, 0x3F,
0x00, 0x00, 0x59, 0x7F, 0xDF, 0xBF, 0x00, 0x00, 0x3F, 0xFF, 0x9F, 0x7C, 0x1C, 0xD3, 0xFF, 0xFF,
0x96, 0x00, 0x00, 0x23, 0xF3, 0xFF, 0xFC, 0x56, 0x00, 0x00, 0x00, 0x00, 0x00, 0x00, 0x00, 0x00,
0x00, 0x00, 0x00, 0x00, 0x00, 0x00, 0x00, 0x00, 0x00, 0x00, 0x00, 0x00, 0x00, 0x00, 0x00, 0x00,
0x00, 0x00, 0x00, 0x00, 0x00, 0x00, 0x00, 0x00, 0x00, 0xD3, 0xFF, 0xFF, 0x95, 0x00, 0x00, 0x23,
0xF2, 0xFF, 0xFC, 0x55, 0x5A, 0x7F, 0xDF, 0xBF, 0x00, 0x00, 0x3F, 0xFF, 0x9F, 0x7C, 0x1C, 0x00,
0x00, 0xBF, 0xBF, 0x00, 0x00, 0x3F, 0xFF, 0x3F, 0x00, 0x00, 0x00, 0x00, 0x67, 0x66, 0x00, 0x00,
0x13, 0xA6, 0x13, 0x00, 0x00, 0x00, 0x00, 0x00, 0x00, 0x39, 0x92, 0x00, 0x00, 0x00, 0x00, 0x00,
0x00, 0x00, 0x00, 0x00, 0x7F, 0xFF, 0x00, 0x00, 0x00, 0x00, 0x00, 0x00, 0x00, 0x00, 0x00, 0x7F,
0xFF, 0x00, 0x00, 0x00, 0x00, 0x00, 0x00, 0x00, 0x00, 0x00, 0x7F, 0xFF, 0x00, 0x00, 0x00, 0x00,
0x00, 0x23, 0x3F, 0x3F, 0x3F, 0x9F, 0xFF, 0x3F, 0x3F, 0x3F, 0x3C, 0x06, 0xE6, 0xFF, 0xFF, 0xFF,
0xFF, 0xFF, 0xFF, 0xFF, 0xFF, 0xFF, 0x65, 0x23, 0x3F, 0x3F, 0x3F, 0x9F, 0xFF, 0x3F, 0x3F, 0x3F,
0x3C, 0x06, 0x00, 0x00, 0x00, 0x00, 0x7F, 0xFF, 0x00, 0x00, 0x00, 0x00, 0x00, 0x00, 0x00, 0x00,
0x00, 0x7F, 0xFF, 0x00, 0x00, 0x00, 0x00, 0x00, 0x00, 0x00, 0x00, 0x00, 0x7F, 0xFF, 0x00, 0x00,
0x00, 0x00, 0x00, 0x00, 0x00, 0x00, 0x00, 0x3A, 0x93, 0x00, 0x00, 0x00, 0x00, 0x00, 0x00, 0x00,
0x00, 0x00, 0x39, 0x92, 0x00, 0x00, 0x00, 0x00, 0x00, 0x00, 0x00, 0x00, 0x00, 0x7F, 0xFF, 0x00,
0x00, 0x00, 0x00, 0x00, 0x00, 0x00, 0x00, 0x00, 0x7F, 0xFF, 0x00, 0x00, 0x00, 0x00, 0x00, 0x00,
0x00, 0x00, 0x00, 0x7F, 0xFF, 0x00, 0x00, 0x00, 0x00, 0x00, 0x23, 0x3F, 0x3F, 0x3F, 0x9F, 0xFF,
0x3F, 0x3F, 0x3F, 0x3C, 0x06, 0xE6, 0xFF, 0xFF, 0xFF, 0xFF, 0xFF, 0xFF, 0xFF, 0xFF, 0xFF, 0x65,
0x23, 0x3F, 0x3F, 0x3F, 0x9F, 0xFF, 0x3F, 0x3F, 0x3F, 0x3C, 0x06, 0x00, 0x00, 0x00, 0x00, 0x7F,
0xFF, 0x00, 0x00, 0x00, 0x00, 0x00, 0x00, 0x00, 0x00, 0x00, 0x7F, 0xFF, 0x00, 0x00, 0x00, 0x00,
0x00, 0x00, 0x00, 0x00, 0x00, 0x7F, 0xFF, 0x00, 0x00, 0x00, 0x00, 0x00, 0x00, 0x00, 0x00, 0x00,
0x3A, 0x93, 0x00, 0x00, 0x00, 0x00, 0x00, 0x23, 0x40, 0x40, 0x40, 0x40, 0x40, 0x40, 0x40, 0x40,
0x3C, 0x06, 0xE6, 0xFF, 0xFF, 0xFF, 0xFF, 0xFF, 0xFF, 0xFF, 0xFF, 0xFF, 0x65, 0x23, 0x40, 0x40,
0x40, 0x40, 0x40, 0x40, 0x40, 0x40, 0x3C, 0x06, 0x23, 0x40, 0x40, 0x40, 0x40, 0x40, 0x40, 0x40,
0x40, 0x3C, 0x06, 0xE6, 0xFF, 0xFF, 0xFF, 0xFF, 0xFF, 0xFF, 0xFF, 0xFF, 0xFF, 0x65, 0x23, 0x40,
0x40, 0x40, 0x40, 0x40, 0x40, 0x40, 0x40, 0x3C, 0x06, 0x00, 0x00, 0x00, 0x00, 0x1C, 0x55, 0x00,
0x00, 0x00, 0x00, 0x00, 0x00, 0x00, 0x00, 0x00, 0x7C, 0xFC, 0x00, 0x00, 0x00, 0x00, 0x00, 0x00,
0x00, 0x00, 0x00, 0x80, 0xFF, 0x00, 0x00, 0x00, 0x00, 0x00, 0xA9, 0x86, 0x0C, 0x00, 0x80, 0xFF,
0x00, 0x00, 0x3B, 0xB8, 0x43, 0x95, 0xFE, 0xE5, 0x5C, 0x81, 0xFF, 0x1C, 0xA6, 0xFF, 0xE2, 0x30,
0x00, 0x36, 0xC7, 0xFF, 0xF5, 0xFF, 0xF5, 0xF5, 0x7F, 0x09, 0x00, 0x00, 0x00, 0x02, 0xAC, 0xFF,
0xFF, 0xF6, 0x37, 0x00, 0x00, 0x00, 0x00, 0x34, 0xC5, 0xFF, 0xF6, 0xFF, 0xF6, 0xF4, 0x7C, 0x08,
0x00, 0x91, 0xFE, 0xE8, 0x62, 0x81, 0xFF, 0x1F, 0xAC, 0xFF, 0xDF, 0x2E, 0xAC, 0x8B, 0x0E, 0x00,
0x80, 0xFF, 0x00, 0x00, 0x42, 0xBE, 0x44, 0x00, 0x00, 0x00, 0x00, 0x80, 0xFF, 0x00, 0x00, 0x00,
0x00, 0x00, 0x00, 0x00, 0x00, 0x00, 0x7C, 0xFC, 0x00, 0x00, 0x00, 0x00, 0x00, 0x00, 0x00, 0x00,
0x00, 0x1D, 0x56, 0x00, 0x00, 0x00, 0x00, 0x00, 0x00, 0x00, 0x00, 0x00, 0x1C, 0x55, 0x00, 0x00,
0x00, 0x00, 0x00, 0x00, 0x00, 0x00, 0x00, 0x7C, 0xFC, 0x00, 0x00, 0x00, 0x00, 0x00, 0x00, 0x00,
0x00, 0x00, 0x80, 0xFF, 0x00, 0x00, 0x00, 0x00, 0x00, 0xA9, 0x86, 0x0C, 0x00, 0x80, 0xFF, 0x00,
0x00, 0x3B, 0xB8, 0x43, 0x95, 0xFE, 0xE5, 0x5C, 0x81, 0xFF, 0x1C, 0xA6, 0xFF, 0xE2, 0x30, 0x00,
0x36, 0xC7, 0xFF, 0xF5, 0xFF, 0xF5, 0xF5, 0x7F, 0x09, 0x00, 0x00, 0x00, 0x02, 0xAC, 0xFF, 0xFF,
0xF6, 0x37, 0x00, 0x00, 0x00, 0x00, 0x34, 0xC5, 0xFF, 0xF6, 0xFF, 0xF6, 0xF4, 0x7C, 0x08, 0x00,
0x91, 0xFE, 0xE8, 0x62, 0x81, 0xFF, 0x1F, 0xAC, 0xFF, 0xDF, 0x2E, 0xAC, 0x8B, 0x0E, 0x00, 0x80,
0xFF, 0x00, 0x00, 0x42, 0xBE, 0x44, 0x00, 0x00, 0x00, 0x00, 0x80, 0xFF, 0x00, 0x00, 0x00, 0x00,
0x00, 0x00, 0x00, 0x00, 0x00, 0x7C, 0xFC, 0x00, 0x00, 0x00, 0x00, 0x00, 0x00, 0x00, 0x00, 0x00,
0x1D, 0x56, 0x00, 0x00, 0x00, 0x00, 0x00, 0x00, 0x00, 0x00, 0x04, 0x31, 0x65, 0x65, 0x31, 0x04,
0x00, 0x00, 0x00, 0x00, 0x00, 0x3E, 0xDD, 0xFF, 0xFF, 0xFF, 0xFF, 0xDC, 0x3C, 0x00, 0x00, 0x00,
0x61, 0xFD, 0xFF, 0xFF, 0xFF, 0xFF, 0xFF, 0xFF, 0xFD, 0x5F, 0x00, 0x20, 0xF3, 0xFF, 0xFF, 0xFF,
0xC8, 0xC9, 0xFF, 0xFF, 0xFF, 0xF2, 0x1F, 0x97, 0xFF, 0xFF, 0xFF, 0xFF, 0x4C, 0x50, 0xFF, 0xFF,
0xFF, 0xFF, 0x95, 0xCD, 0xFF, 0xFF, 0xFF, 0xFF, 0x59, 0x5C, 0xFF, 0xFF, 0xFF, 0xFF, 0xCB, 0xF3,
0xFF, 0xFF, 0xFF, 0xFF, 0x6E, 0x70, 0xFF, 0xFF, 0xFF, 0xFF, 0xF2, 0xCD, 0xFF, 0xFF, 0xFF, 0xFF,
0xED, 0xEE, 0xFF, 0xFF, 0xFF, 0xFF, 0xCB, 0x97, 0xFF, 0xFF, 0xFF, 0xFF, 0x6C, 0x6D, 0xFF, 0xFF,
0xFF, 0xFF, 0x95, 0x21, 0xF3, 0xFF, 0xFF, 0xFF, 0xC5, 0xC6, 0xFF, 0xFF, 0xFF, 0xF2, 0x20, 0x00,
0x62, 0xFE, 0xFF, 0xFF, 0xFF, 0xFF, 0xFF, 0xFF, 0xFE, 0x60, 0x00, 0x00, 0x00, 0x40, 0xDF, 0xFF,
0xFF, 0xFF, 0xFF, 0xDE, 0x3F, 0x00, 0x00, 0x00, 0x00, 0x00, 0x05, 0x33, 0x67, 0x66, 0x33, 0x05,
0x00, 0x00, 0x00, 0x00, 0x00, 0x00, 0x04, 0x31, 0x65, 0x65, 0x31, 0x04, 0x00, 0x00, 0x00, 0x00,
0x00, 0x3E, 0xDD, 0xFF, 0xFF, 0xFF, 0xFF, 0xDC, 0x3C, 0x00, 0x00, 0x00, 0x61, 0xFD, 0xFF, 0xFF,
0xFF, 0xFF, 0xFF, 0xFF, 0xFD, 0x5F, 0x00, 0x20, 0xF3, 0xFF, 0xFF, 0xFF, 0xC8, 0xC9, 0xFF, 0xFF,
0xFF, 0xF2, 0x1F, 0x97, 0xFF, 0xFF, 0xFF, 0xFF, 0x4C, 0x50, 0xFF, 0xFF, 0xFF, 0xFF, 0x95, 0xCD,
0xFF, 0xFF, 0xFF, 0xFF, 0x59, 0x5C, 0xFF, 0xFF, 0xFF, 0xFF, 0xCB, 0xF3, 0xFF, 0xFF, 0xFF, 0xFF,
0x6E, 0x70, 0xFF, 0xFF, 0xFF, 0xFF, 0xF2, 0xCD, 0xFF, 0xFF, 0xFF, 0xFF, 0xED, 0xEE, 0xFF, 0xFF,
0xFF, 0xFF, 0xCB, 0x97, 0xFF, 0xFF, 0xFF, 0xFF, 0x6C, 0x6D, 0xFF, 0xFF, 0xFF, 0xFF, 0x95, 0x21,
0xF3, 0xFF, 0xFF, 0xFF, 0xC5, 0xC6, 0xFF, 0xFF, 0xFF, 0xF2, 0x20, 0x00, 0x62, 0xFE, 0xFF, 0xFF,
0xFF, 0xFF, 0xFF, 0xFF, 0xFE, 0x60, 0x00, 0x00, 0x00, 0x40, 0xDF, 0xFF, 0xFF, 0xFF, 0xFF, 0xDE,
0x3F, 0x00, 0x00, 0x00, 0x00, 0x00, 0x05, 0x33, 0x67, 0x66, 0x33, 0x05, 0x00, 0x00, 0x00, 0x00,
0x00, 0x2C, 0x72, 0x39, 0x00, 0x00, 0x3A, 0x72, 0x2B, 0x00, 0x00, 0x00, 0x2C, 0xF5, 0xBC, 0xF9,
0x57, 0x5A, 0xFA, 0xBC, 0xF5, 0x2B, 0x00, 0x00, 0x72, 0xBA, 0x00, 0x53, 0xEB, 0xEC, 0x54, 0x00,
0xBB, 0x71, 0x00, 0x59, 0xAA, 0xF6, 0x90, 0x80, 0xF0, 0xEF, 0x80, 0x90, 0xF7, 0xA9, 0x59, 0xFC,
0xFF, 0xFF, 0xFF, 0xFF, 0xFF, 0xFF, 0xFF, 0xFF, 0xFF, 0xFF, 0xFC, 0x96, 0xBF, 0xBF, 0xBF, 0xBF,
0xBF, 0xBF, 0xBF, 0xBF, 0xBF, 0xBF, 0x96, 0x07, 0x1F, 0x1F, 0x1F, 0x1F, 0x0D, 0x0D, 0x1F, 0x1F,
0x1F, 0x1F, 0x07, 0x3F, 0xFF, 0xFF, 0xFF, 0xFF, 0x6F, 0x6F, 0xFF, 0xFF, 0xFF, 0xFF, 0x3F, 0x3F,
0xFF, 0xFF, 0xFF, 0xFF, 0x6F, 0x6F, 0xFF, 0xFF, 0xFF, 0xFF, 0x3F, 0x3F, 0xFF, 0xFF, 0xFF, 0xFF,
0x6F, 0x6F, 0xFF, 0xFF, 0xFF, 0xFF, 0x3F, 0x23, 0xFE, 0xFF, 0xFF, 0xFF, 0x6F, 0x6F, 0xFF, 0xFF,
0xFF, 0xFE, 0x23, 0x00, 0x69, 0xBC, 0xBF, 0xBF, 0x53, 0x53, 0xBF, 0xBF, 0xBC, 0x68, 0x00, 0x00,
0x00, 0x2C, 0x72, 0x39, 0x00, 0x00, 0x3A, 0x72, 0x2B, 0x00, 0x00, 0x00, 0x2C, 0xF5, 0xBC, 0xF9,
0x57, 0x5A, 0xFA, 0xBC, 0xF5, 0x2B, 0x00, 0x00, 0x72, 0xBA, 0x00, 0x53, 0xEB, 0xEC, 0x54, 0x00,
0xBB, 0x71, 0x00, 0x59, 0xAA, 0xF6, 0x90, 0x80, 0xF0, 0xEF, 0x80, 0x90, 0xF7, 0xA9, 0x59, 0xFC,
0xFF, 0xFF, 0xFF, 0xFF, 0xFF, 0xFF, 0xFF, 0xFF, 0xFF, 0xFF, 0xFC, 0x96, 0xBF, 0xBF, 0xBF, 0xBF,
0xBF, 0xBF, 0xBF, 0xBF, 0xBF, 0xBF, 0x96, 0x07, 0x1F, 0x1F, 0x1F, 0x1F, 0x0D, 0x0D, 0x1F, 0x1F,
0x1F, 0x1F, 0x07, 0x3F, 0xFF, 0xFF, 0xFF, 0xFF, 0x6F, 0x6F, 0xFF, 0xFF, 0xFF, 0xFF, 0x3F, 0x3F,
0xFF, 0xFF, 0xFF, 0xFF, 0x6F, 0x6F, 0xFF, 0xFF, 0xFF, 0xFF, 0x3F, 0x3F, 0xFF, 0xFF, 0xFF, 0xFF,
0x6F, 0x6F, 0xFF, 0xFF, 0xFF, 0xFF, 0x3F, 0x23, 0xFE, 0xFF, 0xFF, 0xFF, 0x6F, 0x6F, 0xFF, 0xFF,
0xFF, 0xFE, 0x23, 0x00, 0x69, 0xBC, 0xBF, 0xBF, 0x53, 0x53, 0xBF, 0xBF, 0xBC, 0x68, 0x00, 0x00,
0x00, 0x00, 0x00, 0x00, 0x00, 0x00, 0x00, 0x00, 0x00, 0x0C, 0x52, 0x00, 0x00, 0x00, 0x00, 0x00,
0x00, 0x00, 0x00, 0x00, 0x21, 0xCD, 0xFF, 0x00, 0x00, 0x00, 0x00, 0x00, 0x1A, 0x44, 0x6D, 0xA4,
0xFA, 0xFF, 0xFF, 0x00, 0x00, 0x00, 0x20, 0xBC, 0xFF, 0xFF, 0xFF, 0xFF, 0xFF, 0xFF, 0xFF, 0x00,
0x00, 0x0E, 0xE0, 0xFF, 0xFF, 0xFF, 0xFF, 0xFF, 0xFF, 0xFF, 0xFF, 0x00, 0x00, 0x2E, 0x3D, 0x11,
0x00, 0x00, 0xA3, 0xFF, 0xFF, 0xFF, 0xF8, 0x00, 0x00, 0x27, 0x95, 0xC9, 0xDF, 0xE0, 0xFC, 0xFF,
0xFF, 0xFF, 0xC8, 0x00, 0x42, 0xF9, 0xFF, 0xFF, 0xFF, 0xFF, 0xFF, 0xFF, 0xFF, 0xFF, 0x8A, 0x2E,
0xEF, 0x9D, 0xFF, 0xFF, 0xFF, 0xFF, 0xFF, 0xFF, 0xFF, 0xE2, 0x0F, 0xAC, 0x91, 0x02, 0xBA, 0xFF,
0xFF, 0xFF, 0xFF, 0xFF, 0xE2, 0x37, 0x00, 0xEA, 0x46, 0x00, 0x08, 0x7F, 0xDC, 0xF3, 0xC7, 0x88,
0x0E, 0x00, 0x00, 0x9D, 0x0B, 0x00, 0x00, 0x00, 0x00, 0x00, 0x00, 0x00, 0x00, 0x00, 0x00, 0x00,
0x00, 0x00, 0x00, 0x00, 0x00, 0x00, 0x00, 0x00, 0x00, 0x0C, 0x52, 0x00, 0x00, 0x00, 0x00, 0x00,
0x00, 0x00, 0x00, 0x00, 0x21, 0xCD, 0xFF, 0x00, 0x00, 0x00, 0x00, 0x00, 0x1A, 0x44, 0x6D, 0xA4,
0xFA, 0xFF, 0xFF, 0x00, 0x00, 0x00, 0x20, 0xBC, 0xFF, 0xFF, 0xFF, 0xFF, 0xFF, 0xFF, 0xFF, 0x00,
0x00, 0x0E, 0xE0, 0xFF, 0xFF, 0xFF, 0xFF, 0xFF, 0xFF, 0xFF, 0xFF, 0x00, 0x00, 0x2E, 0x3D, 0x11,
0x00, 0x00, 0xA3, 0xFF, 0xFF, 0xFF, 0xF8, 0x00, 0x00, 0x27, 0x95, 0xC9, 0xDF, 0xE0, 0xFC, 0xFF,
0xFF, 0xFF, 0xC8, 0x00, 0x42, 0xF9, 0xFF, 0xFF, 0xFF, 0xFF, 0xFF, 0xFF, 0xFF, 0xFF, 0x8A, 0x2E,
0xEF, 0x9D, 0xFF, 0xFF, 0xFF, 0xFF, 0xFF, 0xFF, 0xFF, 0xE2, 0x0F, 0xAC, 0x91, 0x02, 0xBA, 0xFF,
0xFF, 0xFF, 0xFF, 0xFF, 0xE2, 0x37, 0x00, 0xEA, 0x46, 0x00, 0x08, 0x7F, 0xDC, 0xF3, 0xC7, 0x88,
0x0E, 0x00, 0x00, 0x9D, 0x0B, 0x00, 0x00, 0x00, 0x00, 0x00, 0x00, 0x00, 0x00, 0x00, 0x00, 0x00,
0x00, 0x00, 0x0A, 0x19, 0x00, 0x00, 0x00, 0x00, 0x00, 0x00, 0x00, 0x00, 0x0D, 0xCD, 0xE8, 0x21,
0x00, 0x00, 0x00, 0x00, 0x00, 0x00, 0x02, 0xB3, 0xFF, 0xFF, 0xCA, 0x1F, 0xA3, 0x18, 0x00, 0x00,
0x00, 0x66, 0xFF, 0xFF, 0xFF, 0xFF, 0xF0, 0xFF, 0xBD, 0x02, 0x00, 0x0C, 0xE8, 0xFF, 0xFF, 0xFF,
0xFF, 0xFF, 0xFF, 0xFF, 0x60, 0x00, 0x75, 0xFF, 0xFF, 0xFF, 0xFF, 0xFF, 0xFF, 0xFF, 0xFF, 0xDA,
0x03, 0xC4, 0xFF, 0xFF, 0xA3, 0x89, 0xFF, 0xFF, 0xFF, 0xFF, 0xFF, 0x2F, 0xEC, 0xFF, 0xF3, 0x09,
0x01, 0xB6, 0xEF, 0xB6, 0xFF, 0xFF, 0x5D, 0xF1, 0xFF, 0xB4, 0x00, 0x00, 0x0F, 0x2B, 0x31, 0xFF,
0xFF, 0x6F, 0xC0, 0xFF, 0xCA, 0x00, 0x00, 0x00, 0x00, 0x42, 0xFF, 0xFF, 0x3F, 0x6E, 0xFF, 0xFF,
0x6E, 0x01, 0x00, 0x1E, 0xCB, 0xFF, 0xE3, 0x0A, 0x02, 0xC4, 0xFF, 0xFF, 0xE3, 0xD4, 0xFF, 0xFF,
0xFF, 0x47, 0x00, 0x00, 0x0E, 0x9E, 0xFF, 0xFF, 0xFF, 0xFF, 0xE3, 0x47, 0x00, 0x00, 0x00, 0x00,
0x00, 0x24, 0x5A, 0x70, 0x40, 0x0A, 0x00, 0x00, 0x00, 0x00, 0x00, 0x00, 0x0A, 0x19, 0x00, 0x00,
0x00, 0x00, 0x00, 0x00, 0x00, 0x00, 0x0D, 0xCD, 0xE8, 0x21, 0x00, 0x00, 0x00, 0x00, 0x00, 0x00,
0x02, 0xB3, 0xFF, 0xFF, 0xCA, 0x1F, 0xA3, 0x18, 0x00, 0x00, 0x00, 0x66, 0xFF, 0xFF, 0xFF, 0xFF,
0xF0, 0xFF, 0xBD, 0x02, 0x00, 0x0C, 0xE8, 0xFF, 0xFF, 0xFF, 0xFF, 0xFF, 0xFF, 0xFF, 0x60, 0x00,
0x75, 0xFF, 0xFF, 0xFF, 0xFF, 0xFF, 0xFF, 0xFF, 0xFF, 0xDA, 0x03, 0xC4, 0xFF, 0xFF, 0xA3, 0x89,
0xFF, 0xFF, 0xFF, 0xFF, 0xFF, 0x2F, 0xEC, 0xFF, 0xF3, 0x09, 0x01, 0xB6, 0xEF, 0xB6, 0xFF, 0xFF,
0x5D, 0xF1, 0xFF, 0xB4, 0x00, 0x00, 0x0F, 0x2B, 0x31, 0xFF, 0xFF, 0x6F, 0xC0, 0xFF, 0xCA, 0x00,
0x00, 0x00, 0x00, 0x42, 0xFF, 0xFF, 0x3F, 0x6E, 0xFF, 0xFF, 0x6E, 0x01, 0x00, 0x1E, 0xCB, 0xFF,
0xE3, 0x0A, 0x02, 0xC4, 0xFF, 0xFF, 0xE3, 0xD4, 0xFF, 0xFF, 0xFF, 0x47, 0x00, 0x00, 0x0E, 0x9E,
0xFF, 0xFF, 0xFF, 0xFF, 0xE3, 0x47, 0x00, 0x00, 0x00, 0x00, 0x00, 0x24, 0x5A, 0x70, 0x40, 0x0A,
0x00, 0x00, 0x00, 0x00, 0x00, 0x00, 0x00, 0x48, 0x96, 0xB6, 0xA8, 0x74, 0x18, 0x00, 0x00, 0x00,
0x00, 0x00, 0x00, 0x1A, 0xB6, 0xFF, 0xFF, 0xFF, 0xFF, 0xFF, 0xEF, 0x5D, 0x00, 0x00, 0x00, 0x00,
0x26, 0xEB, 0xFF, 0xEC, 0x6B, 0x30, 0x46, 0xAE, 0xFF, 0xFF, 0x8D, 0x00, 0x00, 0x11, 0xDB, 0xFF,
0xF4, 0x24, 0x00, 0x3F, 0x94, 0x0D, 0x9A, 0xFF, 0xFF, 0x68, 0x00, 0x8F, 0xFF, 0xFF, 0x94, 0x00,
0x00, 0x76, 0xFF, 0x9F, 0x16, 0xFF, 0xFF, 0xF3, 0x18, 0xED, 0xFF, 0xFF, 0x6C, 0x4A, 0x9F, 0xF5,
0xFF, 0xF2, 0x00, 0xEC, 0xFF, 0xFF, 0x6C, 0x8F, 0xFF, 0xFF, 0x94, 0x3A, 0xFF, 0xFF, 0xFF, 0xB3,
0x15, 0xFF, 0xFF, 0xF4, 0x18, 0x11, 0xDC, 0xFF, 0xF4, 0x24, 0x50, 0xB1, 0x93, 0x13, 0x9A, 0xFF,
0xFF, 0x69, 0x00, 0x00, 0x27, 0xED, 0xFF, 0xEC, 0x6A, 0x2F, 0x45, 0xAD, 0xFF, 0xFF, 0x90, 0x00,
0x00, 0x00, 0x00, 0x1C, 0xB9, 0xFF, 0xFF, 0xFF, 0xFF, 0xFF, 0xF1, 0x61, 0x00, 0x00, 0x00, 0x00,
0x00, 0x00, 0x00, 0x4A, 0x98, 0xB7, 0xAA, 0x76, 0x19, 0x00, 0x00, 0x00, 0x00, 0x00, 0x00, 0x00,
0x00, 0x48, 0x96, 0xB6, 0xA8, 0x74, 0x18, 0x00, 0x00, 0x00, 0x00, 0x00, 0x00, 0x1A, 0xB6, 0xFF,
0xFF, 0xFF, 0xFF, 0xFF, 0xEF, 0x5D, 0x00, 0x00, 0x00, 0x00, 0x26, 0xEB, 0xFF, 0xEC, 0x6B, 0x30,
0x46, 0xAE, 0xFF, 0xFF, 0x8D, 0x00, 0x00, 0x11, 0xDB, 0xFF, 0xF4, 0x24, 0x00, 0x3F, 0x94, 0x0D,
0x9A, 0xFF, 0xFF, 0x68, 0x00, 0x8F, 0xFF, 0xFF, 0x94, 0x00, 0x00, 0x76, 0xFF, 0x9F, 0x16, 0xFF,
0xFF, 0xF3, 0x18, 0xED, 0xFF, 0xFF, 0x6C, 0x4A, 0x9F, 0xF5, 0xFF, 0xF2, 0x00, 0xEC, 0xFF, 0xFF,
0x6C, 0x8F, 0xFF, 0xFF, 0x94, 0x3A, 0xFF, 0xFF, 0xFF, 0xB3, 0x15, 0xFF, 0xFF, 0xF4, 0x18, 0x11,
0xDC, 0xFF, 0xF4, 0x24, 0x50, 0xB1, 0x93, 0x13, 0x9A, 0xFF, 0xFF, 0x69, 0x00, 0x00, 0x27, 0xED,
0xFF, 0xEC, 0x6A, 0x2F, 0x45, 0xAD, 0xFF, 0xFF, 0x90, 0x00, 0x00, 0x00, 0x00, 0x1C, 0xB9, 0xFF,
0xFF, 0xFF, 0xFF, 0xFF, 0xF1, 0x61, 0x00, 0x00, 0x00, 0x00, 0x00, 0x00, 0x00, 0x4A, 0x98, 0xB7,
0xAA, 0x76, 0x19, 0x00, 0x00, 0x00, 0x00, 0x21, 0x00, 0x00, 0x00, 0x00, 0x00, 0x00, 0x00, 0x00,
0x00, 0x00, 0x00, 0x00, 0x00, 0xDD, 0x88, 0x00, 0x00, 0x00, 0x00, 0x00, 0x00, 0x00, 0x00, 0x00,
0x00, 0x00, 0x00, 0x29, 0xE7, 0x89, 0x00, 0x45, 0x8D, 0xB3, 0xA8, 0x73, 0x17, 0x00, 0x00, 0x00,
0x00, 0x00, 0x29, 0xE7, 0xE0, 0xFF, 0xFF, 0xFF, 0xFF, 0xFF, 0xEF, 0x5C, 0x00, 0x00, 0x00, 0x00,
0x0C, 0x29, 0xE7, 0xF7, 0x6A, 0x2D, 0x47, 0xB0, 0xFF, 0xFF, 0x8D, 0x00, 0x00, 0x0F, 0xDB, 0x5A,
0x29, 0xE7, 0xA4, 0xAF, 0x8F, 0x0F, 0x9C, 0xFF, 0xFF, 0x68, 0x00, 0x92, 0xFF, 0xFC, 0x48, 0x29,
0xE7, 0xFF, 0xFF, 0xB3, 0x16, 0xFF, 0xFF, 0xF3, 0x18, 0xE9, 0xFF, 0xFF, 0x6A, 0x00, 0x29, 0xE7,
0xFF, 0xF2, 0x00, 0xEB, 0xFF, 0xFF, 0x6D, 0x8C, 0xFF, 0xFF, 0x95, 0x00, 0x00, 0x29, 0xE7, 0xD1,
0x13, 0xFE, 0xFF, 0xF4, 0x1A, 0x10, 0xDA, 0xFF, 0xF5, 0x25, 0x00, 0x00, 0x29, 0xE7, 0xD6, 0xFF,
0xFF, 0x6A, 0x00, 0x00, 0x24, 0xEA, 0xFF, 0xEC, 0x6B, 0x2F, 0x25, 0x29, 0xE7, 0xFF, 0x94, 0x00,
0x00, 0x00, 0x00, 0x1A, 0xB6, 0xFF, 0xFF, 0xFF, 0xFD, 0x5E, 0x29, 0xE7, 0x87, 0x00, 0x00, 0x00,
0x00, 0x00, 0x00, 0x4A, 0x98, 0xB6, 0x99, 0x63, 0x03, 0x29, 0xE7, 0x86, 0x00, 0x00, 0x00, 0x00,
0x00, 0x00, 0x00, 0x00, 0x00, 0x00, 0x00, 0x00, 0x29, 0xE7, 0x58, 0x00, 0x00, 0x00, 0x00, 0x00,
0x00, 0x00, 0x00, 0x00, 0x00, 0x00, 0x00, 0x18, 0x0E, 0x21, 0x00, 0x00, 0x00, 0x00, 0x00, 0x00,
0x00, 0x00, 0x00, 0x00, 0x00, 0x00, 0x00, 0xDD, 0x88, 0x00, 0x00, 0x00, 0x00, 0x00, 0x00, 0x00,
0x00, 0x00, 0x00, 0x00, 0x00, 0x29, 0xE7, 0x89, 0x00, 0x45, 0x8D, 0xB3, 0xA8, 0x73, 0x17, 0x00,
0x00, 0x00, 0x00, 0x00, 0x29, 0xE7, 0xE0, 0xFF, 0xFF, 0xFF, 0xFF, 0xFF, 0xEF, 0x5C, 0x00, 0x00,
0x00, 0x00, 0x0C, 0x29, 0xE7, 0xF7, 0x6A, 0x2D, 0x47, 0xB0, 0xFF, 0xFF, 0x8D, 0x00, 0x00, 0x0F,
0xDB, 0x5A, 0x29, 0xE7, 0xA4, 0xAF, 0x8F, 0x0F, 0x9C, 0xFF, 0xFF, 0x68, 0x00, 0x92, 0xFF, 0xFC,
0x48, 0x29, 0xE7, 0xFF, 0xFF, 0xB3, 0x16, 0xFF, 0xFF, 0xF3, 0x18, 0xE9, 0xFF, 0xFF, 0x6A, 0x00,
0x29, 0xE7, 0xFF, 0xF2, 0x00, 0xEB, 0xFF, 0xFF, 0x6D, 0x8C, 0xFF, 0xFF, 0x95, 0x00, 0x00, 0x29,
0xE7, 0xD1, 0x13, 0xFE, 0xFF, 0xF4, 0x1A, 0x10, 0xDA, 0xFF, 0xF5, 0x25, 0x00, 0x00, 0x29, 0xE7,
0xD6, 0xFF, 0xFF, 0x6A, 0x00, 0x00, 0x24, 0xEA, 0xFF, 0xEC, 0x6B, 0x2F, 0x25, 0x29, 0xE7, 0xFF,
0x94, 0x00, 0x00, 0x00, 0x00, 0x1A, 0xB6, 0xFF, 0xFF, 0xFF, 0xFD, 0x5E, 0x29, 0xE7, 0x87, 0x00,
0x00, 0x00, 0x00, 0x00, 0x00, 0x4A, 0x98, 0xB6, 0x99, 0x63, 0x03, 0x29, 0xE7, 0x86, 0x00, 0x00,
0x00, 0x00, 0x00, 0x00, 0x00, 0x00, 0x00, 0x00, 0x00, 0x00, 0x29, 0xE7, 0x58, 0x00, 0x00, 0x00,
0x00, 0x00, 0x00, 0x00, 0x00, 0x00, 0x00, 0x00, 0x00, 0x18, 0x0E, 0x00, 0x00, 0x00, 0x00, 0x00,
0x34, 0x34, 0x00, 0x00, 0x00, 0x00, 0x00, 0x00, 0x00, 0x00, 0x00, 0x20, 0xF9, 0xF7, 0x1D, 0x00,
0x00, 0x00, 0x00, 0x00, 0x00, 0x00, 0x00, 0xA4, 0xFF, 0xFF, 0x9F, 0x00, 0x00, 0x00, 0x00, 0x00,
0x00, 0x00, 0x2F, 0xFE, 0xFF, 0xFF, 0xFD, 0x2C, 0x00, 0x00, 0x00, 0x00, 0x00, 0x00, 0xB8, 0xFF,
0x9D, 0x9E, 0xFF, 0xB3, 0x00, 0x00, 0x00, 0x00, 0x00, 0x42, 0xFF, 0xFF, 0x4C, 0x4F, 0xFF, 0xFF,
0x3D, 0x00, 0x00, 0x00, 0x01, 0xCB, 0xFF, 0xFF, 0x5E, 0x60, 0xFF, 0xFF, 0xC7, 0x00, 0x00, 0x00,
0x57, 0xFF, 0xFF, 0xFF, 0x83, 0x85, 0xFF, 0xFF, 0xFF, 0x52, 0x00, 0x05, 0xDB, 0xFF, 0xFF, 0xFF,
0xEC, 0xEC, 0xFF, 0xFF, 0xFF, 0xD8, 0x03, 0x6B, 0xFF, 0xFF, 0xFF, 0xFF, 0x59, 0x5A, 0xFF, 0xFF,
0xFF, 0xFF, 0x66, 0xE4, 0xFF, 0xFF, 0xFF, 0xFF, 0xEC, 0xEC, 0xFF, 0xFF, 0xFF, 0xFF, 0xE1, 0x7C,
0xC0, 0xC0, 0xC0, 0xC0, 0xC0, 0xC0, 0xC0, 0xC0, 0xC0, 0xC0, 0x7B, 0x00, 0x00, 0x00, 0x00, 0x00,
0x34, 0x34, 0x00, 0x00, 0x00, 0x00, 0x00, 0x00, 0x00, 0x00, 0x00, 0x20, 0xF9, 0xF7, 0x1D, 0x00,
0x00, 0x00, 0x00, 0x00, 0x00, 0x00, 0x00, 0xA4, 0xFF, 0xFF, 0x9F, 0x00, 0x00, 0x00, 0x00, 0x00,
0x00, 0x00, 0x2F, 0xFE, 0xFF, 0xFF, 0xFD, 0x2C, 0x00, 0x00, 0x00, 0x00, 0x00, 0x00, 0xB8, 0xFF,
0x9D, 0x9E, 0xFF, 0xB3, 0x00, 0x00, 0x00, 0x00, 0x00, 0x42, 0xFF, 0xFF, 0x4C, 0x4F, 0xFF, 0xFF,
0x3D, 0x00, 0x00, 0x00, 0x01, 0xCB, 0xFF, 0xFF, 0x5E, 0x60, 0xFF, 0xFF, 0xC7, 0x00, 0x00, 0x00,
0x57, 0xFF, 0xFF, 0xFF, 0x83, 0x85, 0xFF, 0xFF, 0xFF, 0x52, 0x00, 0x05, 0xDB, 0xFF, 0xFF, 0xFF,
0xEC, 0xEC, 0xFF, 0xFF, 0xFF, 0xD8, 0x03, 0x6B, 0xFF, 0xFF, 0xFF, 0xFF, 0x59, 0x5A, 0xFF, 0xFF,
0xFF, 0xFF, 0x66, 0xE4, 0xFF, 0xFF, 0xFF, 0xFF, 0xEC, 0xEC, 0xFF, 0xFF, 0xFF, 0xFF, 0xE1, 0x7C,
0xC0, 0xC0, 0xC0, 0xC0, 0xC0, 0xC0, 0xC0, 0xC0, 0xC0, 0xC0, 0x7B, 0x00, 0x00, 0x00, 0x07, 0x1F,
0x02, 0x00, 0x00, 0x00, 0x00, 0x00, 0x00, 0x00, 0x00, 0x00, 0x00, 0x00, 0x64, 0xFF, 0xC8, 0x0C,
0x00, 0x00, 0x00, 0x00, 0x00, 0x00, 0x00, 0x00, 0x00, 0x00, 0x1A, 0xFE, 0xFF, 0xBA, 0x06, 0x00,
0x00, 0x00, 0x00, 0x00, 0x00, 0x66, 0x26, 0x00, 0x00, 0xC3, 0xFF, 0xFF, 0xA7, 0x01, 0x00, 0x00,
0x00, 0x00, 0x00, 0xC2, 0xDC, 0x11, 0x00, 0x6E, 0xFF, 0xFF, 0xFF, 0x92, 0x00, 0x00, 0x00, 0x00,
0x00, 0x81, 0xFF, 0xE3, 0xD0, 0xDB, 0xFF, 0xFF, 0xFF, 0xFF, 0xD5, 0xD0, 0xD0, 0xAC, 0x16, 0x50,
0xFF, 0xFF, 0xFF, 0xFF, 0xFF, 0xFF, 0xFF, 0xFF, 0xFF, 0xFF, 0xFF, 0xFF, 0x65, 0x81, 0xFF, 0xE3,
0xD0, 0xDB, 0xFF, 0xFF, 0xFF, 0xFF, 0xD5, 0xD0, 0xD0, 0xAD, 0x17, 0xC2, 0xDC, 0x11, 0x00, 0x6E,
0xFF, 0xFF, 0xFF, 0x93, 0x00, 0x00, 0x00, 0x00, 0x00, 0x66, 0x26, 0x00, 0x00, 0xC3, 0xFF, 0xFF,
0xA7, 0x01, 0x00, 0x00, 0x00, 0x00, 0x00, 0x00, 0x00, 0x00, 0x19, 0xFD, 0xFF, 0xBA, 0x06, 0x00,
0x00, 0x00, 0x00, 0x00, 0x00, 0x00, 0x00, 0x00, 0x63, 0xFF, 0xC8, 0x0C, 0x00, 0x00, 0x00, 0x00,
0x00, 0x00, 0x00, 0x00, 0x00, 0x00, 0x07, 0x1F, 0x02, 0x00, 0x00, 0x00, 0x00, 0x00, 0x00, 0x00,
0x00, 0x00, 0x00, 0x00, 0x07, 0x1F, 0x02, 0x00, 0x00, 0x00, 0x00, 0x00, 0x00, 0x00, 0x00, 0x00,
0x00, 0x00, 0x64, 0xFF, 0xC8, 0x0C, 0x00, 0x00, 0x00, 0x00, 0x00, 0x00, 0x00, 0x00, 0x00, 0x00,
0x1A, 0xFE, 0xFF, 0xBA, 0x06, 0x00, 0x00, 0x00, 0x00, 0x00, 0x00, 0x66, 0x26, 0x00, 0x00, 0xC3,
0xFF, 0xFF, 0xA7, 0x01, 0x00, 0x00, 0x00, 0x00, 0x00, 0xC2, 0xDC, 0x11, 0x00, 0x6E, 0xFF, 0xFF,
0xFF, 0x92, 0x00, 0x00, 0x00, 0x00, 0x00, 0x81, 0xFF, 0xE3, 0xD0, 0xDB, 0xFF, 0xFF, 0xFF, 0xFF,
0xD5, 0xD0, 0xD0, 0xAC, 0x16, 0x50, 0xFF, 0xFF, 0xFF, 0xFF, 0xFF, 0xFF, 0xFF, 0xFF, 0xFF, 0xFF,
0xFF, 0xFF, 0x65, 0x81, 0xFF, 0xE3, 0xD0, 0xDB, 0xFF, 0xFF, 0xFF, 0xFF, 0xD5, 0xD0, 0xD0, 0xAD,
0x17, 0xC2, 0xDC, 0x11, 0x00, 0x6E, 0xFF, 0xFF, 0xFF, 0x93, 0x00, 0x00, 0x00, 0x00, 0x00, 0x66,
0x26, 0x00, 0x00, 0xC3, 0xFF, 0xFF, 0xA7, 0x01, 0x00, 0x00, 0x00, 0x00, 0x00, 0x00, 0x00, 0x00,
0x19, 0xFD, 0xFF, 0xBA, 0x06, 0x00, 0x00, 0x00, 0x00, 0x00, 0x00, 0x00, 0x00, 0x00, 0x63, 0xFF,
0xC8, 0x0C, 0x00, 0x00, 0x00, 0x00, 0x00, 0x00, 0x00, 0x00, 0x00, 0x00, 0x07, 0x1F, 0x02, 0x00,
0x00, 0x00, 0x00, 0x00, 0x00, 0x00, 0x00, 0x00, 0x00, 0x39, 0x39, 0x00, 0x00, 0x06, 0x65, 0x06,
0x00, 0x00, 0x00, 0x00, 0xBC, 0xBC, 0x00, 0x00, 0x3C, 0xFF, 0x3C, 0x00, 0x00, 0x71, 0xF2, 0xFF,
0xFF, 0xFF, 0xFF, 0xFF, 0xFF, 0xFF, 0xC9, 0x18, 0xF2, 0xFF, 0xFF, 0xFF, 0xFF, 0xFF, 0xFF, 0xFF,
0xFF, 0xFF, 0x72, 0xFF, 0xFF, 0xFF, 0xFF, 0xFF, 0xFF, 0xFF, 0xFF, 0xFF, 0xFF, 0x80, 0xFF, 0xEF,
0xD0, 0xFF, 0xEF, 0xD0, 0xFF, 0xEF, 0xD0, 0xFF, 0x80, 0xFF, 0x83, 0x04, 0xFF, 0x83, 0x04, 0xFF,
0x83, 0x04, 0xFF, 0x80, 0xFF, 0xEF, 0xD0, 0xFF, 0xEF, 0xD0, 0xFF, 0xEF, 0xD0, 0xFF, 0x80, 0xFF,
0xEF, 0xD0, 0xFF, 0xEF, 0xD0, 0xFF, 0xEF, 0xD0, 0xFF, 0x80, 0xFF, 0x83, 0x04, 0xFF, 0x83, 0x04,
0xFF, 0x83, 0x04, 0xFF, 0x80, 0xE2, 0xEF, 0xD0, 0xFF, 0xEF, 0xD0, 0xFF, 0xEF, 0xD0, 0xFF, 0x61,
0x43, 0xB3, 0xC0, 0xC0, 0xC0, 0xC0, 0xC0, 0xC0, 0xC0, 0x8B, 0x09, 0x00, 0x00, 0x39, 0x39, 0x00,
0x00, 0x06, 0x65, 0x06, 0x00, 0x00, 0x00, 0x00, 0xBC, 0xBC, 0x00, 0x00, 0x3C, 0xFF, 0x3C, 0x00,
0x00, 0x71, 0xF2, 0xFF, 0xFF, 0xFF, 0xFF, 0xFF, 0xFF, 0xFF, 0xC9, 0x18, 0xF2, 0xFF, 0xFF, 0xFF,
0xFF, 0xFF, 0xFF, 0xFF, 0xFF, 0xFF, 0x72, 0xFF, 0xFF, 0xFF, 0xFF, 0xFF, 0xFF, 0xFF, 0xFF, 0xFF,
0xFF, 0x80, 0xFF, 0xEF, 0xD0, 0xFF, 0xEF, 0xD0, 0xFF, 0xEF, 0xD0, 0xFF, 0x80, 0xFF, 0x83, 0x04,
0xFF, 0x83, 0x04, 0xFF, 0x83, 0x04, 0xFF, 0x80, 0xFF, 0xEF, 0xD0, 0xFF, 0xEF, 0xD0, 0xFF, 0xEF,
0xD0, 0xFF, 0x80, 0xFF, 0xEF, 0xD0, 0xFF, 0xEF, 0xD0, 0xFF, 0xEF, 0xD0, 0xFF, 0x80, 0xFF, 0x83,
0x04, 0xFF, 0x83, 0x04, 0xFF, 0x83, 0x04, 0xFF, 0x80, 0xE2, 0xEF, 0xD0, 0xFF, 0xEF, 0xD0, 0xFF,
0xEF, 0xD0, 0xFF, 0x61, 0x43, 0xB3, 0xC0, 0xC0, 0xC0, 0xC0, 0xC0, 0xC0, 0xC0, 0x8B, 0x09, 0x00,
0x00, 0x00, 0x00, 0x00, 0x00, 0x00, 0x00, 0x00, 0x82, 0x4C, 0x00, 0x23, 0x40, 0x2F, 0x02, 0x00,
0x00, 0x00, 0x14, 0x3E, 0xFF, 0xFB, 0x54, 0xE6, 0xFF, 0xFF, 0xC7, 0x10, 0x00, 0x60, 0xFA, 0xFF,
0xFF, 0xFF, 0xE5, 0x23, 0x40, 0x67, 0xFA, 0xAF, 0x01, 0xD5, 0xBC, 0x44, 0xFF, 0xFC, 0x57, 0x00,
0x00, 0x00, 0x71, 0xFF, 0x6F, 0x2C, 0x10, 0x00, 0x80, 0x4F, 0x00, 0x00, 0x00, 0x00, 0x00, 0xB1,
0xF9, 0x34, 0x00, 0x00, 0x00, 0x00, 0x00, 0x00, 0x00, 0x00, 0x3C, 0x12, 0xE1, 0xDD, 0x0F, 0x00,
0x82, 0x4C, 0x00, 0x23, 0x40, 0x65, 0xF9, 0x54, 0x39, 0xFB, 0xBA, 0x43, 0xFF, 0xFB, 0x54, 0xE6,
0xFF, 0xFF, 0xC7, 0x10, 0x00, 0x61, 0xFB, 0xFF, 0xFF, 0xFF, 0xE5, 0x23, 0x40, 0x2F, 0x03, 0x00,
0x00, 0x00, 0x14, 0x3E, 0xFF, 0xFC, 0x57, 0x00, 0x00, 0x00, 0x00, 0x00, 0x00, 0x00, 0x00, 0x00,
0x8C, 0x52, 0x00, 0x00, 0x00, 0x00, 0x00, 0x00, 0x00, 0x00, 0x00, 0x00, 0x82, 0x4C, 0x00, 0x23,
0x40, 0x2F, 0x02, 0x00, 0x00, 0x00, 0x14, 0x3E, 0xFF, 0xFB, 0x54, 0xE6, 0xFF, 0xFF, 0xC7, 0x10,
0x00, 0x60, 0xFA, 0xFF, 0xFF, 0xFF, 0xE5, 0x23, 0x40, 0x67, 0xFA, 0xAF, 0x01, 0xD5, 0xBC, 0x44,
0xFF, 0xFC, 0x57, 0x00, 0x00, 0x00, 0x71, 0xFF, 0x6F, 0x2C, 0x10, 0x00, 0x80, 0x4F, 0x00, 0x00,
0x00, 0x00, 0x00, 0xB1, 0xF9, 0x34, 0x00, 0x00, 0x00, 0x00, 0x00, 0x00, 0x00, 0x00, 0x3C, 0x12,
0xE1, 0xDD, 0x0F, 0x00, 0x82, 0x4C, 0x00, 0x23, 0x40, 0x65, 0xF9, 0x54, 0x39, 0xFB, 0xBA, 0x43,
0xFF, 0xFB, 0x54, 0xE6, 0xFF, 0xFF, 0xC7, 0x10, 0x00, 0x61, 0xFB, 0xFF, 0xFF, 0xFF, 0xE5, 0x23,
0x40, 0x2F, 0x03, 0x00, 0x00, 0x00, 0x14, 0x3E, 0xFF, 0xFC, 0x57, 0x00, 0x00, 0x00, 0x00, 0x00,
0x00, 0x00, 0x00, 0x00, 0x8C, 0x52, 0x00, 0x00, 0x00, 0x00, 0x08, 0x36, 0x67, 0x67, 0x36, 0x07,
0x00, 0x00, 0x00, 0x00, 0x00, 0x51, 0xE5, 0xFF, 0xFF, 0xFF, 0xFF, 0xE4, 0x4F, 0x00, 0x00, 0x00,
0x7B, 0xFF, 0xFF, 0xFF, 0xFF, 0xFF, 0xFF, 0xFF, 0xFF, 0x79, 0x00, 0x3A, 0xFC, 0xFF, 0xFF, 0xFF,
0xFF, 0xFF, 0xFF, 0xFF, 0xFF, 0xFB, 0x38, 0xA7, 0xFF, 0xFF, 0xFF, 0xFF, 0xFF, 0xFF, 0xFF, 0xFF,
0xFF, 0xFF, 0xA5, 0xDE, 0xFF, 0xFF, 0xFF, 0xFF, 0xFF, 0xFF, 0xFF, 0xFF, 0xFF, 0xFF, 0xDD, 0xEE,
0xFF, 0xFF, 0xFF, 0xFF, 0xFF, 0xFF, 0xFF, 0xFF, 0xFF, 0xFF, 0xEA, 0xC2, 0xFF, 0xFF, 0xFF, 0xFF,
0xFF, 0xFF, 0xFF, 0xFF, 0xFF, 0xFF, 0xB3, 0x5E, 0xFF, 0xFF, 0xFF, 0xFF, 0xFF, 0xFF, 0xFF, 0xFF,
0xFF, 0xFF, 0x5E, 0x01, 0xE9, 0xFF, 0xFF, 0xFF, 0xFF, 0xFF, 0xFF, 0xFF, 0xFF, 0xAC, 0x00, 0x4D,
0xFF, 0xFF, 0xFF, 0xFF, 0xFF, 0xFF, 0xFF, 0xFD, 0x93, 0x0C, 0x00, 0xCE, 0xFE, 0xB9, 0x5A, 0x74,
0xA7, 0xA8, 0x78, 0x30, 0x00, 0x00, 0x00, 0x57, 0x28, 0x00, 0x00, 0x00, 0x00, 0x00, 0x00, 0x00,
0x00, 0x00, 0x00, 0x00, 0x00, 0x00, 0x08, 0x36, 0x67, 0x67, 0x36, 0x07, 0x00, 0x00, 0x00, 0x00,
0x00, 0x51, 0xE5, 0xFF, 0xFF, 0xFF, 0xFF, 0xE4, 0x4F, 0x00, 0x00, 0x00, 0x7B, 0xFF, 0xFF, 0xFF,
0xFF, 0xFF, 0xFF, 0xFF, 0xFF, 0x79, 0x00, 0x3A, 0xFC, 0xFF, 0xFF, 0xFF, 0xFF, 0xFF, 0xFF, 0xFF,
0xFF, 0xFB, 0x38, 0xA7, 0xFF, 0xFF, 0xFF, 0xFF, 0xFF, 0xFF, 0xFF, 0xFF, 0xFF, 0xFF, 0xA5, 0xDE,
0xFF, 0xFF, 0xFF, 0xFF, 0xFF, 0xFF, 0xFF, 0xFF, 0xFF, 0xFF, 0xDD, 0xEE, 0xFF, 0xFF, 0xFF, 0xFF,
0xFF, 0xFF, 0xFF, 0xFF, 0xFF, 0xFF, 0xEA, 0xC2, 0xFF, 0xFF, 0xFF, 0xFF, 0xFF, 0xFF, 0xFF, 0xFF,
0xFF, 0xFF, 0xB3, 0x5E, 0xFF, 0xFF, 0xFF, 0xFF, 0xFF, 0xFF, 0xFF, 0xFF, 0xFF, 0xFF, 0x5E, 0x01,
0xE9, 0xFF, 0xFF, 0xFF, 0xFF, 0xFF, 0xFF, 0xFF, 0xFF, 0xAC, 0x00, 0x4D, 0xFF, 0xFF, 0xFF, 0xFF,
0xFF, 0xFF, 0xFF, 0xFD, 0x93, 0x0C, 0x00, 0xCE, 0xFE, 0xB9, 0x5A, 0x74, 0xA7, 0xA8, 0x78, 0x30,
0x00, 0x00, 0x00, 0x57, 0x28, 0x00, 0x00, 0x00, 0x00, 0x00, 0x00, 0x00, 0x00, 0x00, 0x00, 0x96,
0xBF, 0x95, 0x00, 0x00, 0x00, 0x00, 0x39, 0xBC, 0xBC, 0x39, 0xFF, 0xFF, 0xFF, 0x00, 0x00, 0x00,
0x00, 0x7F, 0xFF, 0xFF, 0x7F, 0x7F, 0x7F, 0x7F, 0x00, 0x00, 0x00, 0x00, 0x3F, 0x7F, 0x7F, 0x3F,
0x5F, 0x5F, 0x5F, 0x00, 0x00, 0x00, 0x00, 0x2F, 0x5F, 0x5F, 0x2F, 0xFF, 0xFF, 0xFF, 0x00, 0x00,
0x00, 0x00, 0x7F, 0xFF, 0xFF, 0x7F, 0xFF, 0xFF, 0xFF, 0x00, 0x00, 0x00, 0x00, 0x7F, 0xFF, 0xFF,
0x7F, 0xF1, 0xFF, 0xFF, 0x0E, 0x00, 0x00, 0x00, 0x8E, 0xFF, 0xFF, 0x71, 0xC0, 0xFF, 0xFF, 0x70,
0x00, 0x00, 0x10, 0xE1, 0xFF, 0xFF, 0x3E, 0x6E, 0xFF, 0xFF, 0xFE, 0xAE, 0x8F, 0xE1, 0xFF, 0xFF,
0xE3, 0x0A, 0x02, 0xC4, 0xFF, 0xFF, 0xFF, 0xFF, 0xFF, 0xFF, 0xFF, 0x47, 0x00, 0x00, 0x0E, 0x9D,
0xFF, 0xFF, 0xFF, 0xFF, 0xE3, 0x47, 0x00, 0x00, 0x00, 0x00, 0x00, 0x24, 0x59, 0x70, 0x40, 0x0A,
0x00, 0x00, 0x00, 0x96, 0xBF, 0x95, 0x00, 0x00, 0x00, 0x00, 0x39, 0xBC, 0xBC, 0x39, 0xFF, 0xFF,
0xFF, 0x00, 0x00, 0x00, 0x00, 0x7F, 0xFF, 0xFF, 0x7F, 0x7F, 0x7F, 0x7F, 0x00, 0x00, 0x00, 0x00,
0x3F, 0x7F, 0x7F, 0x3F, 0x5F, 0x5F, 0x5F, 0x00, 0x00, 0x00, 0x00, 0x2F, 0x5F, 0x5F, 0x2F, 0xFF,
0xFF, 0xFF, 0x00, 0x00, 0x00, 0x00, 0x7F, 0xFF, 0xFF, 0x7F, 0xFF, 0xFF, 0xFF, 0x00, 0x00, 0x00,
0x00, 0x7F, 0xFF, 0xFF, 0x7F, 0xF1, 0xFF, 0xFF, 0x0E, 0x00, 0x00, 0x00, 0x8E, 0xFF, 0xFF, 0x71,
0xC0, 0xFF, 0xFF, 0x70, 0x00, 0x00, 0x10, 0xE1, 0xFF, 0xFF, 0x3E, 0x6E, 0xFF, 0xFF, 0xFE, 0xAE,
0x8F, 0xE1, 0xFF, 0xFF, 0xE3, 0x0A, 0x02, 0xC4, 0xFF, 0xFF, 0xFF, 0xFF, 0xFF, 0xFF, 0xFF, 0x47,
0x00, 0x00, 0x0E, 0x9D, 0xFF, 0xFF, 0xFF, 0xFF, 0xE3, 0x47, 0x00, 0x00, 0x00, 0x00, 0x00, 0x24,
0x59, 0x70, 0x40, 0x0A, 0x00, 0x00, 0x00, 0x00, 0x00, 0x00, 0x00, 0x06, 0x1F, 0x00, 0x00, 0x00,
0x00, 0x00, 0x00, 0x00, 0x00, 0x0D, 0xC6, 0xFB, 0x53, 0x00, 0x00, 0x00, 0x00, 0x00, 0x00, 0x0D,
0xC6, 0xFB, 0xD3, 0xFB, 0x53, 0x00, 0x00, 0x00, 0x00, 0x0D, 0xC6, 0xFB, 0x55, 0x0C, 0xC5, 0xFB,
0x53, 0x00, 0x00, 0x0D, 0xC6, 0xFB, 0x56, 0x00, 0x00, 0x0D, 0xC6, 0xFB, 0x53, 0x00, 0xBE, 0xFC,
0x56, 0x00, 0x00, 0x00, 0x00, 0x0E, 0xC7, 0xFB, 0x3E, 0x97, 0x51, 0x00, 0x00, 0x00, 0x00, 0x00,
0x00, 0x0E, 0x9F, 0x3A, 0x00, 0x00, 0x00, 0x00, 0x06, 0x1F, 0x00, 0x00, 0x00, 0x00, 0x00, 0x00,
0x00, 0x00, 0x0D, 0xC6, 0xFB, 0x53, 0x00, 0x00, 0x00, 0x00, 0x00, 0x00, 0x0D, 0xC6, 0xFB, 0xD3,
0xFB, 0x53, 0x00, 0x00, 0x00, 0x00, 0x0D, 0xC6, 0xFB, 0x55, 0x0C, 0xC5, 0xFB, 0x53, 0x00, 0x00,
0x0D, 0xC6, 0xFB, 0x56, 0x00, 0x00, 0x0D, 0xC6, 0xFB, 0x53, 0x00, 0xBE, 0xFC, 0x56, 0x00, 0x00,
0x00, 0x00, 0x0E, 0xC7, 0xFB, 0x3E, 0x97, 0x51, 0x00, 0x00, 0x00, 0x00, 0x00, 0x00, 0x0E, 0x9F,
0x3A, 0x93, 0x4E, 0x00, 0x00, 0x00, 0x00, 0x00, 0x00, 0x0D, 0x9B, 0x38, 0xC0, 0xFB, 0x53, 0x00,
0x00, 0x00, 0x00, 0x0C, 0xC4, 0xFC, 0x40, 0x0F, 0xC9, 0xFB, 0x52, 0x00, 0x00, 0x0C, 0xC3, 0xFC,
0x57, 0x00, 0x00, 0x0F, 0xC9, 0xFA, 0x51, 0x0B, 0xC2, 0xFC, 0x57, 0x00, 0x00, 0x00, 0x00, 0x0F,
0xC9, 0xFA, 0xD0, 0xFC, 0x57, 0x00, 0x00, 0x00, 0x00, 0x00, 0x00, 0x0F, 0xC9, 0xFC, 0x57, 0x00,
0x00, 0x00, 0x00, 0x00, 0x00, 0x00, 0x00, 0x08, 0x22, 0x00, 0x00, 0x00, 0x00, 0x00, 0x93, 0x4E,
0x00, 0x00, 0x00, 0x00, 0x00, 0x00, 0x0D, 0x9B, 0x38, 0xC0, 0xFB, 0x53, 0x00, 0x00, 0x00, 0x00,
0x0C, 0xC4, 0xFC, 0x40, 0x0F, 0xC9, 0xFB, 0x52, 0x00, 0x00, 0x0C, 0xC3, 0xFC, 0x57, 0x00, 0x00,
0x0F, 0xC9, 0xFA, 0x51, 0x0B, 0xC2, 0xFC, 0x57, 0x00, 0x00, 0x00, 0x00, 0x0F, 0xC9, 0xFA, 0xD0,
0xFC, 0x57, 0x00, 0x00, 0x00, 0x00, 0x00, 0x00, 0x0F, 0xC9, 0xFC, 0x57, 0x00, 0x00, 0x00, 0x00,
0x00, 0x00, 0x00, 0x00, 0x08, 0x22, 0x00, 0x00, 0x00, 0x00, 0x00, 0x00, 0x51, 0x9A, 0x0C, 0x00,
0x00, 0x96, 0xBF, 0xBF, 0xBE, 0x8F, 0x11, 0x00, 0x00, 0x57, 0xFC, 0xFF, 0xC2, 0x0C, 0x00, 0x96,
0xBF, 0xBF, 0xC3, 0xF9, 0xB2, 0x00, 0x00, 0xE9, 0xFF, 0xFF, 0xFF, 0x59, 0x00, 0x00, 0x00, 0x00,
0x00, 0x8D, 0xF9, 0x00, 0x00, 0x1C, 0x9F, 0xFF, 0x3A, 0x01, 0x00, 0x00, 0x00, 0x00, 0x00, 0x7F,
0xFF, 0x00, 0x00, 0x00, 0x7F, 0xFF, 0x00, 0x00, 0x00, 0x00, 0x00, 0x00, 0x00, 0x7F, 0xFF, 0x00,
0x00, 0x00, 0x7F, 0xFF, 0x00, 0x00, 0x00, 0x00, 0x00, 0x00, 0x00, 0x7F, 0xFF, 0x00, 0x00, 0x00,
0x7F, 0xFF, 0x00, 0x00, 0x00, 0x00, 0x00, 0x00, 0x00, 0x7F, 0xFF, 0x00, 0x00, 0x00, 0x7F, 0xFF,
0x00, 0x00, 0x00, 0x00, 0x00, 0x00, 0x1C, 0x9F, 0xFF, 0x3A, 0x01, 0x00, 0x79, 0xFF, 0x0C, 0x00,
0x00, 0x00, 0x00, 0x00, 0xE9, 0xFF, 0xFF, 0xFF, 0x5A, 0x00, 0x37, 0xFE, 0xDC, 0xBF, 0xBF, 0xBC,
0x39, 0x00, 0x5B, 0xFD, 0xFF, 0xC6, 0x0D, 0x00, 0x00, 0x51, 0xB1, 0xBF, 0xBF, 0xBC, 0x39, 0x00,
0x00, 0x54, 0x9E, 0x0D, 0x00, 0x00, 0x51, 0x9A, 0x0C, 0x00, 0x00, 0x96, 0xBF, 0xBF, 0xBE, 0x8F,
0x11, 0x00, 0x00, 0x57, 0xFC, 0xFF, 0xC2, 0x0C, 0x00, 0x96, 0xBF, 0xBF, 0xC3, 0xF9, 0xB2, 0x00,
0x00, 0xE9, 0xFF, 0xFF, 0xFF, 0x59, 0x00, 0x00, 0x00, 0x00, 0x00, 0x8D, 0xF9, 0x00, 0x00, 0x1C,
0x9F, 0xFF, 0x3A, 0x01, 0x00, 0x00, 0x00, 0x00, 0x00, 0x7F, 0xFF, 0x00, 0x00, 0x00, 0x7F, 0xFF,
0x00, 0x00, 0x00, 0x00, 0x00, 0x00, 0x00, 0x7F, 0xFF, 0x00, 0x00, 0x00, 0x7F, 0xFF, 0x00, 0x00,
0x00, 0x00, 0x00, 0x00, 0x00, 0x7F, 0xFF, 0x00, 0x00, 0x00, 0x7F, 0xFF, 0x00, 0x00, 0x00, 0x00,
0x00, 0x00, 0x00, 0x7F, 0xFF, 0x00, 0x00, 0x00, 0x7F, 0xFF, 0x00, 0x00, 0x00, 0x00, 0x00, 0x00,
0x1C, 0x9F, 0xFF, 0x3A, 0x01, 0x00, 0x79, 0xFF, 0x0C, 0x00, 0x00, 0x00, 0x00, 0x00, 0xE9, 0xFF,
0xFF, 0xFF, 0x5A, 0x00, 0x37, 0xFE, 0xDC, 0xBF, 0xBF, 0xBC, 0x39, 0x00, 0x5B, 0xFD, 0xFF, 0xC6,
0x0D, 0x00, 0x00, 0x51, 0xB1, 0xBF, 0xBF, 0xBC, 0x39, 0x00, 0x00, 0x54, 0x9E, 0x0D, 0x00, 0xC2,
0xD8, 0x64, 0x00, 0x00, 0x00, 0x00, 0x00, 0x00, 0x00, 0x00, 0x00, 0x00, 0x00, 0x2D, 0x63, 0xF7,
0xBF, 0xBF, 0xBF, 0xBF, 0xBF, 0xBF, 0xBF, 0xBF, 0xBF, 0xB5, 0x1E, 0x00, 0x07, 0xFB, 0xFF, 0xFF,
0xFF, 0xFF, 0xFF, 0xFF, 0xFF, 0xFF, 0xFF, 0xFF, 0x41, 0x00, 0x00, 0xD3, 0xFF, 0xFF, 0xFF, 0xFF,
0xFF, 0xFF, 0xFF, 0xFF, 0xFF, 0xFF, 0x13, 0x00, 0x00, 0xA5, 0xFF, 0xFF, 0xFF, 0xFF, 0xFF, 0xFF,
0xFF, 0xFF, 0xFF, 0xE3, 0x00, 0x00, 0x00, 0x76, 0xFF, 0xFF, 0xFF, 0xFF, 0xFF, 0xFF, 0xFF, 0xFF,
0xFF, 0xB4, 0x00, 0x00, 0x00, 0x47, 0xFF, 0xFF, 0xFF, 0xFF, 0xFF, 0xFF, 0xFF, 0xFF, 0xFE, 0x53,
0x00, 0x00, 0x00, 0x19, 0xFF, 0x50, 0x3F, 0x3F, 0x3F, 0x3F, 0x3F, 0x3F, 0x1E, 0x00, 0x00, 0x00,
0x00, 0x00, 0xC2, 0xCC, 0x9F, 0x9F, 0x9F, 0x9F, 0x9F, 0x9A, 0x14, 0x00, 0x00, 0x00, 0x00, 0x00,
0x13, 0x6A, 0x7F, 0x7F, 0x7F, 0x7F, 0x7F, 0x7A, 0x0D, 0x00, 0x00, 0x00, 0x00, 0x00, 0x03, 0x95,
0x69, 0x00, 0x00, 0x00, 0x6A, 0x95, 0x02, 0x00, 0x00, 0x00, 0x00, 0x00, 0x25, 0xFF, 0xE3, 0x00,
0x00, 0x00, 0xE5, 0xFF, 0x24, 0x00, 0x00, 0x00, 0x00, 0x00, 0x00, 0x56, 0x38, 0x00, 0x00, 0x00,
0x38, 0x56, 0x00, 0x00, 0x00, 0xC2, 0xD8, 0x64, 0x00, 0x00, 0x00, 0x00, 0x00, 0x00, 0x00, 0x00,
0x00, 0x00, 0x00, 0x2D, 0x63, 0xF7, 0xBF, 0xBF, 0xBF, 0xBF, 0xBF, 0xBF, 0xBF, 0xBF, 0xBF, 0xB5,
0x1E, 0x00, 0x07, 0xFB, 0xFF, 0xFF, 0xFF, 0xFF, 0xFF, 0xFF, 0xFF, 0xFF, 0xFF, 0xFF, 0x41, 0x00,
0x00, 0xD3, 0xFF, 0xFF, 0xFF, 0xFF, 0xFF, 0xFF, 0xFF, 0xFF, 0xFF, 0xFF, 0x13, 0x00, 0x00, 0xA5,
0xFF, 0xFF, 0xFF, 0xFF, 0xFF, 0xFF, 0xFF, 0xFF, 0xFF, 0xE3, 0x00, 0x00, 0x00, 0x76, 0xFF, 0xFF,
0xFF, 0xFF, 0xFF, 0xFF, 0xFF, 0xFF, 0xFF, 0xB4, 0x00, 0x00, 0x00, 0x47, 0xFF, 0xFF, 0xFF, 0xFF,
0xFF, 0xFF, 0xFF, 0xFF, 0xFE, 0x53, 0x00, 0x00, 0x00, 0x19, 0xFF, 0x50, 0x3F, 0x3F, 0x3F, 0x3F,
0x3F, 0x3F, 0x1E, 0x00, 0x00, 0x00, 0x00, 0x00, 0xC2, 0xCC, 0x9F, 0x9F, 0x9F, 0x9F, 0x9F, 0x9A,
0x14, 0x00, 0x00, 0x00, 0x00, 0x00, 0x13, 0x6A, 0x7F, 0x7F, 0x7F, 0x7F, 0x7F, 0x7A, 0x0D, 0x00,
0x00, 0x00, 0x00, 0x00, 0x03, 0x95, 0x69, 0x00, 0x00, 0x00, 0x6A, 0x95, 0x02, 0x00, 0x00, 0x00,
0x00, 0x00, 0x25, 0xFF, 0xE3, 0x00, 0x00, 0x00, 0xE5, 0xFF, 0x24, 0x00, 0x00, 0x00, 0x00, 0x00,
0x00, 0x56, 0x38, 0x00, 0x00, 0x00, 0x38, 0x56, 0x00, 0x00, 0x00, 0x41, 0xB2, 0xBF, 0xBF, 0xBD,
0x76, 0x05, 0x00, 0x00, 0x00, 0x00, 0x00, 0xE2, 0xFF, 0xFF, 0xFF, 0xFF, 0xFF, 0xD3, 0x9F, 0x9F,
0x9F, 0x92, 0x2B, 0xFF, 0xFF, 0xFF, 0xFF, 0xFF, 0xFF, 0xFF, 0xFF, 0xFF, 0xFF, 0xFF, 0xD6, 0xFF,
0xFF, 0xFF, 0xFF, 0xFF, 0xFF, 0xFF, 0xFF, 0xFF, 0xFF, 0xFF, 0xFF, 0xFF, 0xFF, 0xFF, 0xFF, 0xFF,
0xFF, 0xFF, 0xFF, 0xFF, 0xFF, 0xFF, 0xFF, 0xFF, 0xFF, 0xFF, 0xFF, 0xFF, 0xFF, 0xFF, 0xFF, 0xFF,
0xFF, 0xFF, 0xFF, 0xFF, 0xFF, 0xFF, 0xFF, 0xFF, 0xFF, 0xFF, 0xFF, 0xFF, 0xFF, 0xFF, 0xFF, 0xFF,
0xFF, 0xFF, 0xFF, 0xFF, 0xFF, 0xFF, 0xFF, 0xFF, 0xFF, 0xFF, 0xFF, 0xF2, 0xFF, 0xFF, 0xFF, 0xFF,
0xFF, 0xFF, 0xFF, 0xFF, 0xFF, 0xFF, 0xF2, 0x72, 0xF2, 0xFF, 0xFF, 0xFF, 0xFF, 0xFF, 0xFF, 0xFF,
0xFF, 0xF2, 0x71, 0x41, 0xB2, 0xBF, 0xBF, 0xBD, 0x76, 0x05, 0x00, 0x00, 0x00, 0x00, 0x00, 0xE2,
0xFF, 0xFF, 0xFF, 0xFF, 0xFF, 0xD3, 0x9F, 0x9F, 0x9F, 0x92, 0x2B, 0xFF, 0xFF, 0xFF, 0xFF, 0xFF,
0xFF, 0xFF, 0xFF, 0xFF, 0xFF, 0xFF, 0xD6, 0xFF, 0xFF, 0xFF, 0xFF, 0xFF, 0xFF, 0xFF, 0xFF, 0xFF,
0xFF, 0xFF, 0xFF, 0xFF, 0xFF, 0xFF, 0xFF, 0xFF, 0xFF, 0xFF, 0xFF, 0xFF, 0xFF, 0xFF, 0xFF, 0xFF,
0xFF, 0xFF, 0xFF, 0xFF, 0xFF, 0xFF, 0xFF, 0xFF, 0xFF, 0xFF, 0xFF, 0xFF, 0xFF, 0xFF, 0xFF, 0xFF,
0xFF, 0xFF, 0xFF, 0xFF, 0xFF, 0xFF, 0xFF, 0xFF, 0xFF, 0xFF, 0xFF, 0xFF, 0xFF, 0xFF, 0xFF, 0xFF,
0xFF, 0xFF, 0xFF, 0xF2, 0xFF, 0xFF, 0xFF, 0xFF, 0xFF, 0xFF, 0xFF, 0xFF, 0xFF, 0xFF, 0xF2, 0x72,
0xF2, 0xFF, 0xFF, 0xFF, 0xFF, 0xFF, 0xFF, 0xFF, 0xFF, 0xF2, 0x71, 0x00, 0x67, 0xBC, 0xC0, 0xC0,
0xB5, 0x57, 0x00, 0x00, 0x00, 0x00, 0x00, 0x00, 0x00, 0x23, 0xFE, 0xFF, 0xFF, 0xFF, 0xFF, 0xFF,
0xBC, 0xA0, 0xA0, 0x92, 0x2C, 0x00, 0x00, 0x40, 0xFF, 0xFF, 0xFF, 0xFF, 0xFF, 0xFF, 0xFF, 0xFF,
0xFF, 0xFF, 0xD7, 0x00, 0x00, 0x40, 0xFD, 0x90, 0x48, 0x40, 0x40, 0x40, 0x40, 0x40, 0x40, 0x40,
0x40, 0x00, 0x00, 0x40, 0x89, 0x27, 0x97, 0xA0, 0xA0, 0xA0, 0xA0, 0xA0, 0xA0, 0xA0, 0xA0, 0x82,
0x0E, 0x3C, 0x16, 0xB8, 0xFF, 0xFF, 0xFF, 0xFF, 0xFF, 0xFF, 0xFF, 0xFF, 0xFF, 0xFF, 0x62, 0x08,
0x13, 0xFB, 0xFF, 0xFF, 0xFF, 0xFF, 0xFF, 0xFF, 0xFF, 0xFF, 0xFF, 0xFF, 0x29, 0x00, 0x64, 0xFF,
0xFF, 0xFF, 0xFF, 0xFF, 0xFF, 0xFF, 0xFF, 0xFF, 0xFF, 0xD3, 0x00, 0x00, 0xB3, 0xFF, 0xFF, 0xFF,
0xFF, 0xFF, 0xFF, 0xFF, 0xFF, 0xFF, 0xFF, 0x7E, 0x00, 0x00, 0x78, 0xF9, 0xFF, 0xFF, 0xFF, 0xFF,
0xFF, 0xFF, 0xFF, 0xFF, 0xE2, 0x1C, 0x00, 0x00, 0x67, 0xBC, 0xC0, 0xC0, 0xB5, 0x57, 0x00, 0x00,
0x00, 0x00, 0x00, 0x00, 0x00, 0x23, 0xFE, 0xFF, 0xFF, 0xFF, 0xFF, 0xFF, 0xBC, 0xA0, 0xA0, 0x92,
0x2C, 0x00, 0x00, 0x40, 0xFF, 0xFF, 0xFF, 0xFF, 0xFF, 0xFF, 0xFF, 0xFF, 0xFF, 0xFF, 0xD7, 0x00,
0x00, 0x40, 0xFD, 0x90, 0x48, 0x40, 0x40, 0x40, 0x40, 0x40, 0x40, 0x40, 0x40, 0x00, 0x00, 0x40,
0x89, 0x27, 0x97, 0xA0, 0xA0, 0xA0, 0xA0, 0xA0, 0xA0, 0xA0, 0xA0, 0x82, 0x0E, 0x3C, 0x16, 0xB8,
0xFF, 0xFF, 0xFF, 0xFF, 0xFF, 0xFF, 0xFF, 0xFF, 0xFF, 0xFF, 0x62, 0x08, 0x13, 0xFB, 0xFF, 0xFF,
0xFF, 0xFF, 0xFF, 0xFF, 0xFF, 0xFF, 0xFF, 0xFF, 0x29, 0x00, 0x64, 0xFF, 0xFF, 0xFF, 0xFF, 0xFF,
0xFF, 0xFF, 0xFF, 0xFF, 0xFF, 0xD3, 0x00, 0x00, 0xB3, 0xFF, 0xFF, 0xFF, 0xFF, 0xFF, 0xFF, 0xFF,
0xFF, 0xFF, 0xFF, 0x7E, 0x00, 0x00, 0x78, 0xF9, 0xFF, 0xFF, 0xFF, 0xFF, 0xFF, 0xFF, 0xFF, 0xFF,
0xE2, 0x1C, 0x00, 0x00, 0x00, 0x13, 0x12, 0x00, 0x00, 0x00, 0x2A, 0xE9, 0xE7, 0x27, 0x00, 0x2A,
0xE9, 0xFF, 0xFF, 0xE7, 0x27, 0xDE, 0xE8, 0xDC, 0xDC, 0xE9, 0xDA, 0x5A, 0x24, 0xBF, 0xBF, 0x25,
0x58, 0x00, 0x00, 0xBF, 0xBF, 0x00, 0x00, 0x00, 0x00, 0xBF, 0xBF, 0x00, 0x00, 0x00, 0x00, 0xBF,
0xBF, 0x00, 0x00, 0x00, 0x00, 0xBF, 0xBF, 0x00, 0x00, 0x00, 0x00, 0xBF, 0xBF, 0x00, 0x00, 0x56,
0x22, 0xBF, 0xBF, 0x23, 0x54, 0xE0, 0xE6, 0xDB, 0xDB, 0xE7, 0xDB, 0x2D, 0xEB, 0xFF, 0xFF, 0xE9,
0x2A, 0x00, 0x2D, 0xEB, 0xE9, 0x2A, 0x00, 0x00, 0x00, 0x15, 0x14, 0x00, 0x00, 0x00, 0x00, 0x13,
0x12, 0x00, 0x00, 0x00, 0x2A, 0xE9, 0xE7, 0x27, 0x00, 0x2A, 0xE9, 0xFF, 0xFF, 0xE7, 0x27, 0xDE,
0xE8, 0xDC, 0xDC, 0xE9, 0xDA, 0x5A, 0x24, 0xBF, 0xBF, 0x25, 0x58, 0x00, 0x00, 0xBF, 0xBF, 0x00,
0x00, 0x00, 0x00, 0xBF, 0xBF, 0x00, 0x00, 0x00, 0x00, 0xBF, 0xBF, 0x00, 0x00, 0x00, 0x00, 0xBF,
0xBF, 0x00, 0x00, 0x00, 0x00, 0xBF, 0xBF, 0x00, 0x00, 0x56, 0x22, 0xBF, 0xBF, 0x23, 0x54, 0xE0,
0xE6, 0xDB, 0xDB, 0xE7, 0xDB, 0x2D, 0xEB, 0xFF, 0xFF, 0xE9, 0x2A, 0x00, 0x2D, 0xEB, 0xE9, 0x2A,
0x00, 0x00, 0x00, 0x15, 0x14, 0x00, 0x00, 0x00, 0x00, 0x40, 0x38, 0x00, 0x00, 0x00, 0x00, 0x00,
0x07, 0x64, 0x0C, 0x00, 0x00, 0x00, 0x57, 0xFC, 0x9B, 0x00, 0x00, 0x00, 0x00, 0x00, 0x23, 0xFC,
0xC2, 0x0C, 0x00, 0x57, 0xFC, 0xE6, 0x4C, 0x3F, 0x3F, 0x3F, 0x3F, 0x3F, 0x3F, 0x96, 0xFF, 0xC2,
0x0C, 0xE8, 0xFF, 0xFF, 0xFF, 0xFF, 0xFF, 0xFF, 0xFF, 0xFF, 0xFF, 0xFF, 0xFF, 0xFF, 0x64, 0x5B,
0xFD, 0xE5, 0x4B, 0x3F, 0x3F, 0x3F, 0x3F, 0x3F, 0x3F, 0x95, 0xFF, 0xC6, 0x0D, 0x00, 0x5B, 0xFD,
0x9A, 0x00, 0x00, 0x00, 0x00, 0x00, 0x22, 0xFC, 0xC6, 0x0D, 0x00, 0x00, 0x00, 0x43, 0x3B, 0x00,
0x00, 0x00, 0x00, 0x00, 0x08, 0x69, 0x0D, 0x00, 0x00, 0x00, 0x00, 0x40, 0x38, 0x00, 0x00, 0x00,
0x00, 0x00, 0x07, 0x64, 0x0C, 0x00, 0x00, 0x00, 0x57, 0xFC, 0x9B, 0x00, 0x00, 0x00, 0x00, 0x00,
0x23, 0xFC, 0xC2, 0x0C, 0x00, 0x57, 0xFC, 0xE6, 0x4C, 0x3F, 0x3F, 0x3F, 0x3F, 0x3F, 0x3F, 0x96,
0xFF, 0xC2, 0x0C, 0xE8, 0xFF, 0xFF, 0xFF, 0xFF, 0xFF, 0xFF, 0xFF, 0xFF, 0xFF, 0xFF, 0xFF, 0xFF,
0x64, 0x5B, 0xFD, 0xE5, 0x4B, 0x3F, 0x3F, 0x3F, 0x3F, 0x3F, 0x3F, 0x95, 0xFF, 0xC6, 0x0D, 0x00,
0x5B, 0xFD, 0x9A, 0x00, 0x00, 0x00, 0x00, 0x00, 0x22, 0xFC, 0xC6, 0x0D, 0x00, 0x00, 0x00, 0x43,
0x3B, 0x00, 0x00, 0x00, 0x00, 0x00, 0x08, 0x69, 0x0D, 0x00, 0x00, 0x93, 0x39, 0x00, 0x00, 0x00,
0x00, 0x00, 0x00, 0x00, 0x00, 0x00, 0x00, 0xFF, 0x80, 0x00, 0xD3, 0xFF, 0xFF, 0xFF, 0xFF, 0xD2,
0x00, 0x00, 0x00, 0xFF, 0x80, 0x00, 0x5A, 0x80, 0x80, 0x80, 0x80, 0x59, 0x00, 0x00, 0x00, 0xFF,
0x80, 0x00, 0x3D, 0x60, 0x60, 0x5C, 0x10, 0x00, 0x00, 0x00, 0x00, 0xFF, 0x80, 0x00, 0xE2, 0xFF,
0xFF, 0xFF, 0x61, 0x00, 0x00, 0x00, 0x00, 0xFF, 0x80, 0x00, 0x0D, 0x20, 0x20, 0x1C, 0x00, 0x00,
0x00, 0x00, 0x00, 0xFF, 0x80, 0x00, 0x96, 0xC0, 0xC0, 0xC0, 0xC0, 0xC0, 0xBC, 0x39, 0x00, 0xFF,
0x80, 0x00, 0x96, 0xC0, 0xC0, 0xC0, 0xC0, 0xC0, 0xBC, 0x39, 0x00, 0xFF, 0x81, 0x00, 0x00, 0x00,
0x00, 0x00, 0x00, 0x00, 0x00, 0x00, 0x00, 0xD6, 0xEF, 0xC0, 0xC0, 0xC0, 0xC0, 0xC0, 0xC0, 0xC0,
0xC0, 0xC0, 0x96, 0x2C, 0xAB, 0xC0, 0xC0, 0xC0, 0xC0, 0xC0, 0xC0, 0xC0, 0xC0, 0xC0, 0x96, 0x93,
0x39, 0x00, 0x00, 0x00, 0x00, 0x00, 0x00, 0x00, 0x00, 0x00, 0x00, 0xFF, 0x80, 0x00, 0xD3, 0xFF,
0xFF, 0xFF, 0xFF, 0xD2, 0x00, 0x00, 0x00, 0xFF, 0x80, 0x00, 0x5A, 0x80, 0x80, 0x80, 0x80, 0x59,
0x00, 0x00, 0x00, 0xFF, 0x80, 0x00, 0x3D, 0x60, 0x60, 0x5C, 0x10, 0x00, 0x00, 0x00, 0x00, 0xFF,
0x80, 0x00, 0xE2, 0xFF, 0xFF, 0xFF, 0x61, 0x00, 0x00, 0x00, 0x00, 0xFF, 0x80, 0x00, 0x0D, 0x20,
0x20, 0x1C, 0x00, 0x00, 0x00, 0x00, 0x00, 0xFF, 0x80, 0x00, 0x96, 0xC0, 0xC0, 0xC0, 0xC0, 0xC0,
0xBC, 0x39, 0x00, 0xFF, 0x80, 0x00, 0x96, 0xC0, 0xC0, 0xC0, 0xC0, 0xC0, 0xBC, 0x39, 0x00, 0xFF,
0x81, 0x00, 0x00, 0x00, 0x00, 0x00, 0x00, 0x00, 0x00, 0x00, 0x00, 0xD6, 0xEF, 0xC0, 0xC0, 0xC0,
0xC0, 0xC0, 0xC0, 0xC0, 0xC0, 0xC0, 0x96, 0x2C, 0xAB, 0xC0, 0xC0, 0xC0, 0xC0, 0xC0, 0xC0, 0xC0,
0xC0, 0xC0, 0x96, 0x00, 0x3B, 0xBC, 0x69, 0x1B, 0x81, 0xBC, 0xC0, 0xC0, 0xC0, 0xB2, 0x40, 0x7C,
0xF8, 0xFF, 0xFF, 0xFF, 0xFF, 0xFF, 0xFF, 0xFF, 0xFF, 0xFF, 0xE1, 0xF5, 0xFF, 0xFF, 0xFF, 0xFF,
0xFF, 0xFF, 0xFF, 0xFF, 0xFF, 0xFF, 0xFF, 0x40, 0x40, 0x40, 0x51, 0xE8, 0xFF, 0xFF, 0xE8, 0x51,
0x40, 0x40, 0x40, 0xA0, 0xA0, 0xA0, 0xD9, 0x9D, 0x1F, 0x20, 0x9F, 0xD9, 0xA0, 0xA0, 0xA0, 0xFF,
0xFF, 0xFF, 0xE0, 0x01, 0x00, 0x00, 0x01, 0xE0, 0xFF, 0xFF, 0xFF, 0xFF, 0xFF, 0xFF, 0xC0, 0x00,
0x00, 0x00, 0x00, 0xC1, 0xFF, 0xFF, 0xFF, 0xFF, 0xFF, 0xFF, 0xF8, 0x2C, 0x00, 0x00, 0x2D, 0xF8,
0xFF, 0xFF, 0xFF, 0xFF, 0xFF, 0xFF, 0xFF, 0xEE, 0x9D, 0x9D, 0xEF, 0xFF, 0xFF, 0xFF, 0xFF, 0xE2,
0xFF, 0xFF, 0xFF, 0xFF, 0xFF, 0xFF, 0xFF, 0xFF, 0xFF, 0xFF, 0xE1, 0x43, 0xB3, 0xC0, 0xC0, 0xC0,
0xC0, 0xC0, 0xC0, 0xC0, 0xC0, 0xB2, 0x41, 0x00, 0x3B, 0xBC, 0x69, 0x1B, 0x81, 0xBC, 0xC0, 0xC0,
0xC0, 0xB2, 0x40, 0x7C, 0xF8, 0xFF, 0xFF, 0xFF, 0xFF, 0xFF, 0xFF, 0xFF, 0xFF, 0xFF, 0xE1, 0xF5,
0xFF, 0xFF, 0xFF, 0xFF, 0xFF, 0xFF, 0xFF, 0xFF, 0xFF, 0xFF, 0xFF, 0x40, 0x40, 0x40, 0x51, 0xE8,
0xFF, 0xFF, 0xE8, 0x51, 0x40, 0x40, 0x40, 0xA0, 0xA0, 0xA0, 0xD9, 0x9D, 0x1F, 0x20, 0x9F, 0xD9,
0xA0, 0xA0, 0xA0, 0xFF, 0xFF, 0xFF, 0xE0, 0x01, 0x00, 0x00, 0x01, 0xE0, 0xFF, 0xFF, 0xFF, 0xFF,
0xFF, 0xFF, 0xC0, 0x00, 0x00, 0x00, 0x00, 0xC1, 0xFF, 0xFF, 0xFF, 0xFF, 0xFF, 0xFF, 0xF8, 0x2C,
0x00, 0x00, 0x2D, 0xF8, 0xFF, 0xFF, 0xFF, 0xFF, 0xFF, 0xFF, 0xFF, 0xEE, 0x9D, 0x9D, 0xEF, 0xFF,
0xFF, 0xFF, 0xFF, 0xE2, 0xFF, 0xFF, 0xFF, 0xFF, 0xFF, 0xFF, 0xFF, 0xFF, 0xFF, 0xFF, 0xE1, 0x43,
0xB3, 0xC0, 0xC0, 0xC0, 0xC0, 0xC0, 0xC0, 0xC0, 0xC0, 0xB2, 0x41, 0x00, 0x00, 0x00, 0x00, 0x00,
0x00, 0x33, 0x6B, 0x5E, 0x20, 0x00, 0x00, 0x00, 0x00, 0x00, 0x00, 0x0A, 0xA6, 0xFF, 0xFF, 0xFF,
0xF9, 0x75, 0x00, 0x00, 0x00, 0x00, 0x00, 0x93, 0xFF, 0xFF, 0xFF, 0xE2, 0xF7, 0xFF, 0x50, 0x00,
0x00, 0x00, 0x09, 0xFC, 0xFF, 0xFF, 0xF6, 0x08, 0x5E, 0xFF, 0xC4, 0x00, 0x00, 0x00, 0x33, 0xFF,
0xFF, 0xFF, 0xFF, 0x8A, 0xC2, 0xFF, 0xF1, 0x00, 0x00, 0x00, 0x20, 0xFF, 0xFF, 0xFF, 0xFF, 0xFF,
0xFF, 0xFF, 0xD1, 0x00, 0x00, 0x03, 0xA8, 0xFF, 0xFF, 0xFF, 0xFF, 0xFF, 0xFF, 0xFF, 0x7A, 0x00,
0x03, 0xA8, 0xFF, 0xFF, 0xFF, 0xFF, 0xFF, 0xFF, 0xFF, 0xB6, 0x04, 0x03, 0xA8, 0xFF, 0xFF, 0xFF,
0xFF, 0xBE, 0xB1, 0xA0, 0x5B, 0x01, 0x00, 0xA4, 0xFF, 0xFF, 0xFF, 0xBF, 0x6D, 0x03, 0x00, 0x00,
0x00, 0x00, 0x00, 0xFF, 0xFF, 0xFF, 0xFF, 0x68, 0x00, 0x00, 0x00, 0x00, 0x00, 0x00, 0x00, 0xFF,
0xFF, 0xFF, 0x00, 0x00, 0x00, 0x00, 0x00, 0x00, 0x00, 0x00, 0x00, 0x68, 0x7F, 0x68, 0x00, 0x00,
0x00, 0x00, 0x00, 0x00, 0x00, 0x00, 0x00, 0x00, 0x00, 0x00, 0x00, 0x00, 0x00, 0x33, 0x6B, 0x5E,
0x20, 0x00, 0x00, 0x00, 0x00, 0x00, 0x00, 0x0A, 0xA6, 0xFF, 0xFF, 0xFF, 0xF9, 0x75, 0x00, 0x00,
0x00, 0x00, 0x00, 0x93, 0xFF, 0xFF, 0xFF, 0xE2, 0xF7, 0xFF, 0x50, 0x00, 0x00, 0x00, 0x09, 0xFC,
0xFF, 0xFF, 0xF6, 0x08, 0x5E, 0xFF, 0xC4, 0x00, 0x00, 0x00, 0x33, 0xFF, 0xFF, 0xFF, 0xFF, 0x8A,
0xC2, 0xFF, 0xF1, 0x00, 0x00, 0x00, 0x20, 0xFF, 0xFF, 0xFF, 0xFF, 0xFF, 0xFF, 0xFF, 0xD1, 0x00,
0x00, 0x03, 0xA8, 0xFF, 0xFF, 0xFF, 0xFF, 0xFF, 0xFF, 0xFF, 0x7A, 0x00, 0x03, 0xA8, 0xFF, 0xFF,
0xFF, 0xFF, 0xFF, 0xFF, 0xFF, 0xB6, 0x04, 0x03, 0xA8, 0xFF, 0xFF, 0xFF, 0xFF, 0xBE, 0xB1, 0xA0,
0x5B, 0x01, 0x00, 0xA4, 0xFF, 0xFF, 0xFF, 0xBF, 0x6D, 0x03, 0x00, 0x00, 0x00, 0x00, 0x00, 0xFF,
0xFF, 0xFF, 0xFF, 0x68, 0x00, 0x00, 0x00, 0x00, 0x00, 0x00, 0x00, 0xFF, 0xFF, 0xFF, 0x00, 0x00,
0x00, 0x00, 0x00, 0x00, 0x00, 0x00, 0x00, 0x68, 0x7F, 0x68, 0x00, 0x00, 0x00, 0x00, 0x00, 0x00,
0x00, 0x00, 0x00, 0x00, 0x00, 0x00, 0x00, 0x36, 0x7D, 0x04, 0x00, 0x00, 0x00, 0x00, 0x00, 0x00,
0x00, 0x00, 0x00, 0x51, 0xAF, 0x45, 0xD2, 0xFF, 0x4D, 0x00, 0x00, 0x00, 0x00, 0x00, 0x00, 0x00,
0x00, 0x00, 0xB1, 0xFF, 0xFF, 0xFF, 0xFF, 0x98, 0x49, 0x04, 0x00, 0x00, 0x00, 0x00, 0x00, 0x00,
0x00, 0x49, 0xFF, 0xED, 0x93, 0xED, 0xFF, 0xFF, 0x7D, 0x00, 0x00, 0x00, 0x00, 0x00, 0x00, 0x35,
0xD3, 0xFF, 0x92, 0x00, 0x92, 0xFF, 0xD7, 0x38, 0x00, 0x00, 0x00, 0x00, 0x00, 0x00, 0x7B, 0xFF,
0xFF, 0xED, 0x92, 0xED, 0xFF, 0x4C, 0x00, 0x00, 0x00, 0x00, 0x00, 0x00, 0x00, 0x0E, 0x4D, 0x98,
0xFF, 0xFF, 0xFF, 0xFF, 0xB3, 0x0D, 0x77, 0x36, 0x00, 0x00, 0x00, 0x00, 0x00, 0x00, 0x4A, 0xFF,
0xD4, 0x46, 0xB0, 0x55, 0x4D, 0xFF, 0xD3, 0x45, 0xAD, 0x52, 0x00, 0x00, 0x00, 0x04, 0x7E, 0x39,
0x00, 0x04, 0x48, 0x95, 0xFF, 0xFF, 0xFF, 0xFF, 0xB4, 0x00, 0x00, 0x00, 0x00, 0x00, 0x00, 0x00,
0x79, 0xFF, 0xFF, 0xED, 0x93, 0xED, 0xFF, 0x48, 0x00, 0x00, 0x00, 0x00, 0x00, 0x00, 0x00, 0x36,
0xD5, 0xFF, 0x92, 0x00, 0x92, 0xFF, 0xD3, 0x36, 0x00, 0x00, 0x00, 0x00, 0x00, 0x00, 0x00, 0x48,
0xFF, 0xED, 0x92, 0xEC, 0xFF, 0xFF, 0x7F, 0x00, 0x00, 0x00, 0x00, 0x00, 0x00, 0x00, 0xB0, 0xFF,
0xFF, 0xFF, 0xFF, 0x9B, 0x4D, 0x0F, 0x00, 0x00, 0x00, 0x00, 0x00, 0x00, 0x00, 0x53, 0xB2, 0x46,
0xD2, 0xFF, 0x4D, 0x00, 0x00, 0x00, 0x00, 0x00, 0x00, 0x00, 0x00, 0x00, 0x00, 0x00, 0x00, 0x37,
0x7F, 0x05, 0x00, 0x00, 0x00, 0x00, 0x00, 0x00, 0x36, 0x7D, 0x04, 0x00, 0x00, 0x00, 0x00, 0x00,
0x00, 0x00, 0x00, 0x00, 0x51, 0xAF, 0x45, 0xD2, 0xFF, 0x4D, 0x00, 0x00, 0x00, 0x00, 0x00, 0x00,
0x00, 0x00, 0x00, 0xB1, 0xFF, 0xFF, 0xFF, 0xFF, 0x98, 0x49, 0x04, 0x00, 0x00, 0x00, 0x00, 0x00,
0x00, 0x00, 0x49, 0xFF, 0xED, 0x93, 0xED, 0xFF, 0xFF, 0x7D, 0x00, 0x00, 0x00, 0x00, 0x00, 0x00,
0x35, 0xD3, 0xFF, 0x92, 0x00, 0x92, 0xFF, 0xD7, 0x38, 0x00, 0x00, 0x00, 0x00, 0x00, 0x00, 0x7B,
0xFF, 0xFF, 0xED, 0x92, 0xED, 0xFF, 0x4C, 0x00, 0x00, 0x00, 0x00, 0x00, 0x00, 0x00, 0x0E, 0x4D,
0x98, 0xFF, 0xFF, 0xFF, 0xFF, 0xB3, 0x0D, 0x77, 0x36, 0x00, 0x00, 0x00, 0x00, 0x00, 0x00, 0x4A,
0xFF, 0xD4, 0x46, 0xB0, 0x55, 0x4D, 0xFF, 0xD3, 0x45, 0xAD, 0x52, 0x00, 0x00, 0x00, 0x04, 0x7E,
0x39, 0x00, 0x04, 0x48, 0x95, 0xFF, 0xFF, 0xFF, 0xFF, 0xB4, 0x00, 0x00, 0x00, 0x00, 0x00, 0x00,
0x00, 0x79, 0xFF, 0xFF, 0xED, 0x93, 0xED, 0xFF, 0x48, 0x00, 0x00, 0x00, 0x00, 0x00, 0x00, 0x00,
0x36, 0xD5, 0xFF, 0x92, 0x00, 0x92, 0xFF, 0xD3, 0x36, 0x00, 0x00, 0x00, 0x00, 0x00, 0x00, 0x00,
0x48, 0xFF, 0xED, 0x92, 0xEC, 0xFF, 0xFF, 0x7F, 0x00, 0x00, 0x00, 0x00, 0x00, 0x00, 0x00, 0xB0,
0xFF, 0xFF, 0xFF, 0xFF, 0x9B, 0x4D, 0x0F, 0x00, 0x00, 0x00, 0x00, 0x00, 0x00, 0x00, 0x53, 0xB2,
0x46, 0xD2, 0xFF, 0x4D, 0x00, 0x00, 0x00, 0x00, 0x00, 0x00, 0x00, 0x00, 0x00, 0x00, 0x00, 0x00,
0x37, 0x7F, 0x05, 0x00, 0x00, 0x00, 0x00, 0x00, 0x10, 0x33, 0x10, 0x00, 0x00, 0x00, 0x00, 0x00,
0x00, 0x00, 0x00, 0x00, 0x2B, 0xC1, 0xFF, 0xFF, 0xFF, 0xC0, 0x2A, 0x00, 0x00, 0x00, 0x00, 0x00,
0x00, 0x22, 0xF1, 0xFF, 0xFF, 0xFF, 0xFF, 0xFF, 0xF0, 0x21, 0x00, 0x00, 0x00, 0x00, 0x00, 0xAD,
0xFF, 0xFF, 0xFF, 0xFF, 0xFF, 0xFF, 0xFF, 0xAC, 0x00, 0x00, 0x00, 0x00, 0x00, 0xEA, 0xFF, 0xFF,
0xFF, 0xFF, 0xFF, 0xFF, 0xFF, 0xE9, 0x00, 0x00, 0x00, 0x00, 0x00, 0xE4, 0xFF, 0xFF, 0xFF, 0xFF,
0xFF, 0xFF, 0xFF, 0xDC, 0x03, 0x71, 0x13, 0x00, 0x00, 0x97, 0xFF, 0xFF, 0xFF, 0xFF, 0xFF, 0xFF,
0xFF, 0x92, 0x40, 0xFF, 0xE8, 0x36, 0x00, 0x41, 0xFF, 0xFF, 0xFF, 0xFF, 0xFF, 0xFF, 0xD4, 0x0D,
0xAF, 0xFF, 0xFF, 0xE2, 0x0B, 0xB5, 0xFF, 0xD1, 0xD1, 0xF4, 0xD1, 0x82, 0x0A, 0x83, 0xFF, 0xFF,
0xFF, 0xFF, 0x55, 0x90, 0x53, 0x00, 0x00, 0x00, 0x0C, 0x42, 0xC5, 0xFF, 0xFF, 0xFF, 0xFF, 0xFF,
0x73, 0x00, 0x00, 0x00, 0x00, 0x3E, 0xFE, 0xFF, 0xFF, 0xFF, 0xFF, 0xFF, 0xFF, 0xFF, 0x48, 0x00,
0x00, 0x00, 0x00, 0x01, 0xCA, 0xFF, 0xFF, 0xFF, 0xFF, 0xFF, 0xFF, 0xD1, 0x02, 0x00, 0x00, 0x00,
0x00, 0x00, 0x15, 0xBE, 0xFF, 0xFF, 0xFF, 0xFF, 0xFF, 0xE6, 0x09, 0x00, 0x00, 0x00, 0x00, 0x00,
0x00, 0x00, 0x39, 0x6C, 0x68, 0x3E, 0x92, 0xF9, 0x59, 0x00, 0x00, 0x00, 0x00, 0x00, 0x00, 0x00,
0x00, 0x00, 0x00, 0x00, 0x00, 0x16, 0x0A, 0x00, 0x00, 0x00, 0x10, 0x33, 0x10, 0x00, 0x00, 0x00,
0x00, 0x00, 0x00, 0x00, 0x00, 0x00, 0x2B, 0xC1, 0xFF, 0xFF, 0xFF, 0xC0, 0x2A, 0x00, 0x00, 0x00,
0x00, 0x00, 0x00, 0x22, 0xF1, 0xFF, 0xFF, 0xFF, 0xFF, 0xFF, 0xF0, 0x21, 0x00, 0x00, 0x00, 0x00,
0x00, 0xAD, 0xFF, 0xFF, 0xFF, 0xFF, 0xFF, 0xFF, 0xFF, 0xAC, 0x00, 0x00, 0x00, 0x00, 0x00, 0xEA,
0xFF, 0xFF, 0xFF, 0xFF, 0xFF, 0xFF, 0xFF, 0xE9, 0x00, 0x00, 0x00, 0x00, 0x00, 0xE4, 0xFF, 0xFF,
0xFF, 0xFF, 0xFF, 0xFF, 0xFF, 0xDC, 0x03, 0x71, 0x13, 0x00, 0x00, 0x97, 0xFF, 0xFF, 0xFF, 0xFF,
0xFF, 0xFF, 0xFF, 0x92, 0x40, 0xFF, 0xE8, 0x36, 0x00, 0x41, 0xFF, 0xFF, 0xFF, 0xFF, 0xFF, 0xFF,
0xD4, 0x0D, 0xAF, 0xFF, 0xFF, 0xE2, 0x0B, 0xB5, 0xFF, 0xD1, 0xD1, 0xF4, 0xD1, 0x82, 0x0A, 0x83,
0xFF, 0xFF, 0xFF, 0xFF, 0x55, 0x90, 0x53, 0x00, 0x00, 0x00, 0x0C, 0x42, 0xC5, 0xFF, 0xFF, 0xFF,
0xFF, 0xFF, 0x73, 0x00, 0x00, 0x00, 0x00, 0x3E, 0xFE, 0xFF, 0xFF, 0xFF, 0xFF, 0xFF, 0xFF, 0xFF,
0x48, 0x00, 0x00, 0x00, 0x00, 0x01, 0xCA, 0xFF, 0xFF, 0xFF, 0xFF, 0xFF, 0xFF, 0xD1, 0x02, 0x00,
0x00, 0x00, 0x00, 0x00, 0x15, 0xBE, 0xFF, 0xFF, 0xFF, 0xFF, 0xFF, 0xE6, 0x09, 0x00, 0x00, 0x00,
0x00, 0x00, 0x00, 0x00, 0x39, 0x6C, 0x68, 0x3E, 0x92, 0xF9, 0x59, 0x00, 0x00, 0x00, 0x00, 0x00,
0x00, 0x00, 0x00, 0x00, 0x00, 0x00, 0x00, 0x16, 0x0A, 0x00, 0x00, 0x00, 0x00, 0x00, 0x00, 0x0B,
0x00, 0x00, 0x00, 0x00, 0x00, 0x00, 0x00, 0x00, 0x00, 0x00, 0xA2, 0xF9, 0x42, 0x00, 0x00, 0x00,
0x00, 0x00, 0x00, 0x00, 0x00, 0x32, 0xFF, 0xFF, 0x68, 0x00, 0x00, 0x00, 0x00, 0x00, 0x00, 0x00,
0x00, 0xB1, 0xFF, 0xF8, 0x13, 0x00, 0x00, 0x00, 0x00, 0x96, 0xBF, 0x4E, 0x18, 0xFF, 0xFF, 0xF3,
0xC0, 0xC0, 0xC0, 0xB2, 0x2D, 0xFF, 0xFF, 0xA0, 0x3F, 0xFF, 0xFF, 0xFF, 0xFF, 0xFF, 0xFF, 0xFF,
0x89, 0xFF, 0xFF, 0xA0, 0x40, 0xFF, 0xFF, 0xFF, 0xFF, 0xFF, 0xFF, 0xFF, 0x3E, 0xFF, 0xFF, 0xA0,
0x40, 0xFF, 0xFF, 0xFF, 0xFF, 0xFF, 0xFF, 0xFF, 0x89, 0xFF, 0xFF, 0xA0, 0x40, 0xFF, 0xFF, 0xFF,
0xFF, 0xFF, 0xFF, 0xDE, 0x19, 0xFF, 0xFF, 0xA0, 0x39, 0xFF, 0xFF, 0xFF, 0xFF, 0xFF, 0xFF, 0xB8,
0x00, 0xFF, 0xFF, 0xA0, 0x07, 0xCB, 0xFF, 0xFF, 0xFF, 0xFF, 0xFF, 0x18, 0x00, 0x96, 0xBF, 0x4F,
0x00, 0x06, 0x6A, 0xAD, 0xC0, 0xC0, 0x81, 0x00, 0x00, 0x00, 0x00, 0x00, 0x00, 0x00, 0x00, 0x0B,
0x00, 0x00, 0x00, 0x00, 0x00, 0x00, 0x00, 0x00, 0x00, 0x00, 0xA2, 0xF9, 0x42, 0x00, 0x00, 0x00,
0x00, 0x00, 0x00, 0x00, 0x00, 0x32, 0xFF, 0xFF, 0x68, 0x00, 0x00, 0x00, 0x00, 0x00, 0x00, 0x00,
0x00, 0xB1, 0xFF, 0xF8, 0x13, 0x00, 0x00, 0x00, 0x00, 0x96, 0xBF, 0x4E, 0x18, 0xFF, 0xFF, 0xF3,
0xC0, 0xC0, 0xC0, 0xB2, 0x2D, 0xFF, 0xFF, 0xA0, 0x3F, 0xFF, 0xFF, 0xFF, 0xFF, 0xFF, 0xFF, 0xFF,
0x89, 0xFF, 0xFF, 0xA0, 0x40, 0xFF, 0xFF, 0xFF, 0xFF, 0xFF, 0xFF, 0xFF, 0x3E, 0xFF, 0xFF, 0xA0,
0x40, 0xFF, 0xFF, 0xFF, 0xFF, 0xFF, 0xFF, 0xFF, 0x89, 0xFF, 0xFF, 0xA0, 0x40, 0xFF, 0xFF, 0xFF,
0xFF, 0xFF, 0xFF, 0xDE, 0x19, 0xFF, 0xFF, 0xA0, 0x39, 0xFF, 0xFF, 0xFF, 0xFF, 0xFF, 0xFF, 0xB8,
0x00, 0xFF, 0xFF, 0xA0, 0x07, 0xCB, 0xFF, 0xFF, 0xFF, 0xFF, 0xFF, 0x18, 0x00, 0x96, 0xBF, 0x4F,
0x00, 0x06, 0x6A, 0xAD, 0xC0, 0xC0, 0x81, 0x00, 0x00, 0x00, 0x00, 0x00, 0x00, 0x05, 0x68, 0xAC,
0xC0, 0xC0, 0x7F, 0x00, 0x00, 0x23, 0x3F, 0x0B, 0x07, 0xC8, 0xFF, 0xFF, 0xFF, 0xFF, 0xFF, 0x18,
0x00, 0xF3, 0xFF, 0x92, 0x39, 0xFF, 0xFF, 0xFF, 0xFF, 0xFF, 0xFF, 0xB7, 0x00, 0xFF, 0xFF, 0xA0,
0x40, 0xFF, 0xFF, 0xFF, 0xFF, 0xFF, 0xFF, 0xDD, 0x17, 0xFF, 0xFF, 0xA0, 0x40, 0xFF, 0xFF, 0xFF,
0xFF, 0xFF, 0xFF, 0xFF, 0x89, 0xFF, 0xFF, 0xA0, 0x40, 0xFF, 0xFF, 0xFF, 0xFF, 0xFF, 0xFF, 0xFF,
0x3E, 0xFF, 0xFF, 0xA0, 0x3F, 0xFF, 0xFF, 0xFF, 0xFF, 0xFF, 0xFF, 0xFF, 0x88, 0xFF, 0xFF, 0xA0,
0x18, 0xFF, 0xFF, 0xF3, 0xC0, 0xC0, 0xC0, 0xB3, 0x2E, 0xF3, 0xFF, 0x92, 0x00, 0xB1, 0xFF, 0xF8,
0x13, 0x00, 0x00, 0x00, 0x00, 0x23, 0x3F, 0x0C, 0x00, 0x33, 0xFF, 0xFF, 0x68, 0x00, 0x00, 0x00,
0x00, 0x00, 0x00, 0x00, 0x00, 0x00, 0xA4, 0xF9, 0x43, 0x00, 0x00, 0x00, 0x00, 0x00, 0x00, 0x00,
0x00, 0x00, 0x00, 0x0B, 0x00, 0x00, 0x00, 0x00, 0x00, 0x00, 0x00, 0x00, 0x00, 0x05, 0x68, 0xAC,
0xC0, 0xC0, 0x7F, 0x00, 0x00, 0x23, 0x3F, 0x0B, 0x07, 0xC8, 0xFF, 0xFF, 0xFF, 0xFF, 0xFF, 0x18,
0x00, 0xF3, 0xFF, 0x92, 0x39, 0xFF, 0xFF, 0xFF, 0xFF, 0xFF, 0xFF, 0xB7, 0x00, 0xFF, 0xFF, 0xA0,
0x40, 0xFF, 0xFF, 0xFF, 0xFF, 0xFF, 0xFF, 0xDD, 0x17, 0xFF, 0xFF, 0xA0, 0x40, 0xFF, 0xFF, 0xFF,
0xFF, 0xFF, 0xFF, 0xFF, 0x89, 0xFF, 0xFF, 0xA0, 0x40, 0xFF, 0xFF, 0xFF, 0xFF, 0xFF, 0xFF, 0xFF,
0x3E, 0xFF, 0xFF, 0xA0, 0x3F, 0xFF, 0xFF, 0xFF, 0xFF, 0xFF, 0xFF, 0xFF, 0x88, 0xFF, 0xFF, 0xA0,
0x18, 0xFF, 0xFF, 0xF3, 0xC0, 0xC0, 0xC0, 0xB3, 0x2E, 0xF3, 0xFF, 0x92, 0x00, 0xB1, 0xFF, 0xF8,
0x13, 0x00, 0x00, 0x00, 0x00, 0x23, 0x3F, 0x0C, 0x00, 0x33, 0xFF, 0xFF, 0x68, 0x00, 0x00, 0x00,
0x00, 0x00, 0x00, 0x00, 0x00, 0x00, 0xA4, 0xF9, 0x43, 0x00, 0x00, 0x00, 0x00, 0x00, 0x00, 0x00,
0x00, 0x00, 0x00, 0x0B, 0x00, 0x00, 0x00, 0x00, 0x00, 0x00, 0x00, 0x00, 0x00, 0x00, 0x0C, 0xB1,
0x0C, 0x00, 0x00, 0x00, 0x00, 0x00, 0x7C, 0xFF, 0x1F, 0x00, 0x00, 0x00, 0x00, 0x10, 0xEF, 0xFF,
0x1F, 0x00, 0x12, 0x3B, 0x64, 0xB4, 0xFF, 0xFF, 0x1F, 0x85, 0xFF, 0xFF, 0xFF, 0xFF, 0xFF, 0xFF,
0x1F, 0x22, 0xE2, 0xFF, 0xFF, 0xFF, 0xFF, 0xFF, 0x1F, 0x00, 0x23, 0xE3, 0xFF, 0xFF, 0xFF, 0xFF,
0x1F, 0x00, 0x00, 0x24, 0xF3, 0xFF, 0xFF, 0xFF, 0x1F, 0x00, 0x00, 0x03, 0xF9, 0xFF, 0xFF, 0xFF,
0x1F, 0x00, 0x00, 0x26, 0xFF, 0xFF, 0xFF, 0xFF, 0x1B, 0x00, 0x00, 0x4E, 0xFF, 0xFF, 0xE4, 0x64,
0x00, 0x00, 0x00, 0x5C, 0xE8, 0x70, 0x08, 0x00, 0x00, 0x00, 0x00, 0x00, 0x00, 0x00, 0x0C, 0xB1,
0x0C, 0x00, 0x00, 0x00, 0x00, 0x00, 0x7C, 0xFF, 0x1F, 0x00, 0x00, 0x00, 0x00, 0x10, 0xEF, 0xFF,
0x1F, 0x00, 0x12, 0x3B, 0x64, 0xB4, 0xFF, 0xFF, 0x1F, 0x85, 0xFF, 0xFF, 0xFF, 0xFF, 0xFF, 0xFF,
0x1F, 0x22, 0xE2, 0xFF, 0xFF, 0xFF, 0xFF, 0xFF, 0x1F, 0x00, 0x23, 0xE3, 0xFF, 0xFF, 0xFF, 0xFF,
0x1F, 0x00, 0x00, 0x24, 0xF3, 0xFF, 0xFF, 0xFF, 0x1F, 0x00, 0x00, 0x03, 0xF9, 0xFF, 0xFF, 0xFF,
0x1F, 0x00, 0x00, 0x26, 0xFF, 0xFF, 0xFF, 0xFF, 0x1B, 0x00, 0x00, 0x4E, 0xFF, 0xFF, 0xE4, 0x64,
0x00, 0x00, 0x00, 0x5C, 0xE8, 0x70, 0x08, 0x00, 0x00, 0x00, 0x3C, 0x9F, 0xA6, 0x57, 0x00, 0x00,
0x58, 0xA7, 0x9E, 0x3A, 0x00, 0x4E, 0xFD, 0xFF, 0xFF, 0xFF, 0x8A, 0x8D, 0xFF, 0xFF, 0xFF, 0xFD,
0x4D, 0xD1, 0xFF, 0xFF, 0xFF, 0xFF, 0xFF, 0xFF, 0xFF, 0xFF, 0xFF, 0xFF, 0xD0, 0xF6, 0xFF, 0xFF,
0xFF, 0xFF, 0xFF, 0xFF, 0xFF, 0xFF, 0xFF, 0xFF, 0xF6, 0xCF, 0xFF, 0xFF, 0xFF, 0xFF, 0xFF, 0xFF,
0xFF, 0xFF, 0xFF, 0xFF, 0xCD, 0x66, 0xFF, 0xFF, 0xFF, 0xFF, 0xFF, 0xFF, 0xFF, 0xFF, 0xFF, 0xFF,
0x65, 0x01, 0xC2, 0xFF, 0xFF, 0xFF, 0xFF, 0xFF, 0xFF, 0xFF, 0xFF, 0xC0, 0x01, 0x00, 0x22, 0xEA,
0xFF, 0xFF, 0xFF, 0xFF, 0xFF, 0xFF, 0xE9, 0x21, 0x00, 0x00, 0x00, 0x31, 0xF0, 0xFF, 0xFF, 0xFF,
0xFF, 0xEF, 0x2F, 0x00, 0x00, 0x00, 0x00, 0x00, 0x33, 0xE6, 0xFF, 0xFF, 0xE4, 0x31, 0x00, 0x00,
0x00, 0x00, 0x00, 0x00, 0x00, 0x1C, 0x97, 0x96, 0x1A, 0x00, 0x00, 0x00, 0x00, 0x00, 0x3C, 0x9F,
0xA6, 0x57, 0x00, 0x00, 0x58, 0xA7, 0x9E, 0x3A, 0x00, 0x4E, 0xFD, 0xFF, 0xFF, 0xFF, 0x8A, 0x8D,
0xFF, 0xFF, 0xFF, 0xFD, 0x4D, 0xD1, 0xFF, 0xFF, 0xFF, 0xFF, 0xFF, 0xFF, 0xFF, 0xFF, 0xFF, 0xFF,
0xD0, 0xF6, 0xFF, 0xFF, 0xFF, 0xFF, 0xFF, 0xFF, 0xFF, 0xFF, 0xFF, 0xFF, 0xF6, 0xCF, 0xFF, 0xFF,
0xFF, 0xFF, 0xFF, 0xFF, 0xFF, 0xFF, 0xFF, 0xFF, 0xCD, 0x66, 0xFF, 0xFF, 0xFF, 0xFF, 0xFF, 0xFF,
0xFF, 0xFF, 0xFF, 0xFF, 0x65, 0x01, 0xC2, 0xFF, 0xFF, 0xFF, 0xFF, 0xFF, 0xFF, 0xFF, 0xFF, 0xC0,
0x01, 0x00, 0x22, 0xEA, 0xFF, 0xFF, 0xFF, 0xFF, 0xFF, 0xFF, 0xE9, 0x21, 0x00, 0x00, 0x00, 0x31,
0xF0, 0xFF, 0xFF, 0xFF, 0xFF, 0xEF, 0x2F, 0x00, 0x00, 0x00, 0x00, 0x00, 0x33, 0xE6, 0xFF, 0xFF,
0xE4, 0x31, 0x00, 0x00, 0x00, 0x00, 0x00, 0x00, 0x00, 0x1C, 0x97, 0x96, 0x1A, 0x00, 0x00, 0x00,
0x00, 0x12, 0x90, 0xBE, 0xBC, 0x39, 0x00, 0x00, 0x00, 0x00, 0x00, 0x00, 0x00, 0xB4, 0xF9, 0xC3,
0xBC, 0x39, 0x00, 0x00, 0x06, 0x1F, 0x00, 0x00, 0x00, 0xF9, 0x8C, 0x00, 0x00, 0x00, 0x00, 0x00,
0x69, 0xFB, 0x53, 0x00, 0x00, 0xFF, 0x7F, 0x00, 0x00, 0x00, 0x00, 0x00, 0x0E, 0xC7, 0xFB, 0x53,
0x00, 0xFF, 0x7F, 0x00, 0x00, 0x32, 0x3F, 0x3F, 0x3F, 0x4D, 0xE8, 0xFB, 0x54, 0xFF, 0x7F, 0x00,
0x26, 0xFF, 0xFF, 0xFF, 0xFF, 0xFF, 0xFF, 0xFF, 0xE4, 0xFF, 0x7F, 0x00, 0x00, 0x33, 0x3F, 0x3F,
0x3F, 0x4C, 0xE7, 0xFC, 0x57, 0xFF, 0x7F, 0x00, 0x00, 0x00, 0x00, 0x00, 0x0D, 0xC5, 0xFC, 0x57,
0x00, 0xF9, 0x8C, 0x00, 0x00, 0x00, 0x00, 0x00, 0x69, 0xFC, 0x57, 0x00, 0x00, 0xB5, 0xF9, 0xC3,
0xBC, 0x39, 0x00, 0x00, 0x08, 0x22, 0x00, 0x00, 0x00, 0x13, 0x91, 0xBE, 0xBC, 0x39, 0x00, 0x00,
0x00, 0x00, 0x00, 0x00, 0x00, 0x12, 0x90, 0xBE, 0xBC, 0x39, 0x00, 0x00, 0x00, 0x00, 0x00, 0x00,
0x00, 0xB4, 0xF9, 0xC3, 0xBC, 0x39, 0x00, 0x00, 0x06, 0x1F, 0x00, 0x00, 0x00, 0xF9, 0x8C, 0x00,
0x00, 0x00, 0x00, 0x00, 0x69, 0xFB, 0x53, 0x00, 0x00, 0xFF, 0x7F, 0x00, 0x00, 0x00, 0x00, 0x00,
0x0E, 0xC7, 0xFB, 0x53, 0x00, 0xFF, 0x7F, 0x00, 0x00, 0x32, 0x3F, 0x3F, 0x3F, 0x4D, 0xE8, 0xFB,
0x54, 0xFF, 0x7F, 0x00, 0x26, 0xFF, 0xFF, 0xFF, 0xFF, 0xFF, 0xFF, 0xFF, 0xE4, 0xFF, 0x7F, 0x00,
0x00, 0x33, 0x3F, 0x3F, 0x3F, 0x4C, 0xE7, 0xFC, 0x57, 0xFF, 0x7F, 0x00, 0x00, 0x00, 0x00, 0x00,
0x0D, 0xC5, 0xFC, 0x57, 0x00, 0xF9, 0x8C, 0x00, 0x00, 0x00, 0x00, 0x00, 0x69, 0xFC, 0x57, 0x00,
0x00, 0xB5, 0xF9, 0xC3, 0xBC, 0x39, 0x00, 0x00, 0x08, 0x22, 0x00, 0x00, 0x00, 0x13, 0x91, 0xBE,
0xBC, 0x39, 0x00, 0x00, 0x00, 0x00, 0x00, 0x00, 0x00, 0x06, 0x72, 0x80, 0x80, 0x80, 0x80, 0x80,
0x72, 0x06, 0x20, 0xF3, 0xFF, 0xFF, 0xFF, 0xFF, 0xFF, 0xF3, 0x1F, 0x00, 0x00, 0xD7, 0xFF, 0xFF,
0xFF, 0xD9, 0x00, 0x00, 0x00, 0x00, 0xED, 0xFF, 0xFF, 0xFF, 0xEC, 0x00, 0x00, 0x00, 0x03, 0xFE,
0xFF, 0xFF, 0xFF, 0xFD, 0x02, 0x00, 0x00, 0x7C, 0xFF, 0xFF, 0xFF, 0xFF, 0xFF, 0x78, 0x00, 0x62,
0xFF, 0xFF, 0xFF, 0xFF, 0xFF, 0xFF, 0xFF, 0x5E, 0xDC, 0xFF, 0xFF, 0xFF, 0xFF, 0xFF, 0xFF, 0xFF,
0xD8, 0x91, 0xC0, 0xC0, 0xC0, 0xC0, 0xC0, 0xC0, 0xC0, 0x92, 0x00, 0x00, 0x00, 0x08, 0x20, 0x08,
0x00, 0x00, 0x00, 0x00, 0x00, 0x00, 0x40, 0xFF, 0x40, 0x00, 0x00, 0x00, 0x00, 0x00, 0x00, 0x40,
0xFF, 0x40, 0x00, 0x00, 0x00, 0x00, 0x00, 0x00, 0x33, 0xFF, 0x32, 0x00, 0x00, 0x00, 0x00, 0x00,
0x00, 0x00, 0x26, 0x00, 0x00, 0x00, 0x00, 0x06, 0x72, 0x80, 0x80, 0x80, 0x80, 0x80, 0x72, 0x06,
0x20, 0xF3, 0xFF, 0xFF, 0xFF, 0xFF, 0xFF, 0xF3, 0x1F, 0x00, 0x00, 0xD7, 0xFF, 0xFF, 0xFF, 0xD9,
0x00, 0x00, 0x00, 0x00, 0xED, 0xFF, 0xFF, 0xFF, 0xEC, 0x00, 0x00, 0x00, 0x03, 0xFE, 0xFF, 0xFF,
0xFF, 0xFD, 0x02, 0x00, 0x00, 0x7C, 0xFF, 0xFF, 0xFF, 0xFF, 0xFF, 0x78, 0x00, 0x62, 0xFF, 0xFF,
0xFF, 0xFF, 0xFF, 0xFF, 0xFF, 0x5E, 0xDC, 0xFF, 0xFF, 0xFF, 0xFF, 0xFF, 0xFF, 0xFF, 0xD8, 0x91,
0xC0, 0xC0, 0xC0, 0xC0, 0xC0, 0xC0, 0xC0, 0x92, 0x00, 0x00, 0x00, 0x08, 0x20, 0x08, 0x00, 0x00,
0x00, 0x00, 0x00, 0x00, 0x40, 0xFF, 0x40, 0x00, 0x00, 0x00, 0x00, 0x00, 0x00, 0x40, 0xFF, 0x40,
0x00, 0x00, 0x00, 0x00, 0x00, 0x00, 0x33, 0xFF, 0x32, 0x00, 0x00, 0x00, 0x00, 0x00, 0x00, 0x00,
0x26, 0x00, 0x00, 0x00, 0x00, 0x00, 0x00, 0x00, 0x00, 0x00, 0x00, 0x06, 0x72, 0x7F, 0x7F, 0x7F,
0x59, 0x00, 0x00, 0x00, 0x00, 0x00, 0x00, 0x20, 0xF3, 0xFF, 0xFF, 0xFF, 0xFC, 0x00, 0x2A, 0x3F,
0x3C, 0x06, 0x00, 0x00, 0x00, 0x28, 0xE7, 0xFF, 0xFF, 0x8B, 0xFF, 0xFF, 0xFF, 0x65, 0x00, 0x00,
0x29, 0xE7, 0xE7, 0xA8, 0xFF, 0xF6, 0xB1, 0x3F, 0x3C, 0x06, 0x00, 0x29, 0xE8, 0xE8, 0x29, 0x7F,
0xFF, 0xFF, 0x7F, 0x00, 0x00, 0x00, 0x2A, 0xE8, 0xE8, 0x29, 0x00, 0x3A, 0x93, 0xFF, 0x7F, 0x00,
0x00, 0x24, 0xE9, 0xE8, 0x29, 0x00, 0x00, 0x00, 0x00, 0xFF, 0x7F, 0x00, 0x00, 0x5A, 0xDE, 0x2A,
0x00, 0x00, 0x00, 0x00, 0x00, 0xFF, 0x7F, 0x00, 0x00, 0x00, 0x00, 0x00, 0x00, 0x96, 0x95, 0x00,
0x00, 0xFF, 0x7F, 0x00, 0x00, 0x00, 0x00, 0x00, 0x00, 0xBF, 0xBF, 0x00, 0x00, 0xFC, 0x91, 0x00,
0x00, 0x00, 0x00, 0x00, 0x01, 0xCF, 0xBC, 0x00, 0x00, 0xB9, 0xFF, 0xFF, 0xFF, 0xFF, 0xFF, 0xFF,
0xFF, 0xFF, 0x78, 0x00, 0x00, 0x0C, 0x6B, 0x7F, 0x7F, 0x7F, 0x7F, 0x7F, 0x7F, 0x56, 0x01, 0x00,
0x00, 0x00, 0x00, 0x00, 0x00, 0x00, 0x00, 0x06, 0x72, 0x7F, 0x7F, 0x7F, 0x59, 0x00, 0x00, 0x00,
0x00, 0x00, 0x00, 0x20, 0xF3, 0xFF, 0xFF, 0xFF, 0xFC, 0x00, 0x2A, 0x3F, 0x3C, 0x06, 0x00, 0x00,
0x00, 0x28, 0xE7, 0xFF, 0xFF, 0x8B, 0xFF, 0xFF, 0xFF, 0x65, 0x00, 0x00, 0x29, 0xE7, 0xE7, 0xA8,
0xFF, 0xF6, 0xB1, 0x3F, 0x3C, 0x06, 0x00, 0x29, 0xE8, 0xE8, 0x29, 0x7F, 0xFF, 0xFF, 0x7F, 0x00,
0x00, 0x00, 0x2A, 0xE8, 0xE8, 0x29, 0x00, 0x3A, 0x93, 0xFF, 0x7F, 0x00, 0x00, 0x24, 0xE9, 0xE8,
0x29, 0x00, 0x00, 0x00, 0x00, 0xFF, 0x7F, 0x00, 0x00, 0x5A, 0xDE, 0x2A, 0x00, 0x00, 0x00, 0x00,
0x00, 0xFF, 0x7F, 0x00, 0x00, 0x00, 0x00, 0x00, 0x00, 0x96, 0x95, 0x00, 0x00, 0xFF, 0x7F, 0x00,
0x00, 0x00, 0x00, 0x00, 0x00, 0xBF, 0xBF, 0x00, 0x00, 0xFC, 0x91, 0x00, 0x00, 0x00, 0x00, 0x00,
0x01, 0xCF, 0xBC, 0x00, 0x00, 0xB9, 0xFF, 0xFF, 0xFF, 0xFF, 0xFF, 0xFF, 0xFF, 0xFF, 0x78, 0x00,
0x00, 0x0C, 0x6B, 0x7F, 0x7F, 0x7F, 0x7F, 0x7F, 0x7F, 0x56, 0x01, 0x00, 0x00, 0x00, 0x00, 0x00,
0x00, 0x00, 0x00, 0x00, 0x39, 0xBC, 0xBE, 0x8F, 0x11, 0x00, 0x00, 0x00, 0x00, 0x24, 0x00, 0x00,
0x3A, 0xBC, 0xC3, 0xF9, 0xB2, 0x00, 0x00, 0x00, 0x29, 0xFF, 0x8E, 0x00, 0x00, 0x00, 0x00, 0x8D,
0xF9, 0x00, 0x00, 0x00, 0x00, 0x95, 0xFF, 0x8E, 0x00, 0x00, 0x00, 0x7F, 0xFF, 0x23, 0x3F, 0x3F,
0x3F, 0x40, 0xC4, 0xFF, 0x8E, 0x00, 0x00, 0x7F, 0xFF, 0xE6, 0xFF, 0xFF, 0xFF, 0xFF, 0xFF, 0xFF,
0xFF, 0x24, 0x00, 0x7F, 0xFF, 0x23, 0x3F, 0x3F, 0x3F, 0x40, 0xC3, 0xFF, 0x93, 0x00, 0x00, 0x7F,
0xFF, 0x00, 0x00, 0x00, 0x00, 0x91, 0xFF, 0x93, 0x00, 0x00, 0x00, 0x7F, 0xFF, 0x00, 0x00, 0x00,
0x29, 0xFF, 0x93, 0x00, 0x00, 0x00, 0x00, 0x8D, 0xF9, 0x00, 0x00, 0x00, 0x00, 0x29, 0x00, 0x00,
0x39, 0xBC, 0xC3, 0xF9, 0xB4, 0x00, 0x00, 0x00, 0x00, 0x00, 0x00, 0x00, 0x3A, 0xBC, 0xBE, 0x90,
0x12, 0x00, 0x00, 0x00, 0x00, 0x00, 0x00, 0x00, 0x39, 0xBC, 0xBE, 0x8F, 0x11, 0x00, 0x00, 0x00,
0x00, 0x24, 0x00, 0x00, 0x3A, 0xBC, 0xC3, 0xF9, 0xB2, 0x00, 0x00, 0x00, 0x29, 0xFF, 0x8E, 0x00,
0x00, 0x00, 0x00, 0x8D, 0xF9, 0x00, 0x00, 0x00, 0x00, 0x95, 0xFF, 0x8E, 0x00, 0x00, 0x00, 0x7F,
0xFF, 0x23, 0x3F, 0x3F, 0x3F, 0x40, 0xC4, 0xFF, 0x8E, 0x00, 0x00, 0x7F, 0xFF, 0xE6, 0xFF, 0xFF,
0xFF, 0xFF, 0xFF, 0xFF, 0xFF, 0x24, 0x00, 0x7F, 0xFF, 0x23, 0x3F, 0x3F, 0x3F, 0x40, 0xC3, 0xFF,
0x93, 0x00, 0x00, 0x7F, 0xFF, 0x00, 0x00, 0x00, 0x00, 0x91, 0xFF, 0x93, 0x00, 0x00, 0x00, 0x7F,
0xFF, 0x00, 0x00, 0x00, 0x29, 0xFF, 0x93, 0x00, 0x00, 0x00, 0x00, 0x8D, 0xF9, 0x00, 0x00, 0x00,
0x00, 0x29, 0x00, 0x00, 0x39, 0xBC, 0xC3, 0xF9, 0xB4, 0x00, 0x00, 0x00, 0x00, 0x00, 0x00, 0x00,
0x3A, 0xBC, 0xBE, 0x90, 0x12, 0x00, 0x00, 0x1C, 0x78, 0x80, 0x80, 0x80, 0x80, 0x78, 0x1C, 0x00,
0x00, 0x00, 0x00, 0xA6, 0xFF, 0xFF, 0xFF, 0xFF, 0xFF, 0xFF, 0xA4, 0x00, 0x00, 0x9F, 0xFF, 0xFF,
0xFF, 0xFF, 0xFF, 0xFF, 0xFF, 0xFF, 0xFF, 0xFF, 0x9D, 0xEA, 0x51, 0x99, 0xFF, 0xFF, 0xFF, 0xFF,
0xFF, 0xFF, 0x9D, 0x55, 0xE5, 0xBB, 0x6E, 0x66, 0xFF, 0xFF, 0xFF, 0xFF, 0xFF, 0xFF, 0x6A, 0x77,
0xB5, 0x5A, 0xDF, 0x48, 0xFF, 0xFF, 0xFF, 0xFF, 0xFF, 0xFF, 0x57, 0xE7, 0x50, 0x02, 0xB3, 0xDC,
0xF9, 0xFF, 0xFF, 0xFF, 0xFF, 0xFD, 0xE7, 0xA1, 0x00, 0x00, 0x06, 0x88, 0xF1, 0xFF, 0xFF, 0xFF,
0xFF, 0xE5, 0x6E, 0x02, 0x00, 0x00, 0x00, 0x00, 0x0B, 0xB6, 0xFF, 0xFF, 0xB5, 0x05, 0x00, 0x00,
0x00, 0x00, 0x00, 0x00, 0x00, 0x03, 0xCD, 0xCD, 0x03, 0x00, 0x00, 0x00, 0x00, 0x00, 0x00, 0x00,
0x00, 0x00, 0xC0, 0xC0, 0x00, 0x00, 0x00, 0x00, 0x00, 0x00, 0x00, 0x00, 0xD2, 0xFF, 0xFF, 0xFF,
0xFF, 0xD2, 0x00, 0x00, 0x00, 0x00, 0x00, 0x00, 0x59, 0x80, 0x80, 0x80, 0x80, 0x59, 0x00, 0x00,
0x00, 0x00, 0x00, 0x1C, 0x78, 0x80, 0x80, 0x80, 0x80, 0x78, 0x1C, 0x00, 0x00, 0x00, 0x00, 0xA6,
0xFF, 0xFF, 0xFF, 0xFF, 0xFF, 0xFF, 0xA4, 0x00, 0x00, 0x9F, 0xFF, 0xFF, 0xFF, 0xFF, 0xFF, 0xFF,
0xFF, 0xFF, 0xFF, 0xFF, 0x9D, 0xEA, 0x51, 0x99, 0xFF, 0xFF, 0xFF, 0xFF, 0xFF, 0xFF, 0x9D, 0x55,
0xE5, 0xBB, 0x6E, 0x66, 0xFF, 0xFF, 0xFF, 0xFF, 0xFF, 0xFF, 0x6A, 0x77, 0xB5, 0x5A, 0xDF, 0x48,
0xFF, 0xFF, 0xFF, 0xFF, 0xFF, 0xFF, 0x57, 0xE7, 0x50, 0x02, 0xB3, 0xDC, 0xF9, 0xFF, 0xFF, 0xFF,
0xFF, 0xFD, 0xE7, 0xA1, 0x00, 0x00, 0x06, 0x88, 0xF1, 0xFF, 0xFF, 0xFF, 0xFF, 0xE5, 0x6E, 0x02,
0x00, 0x00, 0x00, 0x00, 0x0B, 0xB6, 0xFF, 0xFF, 0xB5, 0x05, 0x00, 0x00, 0x00, 0x00, 0x00, 0x00,
0x00, 0x03, 0xCD, 0xCD, 0x03, 0x00, 0x00, 0x00, 0x00, 0x00, 0x00, 0x00, 0x00, 0x00, 0xC0, 0xC0,
0x00, 0x00, 0x00, 0x00, 0x00, 0x00, 0x00, 0x00, 0xD2, 0xFF, 0xFF, 0xFF, 0xFF, 0xD2, 0x00, 0x00,
0x00, 0x00, 0x00, 0x00, 0x59, 0x80, 0x80, 0x80, 0x80, 0x59, 0x00, 0x00, 0x00, 0x00, 0x00, 0x00,
0x00, 0x23, 0x5A, 0x00, 0x00, 0x00, 0x00, 0x00, 0x00, 0x00, 0x00, 0x2A, 0xE9, 0xFF, 0x8E, 0x00,
0x00, 0x00, 0x00, 0x00, 0x00, 0x2A, 0xE9, 0xFF, 0xFF, 0xFF, 0x8E, 0x00, 0x00, 0x00, 0x00, 0x00,
0xA9, 0xE8, 0xA8, 0xFF, 0x93, 0xFF, 0x24, 0x00, 0x00, 0x00, 0x00, 0x15, 0x14, 0x80, 0xFF, 0x00,
0x29, 0x00, 0x00, 0x00, 0x00, 0x00, 0x00, 0x00, 0x80, 0xFF, 0x00, 0x00, 0x00, 0x00, 0x00, 0x00,
0x00, 0x00, 0x00, 0x80, 0xFF, 0x00, 0x00, 0x00, 0x00, 0x00, 0x00, 0x00, 0x00, 0x00, 0x80, 0xFF,
0x00, 0x00, 0x00, 0x00, 0x00, 0x71, 0xF2, 0xFF, 0x7D, 0x3A, 0x92, 0x08, 0xF6, 0xFF, 0xC9, 0x18,
0xF2, 0xFF, 0xFF, 0xF0, 0x56, 0x2F, 0xAA, 0xFF, 0x7C, 0xF0, 0x72, 0xE2, 0xFF, 0xFF, 0xFF, 0xFF,
0xFF, 0xFF, 0xFF, 0xB5, 0xFA, 0x61, 0x43, 0xB3, 0xC0, 0xC0, 0xC0, 0xC0, 0xC0, 0xC0, 0xC0, 0x8B,
0x09, 0x00, 0x00, 0x00, 0x00, 0x23, 0x5A, 0x00, 0x00, 0x00, 0x00, 0x00, 0x00, 0x00, 0x00, 0x2A,
0xE9, 0xFF, 0x8E, 0x00, 0x00, 0x00, 0x00, 0x00, 0x00, 0x2A, 0xE9, 0xFF, 0xFF, 0xFF, 0x8E, 0x00,
0x00, 0x00, 0x00, 0x00, 0xA9, 0xE8, 0xA8, 0xFF, 0x93, 0xFF, 0x24, 0x00, 0x00, 0x00, 0x00, 0x15,
0x14, 0x80, 0xFF, 0x00, 0x29, 0x00, 0x00, 0x00, 0x00, 0x00, 0x00, 0x00, 0x80, 0xFF, 0x00, 0x00,
0x00, 0x00, 0x00, 0x00, 0x00, 0x00, 0x00, 0x80, 0xFF, 0x00, 0x00, 0x00, 0x00, 0x00, 0x00, 0x00,
0x00, 0x00, 0x80, 0xFF, 0x00, 0x00, 0x00, 0x00, 0x00, 0x71, 0xF2, 0xFF, 0x7D, 0x3A, 0x92, 0x08,
0xF6, 0xFF, 0xC9, 0x18, 0xF2, 0xFF, 0xFF, 0xF0, 0x56, 0x2F, 0xAA, 0xFF, 0x7C, 0xF0, 0x72, 0xE2,
0xFF, 0xFF, 0xFF, 0xFF, 0xFF, 0xFF, 0xFF, 0xB5, 0xFA, 0x61, 0x43, 0xB3, 0xC0, 0xC0, 0xC0, 0xC0,
0xC0, 0xC0, 0xC0, 0x8B, 0x09, 0x00, 0x00, 0x00, 0x0D, 0x60, 0x8C, 0x80, 0x78, 0xA6, 0x89, 0x09,
0x00, 0x00, 0x5D, 0xEF, 0xEC, 0xED, 0xFF, 0xFF, 0xFF, 0xFF, 0x5F, 0x00, 0x6B, 0xFD, 0x82, 0x09,
0x8C, 0xFF, 0xFF, 0xFF, 0xFF, 0x57, 0x24, 0xFA, 0x70, 0x20, 0xB5, 0xFF, 0xFF, 0xFF, 0xFF, 0xFF,
0x36, 0x91, 0xCE, 0x03, 0xCD, 0xFF, 0xFF, 0xFF, 0xFF, 0xFF, 0xFF, 0x46, 0xC9, 0xA8, 0x7C, 0xFF,
0xFF, 0xFF, 0xFF, 0xFF, 0xFF, 0xFF, 0x46, 0xC8, 0xFF, 0xFF, 0xFF, 0xFF, 0xFF, 0xFF, 0xFF, 0xFF,
0xFA, 0x13, 0xB7, 0xFF, 0xFF, 0xFF, 0xFF, 0xFF, 0xFF, 0xFF, 0xFF, 0x9D, 0x00, 0xD9, 0xFF, 0xFF,
0xFF, 0xFF, 0xFF, 0xFF, 0xFF, 0xDA, 0x10, 0x00, 0xE1, 0xFF, 0xFF, 0xFF, 0xFF, 0xFF, 0xFF, 0xBA,
0x16, 0x00, 0x00, 0x43, 0xAE, 0x8A, 0x79, 0x8E, 0x7F, 0x3A, 0x00, 0x00, 0x00, 0x00, 0x00, 0x00,
0x00, 0x0D, 0x60, 0x8C, 0x80, 0x78, 0xA6, 0x89, 0x09, 0x00, 0x00, 0x5D, 0xEF, 0xEC, 0xED, 0xFF,
0xFF, 0xFF, 0xFF, 0x5F, 0x00, 0x6B, 0xFD, 0x82, 0x09, 0x8C, 0xFF, 0xFF, 0xFF, 0xFF, 0x57, 0x24,
0xFA, 0x70, 0x20, 0xB5, 0xFF, 0xFF, 0xFF, 0xFF, 0xFF, 0x36, 0x91, 0xCE, 0x03, 0xCD, 0xFF, 0xFF,
0xFF, 0xFF, 0xFF, 0xFF, 0x46, 0xC9, 0xA8, 0x7C, 0xFF, 0xFF, 0xFF, 0xFF, 0xFF, 0xFF, 0xFF, 0x46,
0xC8, 0xFF, 0xFF, 0xFF, 0xFF, 0xFF, 0xFF, 0xFF, 0xFF, 0xFA, 0x13, 0xB7, 0xFF, 0xFF, 0xFF, 0xFF,
0xFF, 0xFF, 0xFF, 0xFF, 0x9D, 0x00, 0xD9, 0xFF, 0xFF, 0xFF, 0xFF, 0xFF, 0xFF, 0xFF, 0xDA, 0x10,
0x00, 0xE1, 0xFF, 0xFF, 0xFF, 0xFF, 0xFF, 0xFF, 0xBA, 0x16, 0x00, 0x00, 0x43, 0xAE, 0x8A, 0x79,
0x8E, 0x7F, 0x3A, 0x00, 0x00, 0x00, 0x00, 0x00, 0x09, 0x60, 0x32, 0x00, 0x00, 0x00, 0x00, 0x00,
0x00, 0x00, 0x00, 0x22, 0xDF, 0xFF, 0xE5, 0x05, 0x00, 0x00, 0x00, 0x00, 0x00, 0x00, 0x00, 0xB6,
0xFF, 0xFF, 0xFF, 0x56, 0x00, 0x00, 0x00, 0x00, 0x00, 0x00, 0x00, 0xEF, 0xFF, 0xFF, 0xFF, 0xB0,
0x00, 0x00, 0x00, 0x00, 0x00, 0x00, 0x00, 0xD4, 0xFF, 0xFF, 0xFA, 0x57, 0x00, 0x00, 0x00, 0x00,
0x00, 0x00, 0x00, 0x77, 0xFF, 0xFF, 0x9C, 0x00, 0x00, 0x00, 0x00, 0x00, 0x00, 0x00, 0x00, 0x1B,
0xFD, 0xFF, 0xFC, 0x35, 0x00, 0x00, 0x00, 0x00, 0x00, 0x00, 0x00, 0x00, 0x93, 0xFF, 0xFF, 0xD7,
0x18, 0x00, 0x00, 0x27, 0x13, 0x00, 0x00, 0x00, 0x07, 0xCD, 0xFF, 0xFF, 0xE9, 0x49, 0x52, 0xFE,
0xF8, 0xA0, 0x2B, 0x00, 0x00, 0x22, 0xE1, 0xFF, 0xFF, 0xFE, 0xF8, 0xFF, 0xFF, 0xFF, 0xE8, 0x00,
0x00, 0x00, 0x12, 0xB3, 0xFF, 0xFF, 0xFF, 0xFF, 0xFF, 0xFF, 0xB0, 0x00, 0x00, 0x00, 0x00, 0x01,
0x61, 0xC8, 0xFF, 0xFF, 0xFF, 0xE3, 0x21, 0x00, 0x00, 0x00, 0x00, 0x00, 0x00, 0x00, 0x27, 0x6C,
0x61, 0x0C, 0x00, 0x00, 0x09, 0x60, 0x32, 0x00, 0x00, 0x00, 0x00, 0x00, 0x00, 0x00, 0x00, 0x22,
0xDF, 0xFF, 0xE5, 0x05, 0x00, 0x00, 0x00, 0x00, 0x00, 0x00, 0x00, 0xB6, 0xFF, 0xFF, 0xFF, 0x56,
0x00, 0x00, 0x00, 0x00, 0x00, 0x00, 0x00, 0xEF, 0xFF, 0xFF, 0xFF, 0xB0, 0x00, 0x00, 0x00, 0x00,
0x00, 0x00, 0x00, 0xD4, 0xFF, 0xFF, 0xFA, 0x57, 0x00, 0x00, 0x00, 0x00, 0x00, 0x00, 0x00, 0x77,
0xFF, 0xFF, 0x9C, 0x00, 0x00, 0x00, 0x00, 0x00, 0x00, 0x00, 0x00, 0x1B, 0xFD, 0xFF, 0xFC, 0x35,
0x00, 0x00, 0x00, 0x00, 0x00, 0x00, 0x00, 0x00, 0x93, 0xFF, 0xFF, 0xD7, 0x18, 0x00, 0x00, 0x27,
0x13, 0x00, 0x00, 0x00, 0x07, 0xCD, 0xFF, 0xFF, 0xE9, 0x49, 0x52, 0xFE, 0xF8, 0xA0, 0x2B, 0x00,
0x00, 0x22, 0xE1, 0xFF, 0xFF, 0xFE, 0xF8, 0xFF, 0xFF, 0xFF, 0xE8, 0x00, 0x00, 0x00, 0x12, 0xB3,
0xFF, 0xFF, 0xFF, 0xFF, 0xFF, 0xFF, 0xB0, 0x00, 0x00, 0x00, 0x00, 0x01, 0x61, 0xC8, 0xFF, 0xFF,
0xFF, 0xE3, 0x21, 0x00, 0x00, 0x00, 0x00, 0x00, 0x00, 0x00, 0x27, 0x6C, 0x61, 0x0C, 0x00, 0x41,
0xB2, 0xC0, 0xC0, 0xC0, 0xC0, 0xC0, 0xC0, 0xC0, 0x89, 0x09, 0xE2, 0xFF, 0xFF, 0xFF, 0xFF, 0xFF,
0xFF, 0xFF, 0xFF, 0xFF, 0x61, 0xFF, 0xFF, 0xFF, 0xFF, 0xFF, 0xFF, 0xFF, 0xFF, 0xFF, 0xFF, 0x80,
0xFF, 0xFF, 0xFF, 0xFF, 0xFF, 0xFF, 0xFF, 0xFF, 0xFF, 0xFF, 0x80, 0xFF, 0xFF, 0xFF, 0xFF, 0xFF,
0xFF, 0xFF, 0xFF, 0xFF, 0xFF, 0x80, 0xFF, 0xFF, 0xFF, 0xFF, 0xFF, 0xFF, 0xFF, 0xFF, 0xFF, 0xFF,
0x80, 0xFF, 0xFF, 0xFF, 0xFF, 0xFF, 0xFF, 0xFF, 0xFF, 0xFF, 0xFF, 0x80, 0xFF, 0xFF, 0xFF, 0xFF,
0xFF, 0xFF, 0xFF, 0xFF, 0xFF, 0xFF, 0x80, 0xFF, 0xFF, 0xFF, 0xFF, 0xFF, 0xFF, 0xFF, 0xFF, 0xFF,
0xFF, 0x80, 0xE2, 0xFF, 0xFF, 0xFF, 0xFF, 0xFF, 0xFF, 0xFF, 0xFF, 0xFF, 0x61, 0x43, 0xB3, 0xC0,
0xC0, 0xC0, 0xC0, 0xC0, 0xC0, 0xC0, 0x8B, 0x09, 0x41, 0xB2, 0xC0, 0xC0, 0xC0, 0xC0, 0xC0, 0xC0,
0xC0, 0x89, 0x09, 0xE2, 0xFF, 0xFF, 0xFF, 0xFF, 0xFF, 0xFF, 0xFF, 0xFF, 0xFF, 0x61, 0xFF, 0xFF,
0xFF, 0xFF, 0xFF, 0xFF, 0xFF, 0xFF, 0xFF, 0xFF, 0x80, 0xFF, 0xFF, 0xFF, 0xFF, 0xFF, 0xFF, 0xFF,
0xFF, 0xFF, 0xFF, 0x80, 0xFF, 0xFF, 0xFF, 0xFF, 0xFF, 0xFF, 0xFF, 0xFF, 0xFF, 0xFF, 0x80, 0xFF,
0xFF, 0xFF, 0xFF, 0xFF, 0xFF, 0xFF, 0xFF, 0xFF, 0xFF, 0x80, 0xFF, 0xFF, 0xFF, 0xFF, 0xFF, 0xFF,
0xFF, 0xFF, 0xFF, 0xFF, 0x80, 0xFF, 0xFF, 0xFF, 0xFF, 0xFF, 0xFF, 0xFF, 0xFF, 0xFF, 0xFF, 0x80,
0xFF, 0xFF, 0xFF, 0xFF, 0xFF, 0xFF, 0xFF, 0xFF, 0xFF, 0xFF, 0x80, 0xE2, 0xFF, 0xFF, 0xFF, 0xFF,
0xFF, 0xFF, 0xFF, 0xFF, 0xFF, 0x61, 0x43, 0xB3, 0xC0, 0xC0, 0xC0, 0xC0, 0xC0, 0xC0, 0xC0, 0x8B,
0x09, 0x18, 0x72, 0x7F, 0x7F, 0x7F, 0x7F, 0x7F, 0x72, 0x18, 0xCA, 0xFF, 0xFF, 0xFF, 0xFF, 0xFF,
0xFF, 0xFF, 0xC9, 0xFF, 0xFF, 0xFF, 0xFF, 0xFF, 0xFF, 0xFF, 0xFF, 0xFF, 0xFF, 0xFF, 0xFF, 0xFF,
0xFF, 0xFF, 0xFF, 0xFF, 0xFF, 0xFF, 0xFF, 0xFF, 0xFF, 0xFF, 0xFF, 0xFF, 0xFF, 0xFF, 0xFF, 0xFF,
0xFF, 0xFF, 0xFF, 0xFF, 0xFF, 0xFF, 0xFF, 0xFF, 0xFF, 0xFF, 0xFF, 0xFF, 0xFF, 0xFF, 0xFF, 0xFF,
0xFF, 0xFF, 0xFF, 0xFF, 0xFF, 0xFF, 0xFF, 0xFF, 0xFF, 0xFF, 0xFF, 0xFF, 0xFF, 0xFF, 0xFF, 0xFF,
0xFF, 0xFF, 0xFF, 0xFF, 0xFF, 0xFF, 0xFF, 0xFF, 0xFF, 0xFF, 0xFF, 0xFF, 0xFF, 0xFF, 0xE9, 0x86,
0xE9, 0xFF, 0xFF, 0xFF, 0xFB, 0xFC, 0x92, 0x0F, 0x00, 0x0F, 0x92, 0xFC, 0xFB, 0x4C, 0x2D, 0x00,
0x00, 0x00, 0x00, 0x00, 0x2D, 0x4C, 0x18, 0x72, 0x7F, 0x7F, 0x7F, 0x7F, 0x7F, 0x72, 0x18, 0xCA,
0xFF, 0xFF, 0xFF, 0xFF, 0xFF, 0xFF, 0xFF, 0xC9, 0xFF, 0xFF, 0xFF, 0xFF, 0xFF, 0xFF, 0xFF, 0xFF,
0xFF, 0xFF, 0xFF, 0xFF, 0xFF, 0xFF, 0xFF, 0xFF, 0xFF, 0xFF, 0xFF, 0xFF, 0xFF, 0xFF, 0xFF, 0xFF,
0xFF, 0xFF, 0xFF, 0xFF, 0xFF, 0xFF, 0xFF, 0xFF, 0xFF, 0xFF, 0xFF, 0xFF, 0xFF, 0xFF, 0xFF, 0xFF,
0xFF, 0xFF, 0xFF, 0xFF, 0xFF, 0xFF, 0xFF, 0xFF, 0xFF, 0xFF, 0xFF, 0xFF, 0xFF, 0xFF, 0xFF, 0xFF,
0xFF, 0xFF, 0xFF, 0xFF, 0xFF, 0xFF, 0xFF, 0xFF, 0xFF, 0xFF, 0xFF, 0xFF, 0xFF, 0xFF, 0xFF, 0xFF,
0xFF, 0xFF, 0xFF, 0xE9, 0x86, 0xE9, 0xFF, 0xFF, 0xFF, 0xFB, 0xFC, 0x92, 0x0F, 0x00, 0x0F, 0x92,
0xFC, 0xFB, 0x4C, 0x2D, 0x00, 0x00, 0x00, 0x00, 0x00, 0x2D, 0x4C, 0x41, 0xB2, 0xBF, 0xBF, 0xBF,
0xBF, 0xBF, 0xBF, 0xBF, 0x89, 0x09, 0xE2, 0xFF, 0xFF, 0xFF, 0xFF, 0xFF, 0xFF, 0xFF, 0xFF, 0xFF,
0x61, 0xFF, 0xFF, 0xFC, 0xA0, 0xF6, 0xFF, 0xFF, 0xFF, 0xFF, 0xFF, 0x7F, 0xFF, 0xFF, 0x6A, 0x00,
0x97, 0xFF, 0xFF, 0xFF, 0xFF, 0xFF, 0x7F, 0xFF, 0xFF, 0x56, 0x01, 0xA8, 0xFF, 0xFF, 0xFF, 0xFF,
0xFF, 0x7F, 0xFF, 0xFF, 0xB1, 0x00, 0xAA, 0xFF, 0xFF, 0xFF, 0xFF, 0xFF, 0x7F, 0xFF, 0xFF, 0xFF,
0x52, 0x0B, 0x95, 0x47, 0x72, 0xF4, 0xFF, 0x7F, 0xFF, 0xFF, 0xFF, 0xF6, 0x62, 0x00, 0x00, 0x10,
0xE9, 0xFF, 0x7F, 0xFF, 0xFF, 0xFF, 0xFF, 0xFF, 0xD7, 0x8A, 0xC9, 0xFF, 0xFF, 0x7F, 0xE2, 0xFF,
0xFF, 0xFF, 0xFF, 0xFF, 0xFF, 0xFF, 0xFF, 0xFF, 0x61, 0x43, 0xB2, 0xBF, 0xBF, 0xBF, 0xBF, 0xBF,
0xBF, 0xBF, 0x8A, 0x09, 0x41, 0xB2, 0xBF, 0xBF, 0xBF, 0xBF, 0xBF, 0xBF, 0xBF, 0x89, 0x09, 0xE2,
0xFF, 0xFF, 0xFF, 0xFF, 0xFF, 0xFF, 0xFF, 0xFF, 0xFF, 0x61, 0xFF, 0xFF, 0xFC, 0xA0, 0xF6, 0xFF,
0xFF, 0xFF, 0xFF, 0xFF, 0x7F, 0xFF, 0xFF, 0x6A, 0x00, 0x97, 0xFF, 0xFF, 0xFF, 0xFF, 0xFF, 0x7F,
0xFF, 0xFF, 0x56, 0x01, 0xA8, 0xFF, 0xFF, 0xFF, 0xFF, 0xFF, 0x7F, 0xFF, 0xFF, 0xB1, 0x00, 0xAA,
0xFF, 0xFF, 0xFF, 0xFF, 0xFF, 0x7F, 0xFF, 0xFF, 0xFF, 0x52, 0x0B, 0x95, 0x47, 0x72, 0xF4, 0xFF,
0x7F, 0xFF, 0xFF, 0xFF, 0xF6, 0x62, 0x00, 0x00, 0x10, 0xE9, 0xFF, 0x7F, 0xFF, 0xFF, 0xFF, 0xFF,
0xFF, 0xD7, 0x8A, 0xC9, 0xFF, 0xFF, 0x7F, 0xE2, 0xFF, 0xFF, 0xFF, 0xFF, 0xFF, 0xFF, 0xFF, 0xFF,
0xFF, 0x61, 0x43, 0xB2, 0xBF, 0xBF, 0xBF, 0xBF, 0xBF, 0xBF, 0xBF, 0x8A, 0x09, 0x00, 0x00, 0x00,
0x0D, 0x33, 0x10, 0x00, 0x00, 0x00, 0x00, 0x00, 0x69, 0xF7, 0xFF, 0xF7, 0x69, 0x00, 0x00, 0x00,
0x2E, 0xFD, 0xBE, 0x59, 0xBB, 0xFD, 0x2C, 0x00, 0x00, 0x71, 0xFF, 0x1D, 0x00, 0x16, 0xEF, 0x5B,
0x00, 0x00, 0x7F, 0xFF, 0x00, 0x00, 0x00, 0x0C, 0x00, 0x00, 0x41, 0xD2, 0xFF, 0xBF, 0xBF, 0xBF,
0xBF, 0xB2, 0x40, 0xE2, 0xFF, 0xFF, 0xFF, 0xFF, 0xFF, 0xFF, 0xFF, 0xE1, 0xFF, 0xFF, 0xFF, 0xFF,
0xFF, 0xFF, 0xFF, 0xFF, 0xFF, 0xFF, 0xFF, 0xFF, 0xFF, 0xFF, 0xFF, 0xFF, 0xFF, 0xFF, 0xFF, 0xFF,
0xFF, 0xFF, 0xFF, 0xFF, 0xFF, 0xFF, 0xFF, 0xFF, 0xFF, 0xFF, 0xFF, 0xFF, 0xFF, 0xFF, 0xFF, 0xFF,
0xFF, 0xFF, 0xFF, 0xFF, 0xFF, 0xFF, 0xFF, 0xFF, 0xFF, 0xCB, 0xFF, 0xFF, 0xFF, 0xFF, 0xFF, 0xFF,
0xFF, 0xCA, 0x1A, 0x72, 0x7F, 0x7F, 0x7F, 0x7F, 0x7F, 0x72, 0x19, 0x00, 0x00, 0x00, 0x0D, 0x33,
0x10, 0x00, 0x00, 0x00, 0x00, 0x00, 0x69, 0xF7, 0xFF, 0xF7, 0x69, 0x00, 0x00, 0x00, 0x2E, 0xFD,
0xBE, 0x59, 0xBB, 0xFD, 0x2C, 0x00, 0x00, 0x71, 0xFF, 0x1D, 0x00, 0x16, 0xEF, 0x5B, 0x00, 0x00,
0x7F, 0xFF, 0x00, 0x00, 0x00, 0x0C, 0x00, 0x00, 0x41, 0xD2, 0xFF, 0xBF, 0xBF, 0xBF, 0xBF, 0xB2,
0x40, 0xE2, 0xFF, 0xFF, 0xFF, 0xFF, 0xFF, 0xFF, 0xFF, 0xE1, 0xFF, 0xFF, 0xFF, 0xFF, 0xFF, 0xFF,
0xFF, 0xFF, 0xFF, 0xFF, 0xFF, 0xFF, 0xFF, 0xFF, 0xFF, 0xFF, 0xFF, 0xFF, 0xFF, 0xFF, 0xFF, 0xFF,
0xFF, 0xFF, 0xFF, 0xFF, 0xFF, 0xFF, 0xFF, 0xFF, 0xFF, 0xFF, 0xFF, 0xFF, 0xFF, 0xFF, 0xFF, 0xFF,
0xFF, 0xFF, 0xFF, 0xFF, 0xFF, 0xFF, 0xFF, 0xCB, 0xFF, 0xFF, 0xFF, 0xFF, 0xFF, 0xFF, 0xFF, 0xCA,
0x1A, 0x72, 0x7F, 0x7F, 0x7F, 0x7F, 0x7F, 0x72, 0x19, 0x71, 0xF2, 0xFF, 0xFF, 0xFF, 0xFF, 0xFF,
0xFF, 0xFF, 0xFF, 0xF2, 0x6F, 0xF2, 0xFF, 0xFF, 0xFF, 0xFF, 0xFF, 0xFF, 0xFF, 0xFF, 0xFF, 0xFF,
0xF2, 0x3F, 0x3F, 0x3F, 0x3F, 0x3F, 0x3F, 0x3F, 0x3F, 0x3F, 0x3F, 0x3F, 0x3F, 0x9F, 0x9F, 0x9F,
0x9F, 0x9F, 0x9F, 0x9F, 0x9F, 0x9F, 0x9F, 0x9F, 0x9F, 0xFF, 0xFF, 0xFF, 0xFF, 0xFF, 0xFF, 0xFF,
0xFF, 0xFF, 0xFF, 0xFF, 0xFF, 0xFF, 0xFF, 0xFF, 0xFF, 0xFF, 0xFF, 0xFF, 0xFF, 0xFF, 0xFF, 0xFF,
0xFF, 0xFF, 0xC8, 0x60, 0xA0, 0xF9, 0x6A, 0x60, 0xC8, 0xFF, 0xFF, 0xFF, 0xFF, 0xF2, 0xD7, 0x80,
0xB7, 0xFC, 0x8A, 0x80, 0xD7, 0xFF, 0xFF, 0xFF, 0xF2, 0x72, 0xF2, 0xFF, 0xFF, 0xFF, 0xFF, 0xFF,
0xFF, 0xFF, 0xFF, 0xF2, 0x71, 0x71, 0xF2, 0xFF, 0xFF, 0xFF, 0xFF, 0xFF, 0xFF, 0xFF, 0xFF, 0xF2,
0x6F, 0xF2, 0xFF, 0xFF, 0xFF, 0xFF, 0xFF, 0xFF, 0xFF, 0xFF, 0xFF, 0xFF, 0xF2, 0x3F, 0x3F, 0x3F,
0x3F, 0x3F, 0x3F, 0x3F, 0x3F, 0x3F, 0x3F, 0x3F, 0x3F, 0x9F, 0x9F, 0x9F, 0x9F, 0x9F, 0x9F, 0x9F,
0x9F, 0x9F, 0x9F, 0x9F, 0x9F, 0xFF, 0xFF, 0xFF, 0xFF, 0xFF, 0xFF, 0xFF, 0xFF, 0xFF, 0xFF, 0xFF,
0xFF, 0xFF, 0xFF, 0xFF, 0xFF, 0xFF, 0xFF, 0xFF, 0xFF, 0xFF, 0xFF, 0xFF, 0xFF, 0xFF, 0xC8, 0x60,
0xA0, 0xF9, 0x6A, 0x60, 0xC8, 0xFF, 0xFF, 0xFF, 0xFF, 0xF2, 0xD7, 0x80, 0xB7, 0xFC, 0x8A, 0x80,
0xD7, 0xFF, 0xFF, 0xFF, 0xF2, 0x72, 0xF2, 0xFF, 0xFF, 0xFF, 0xFF, 0xFF, 0xFF, 0xFF, 0xFF, 0xF2,
0x71, 0x95, 0xAC, 0x90, 0x4E, 0x09, 0x00, 0x00, 0x00, 0x00, 0x00, 0x00, 0x97, 0xD4, 0xF3, 0xFF,
0xEF, 0x76, 0x07, 0x00, 0x00, 0x00, 0x00, 0x00, 0x00, 0x04, 0x43, 0xB3, 0xFF, 0xCB, 0x1B, 0x00,
0x00, 0x00, 0x95, 0xAB, 0x7B, 0x22, 0x00, 0x4D, 0xF1, 0xE0, 0x16, 0x00, 0x00, 0x98, 0xE6, 0xFF,
0xF7, 0x74, 0x02, 0x33, 0xF5, 0xC1, 0x01, 0x00, 0x00, 0x00, 0x1D, 0xA4, 0xFF, 0xAD, 0x00, 0x61,
0xFF, 0x59, 0x00, 0x00, 0x00, 0x00, 0x00, 0x6C, 0xFF, 0x5F, 0x01, 0xCF, 0xD2, 0x00, 0x00, 0x24,
0x00, 0x00, 0x00, 0xB8, 0xEF, 0x0A, 0x6F, 0xFF, 0x22, 0xA6, 0xFF, 0xA4, 0x00, 0x00, 0x4E, 0xFF,
0x4C, 0x2B, 0xFF, 0x59, 0xDF, 0xFF, 0xDE, 0x00, 0x00, 0x1A, 0xFF, 0x72, 0x0D, 0xFF, 0x73, 0x43,
0xA5, 0x41, 0x00, 0x00, 0x00, 0x93, 0x39, 0x00, 0x93, 0x39, 0x95, 0xAC, 0x90, 0x4E, 0x09, 0x00,
0x00, 0x00, 0x00, 0x00, 0x00, 0x97, 0xD4, 0xF3, 0xFF, 0xEF, 0x76, 0x07, 0x00, 0x00, 0x00, 0x00,
0x00, 0x00, 0x04, 0x43, 0xB3, 0xFF, 0xCB, 0x1B, 0x00, 0x00, 0x00, 0x95, 0xAB, 0x7B, 0x22, 0x00,
0x4D, 0xF1, 0xE0, 0x16, 0x00, 0x00, 0x98, 0xE6, 0xFF, 0xF7, 0x74, 0x02, 0x33, 0xF5, 0xC1, 0x01,
0x00, 0x00, 0x00, 0x1D, 0xA4, 0xFF, 0xAD, 0x00, 0x61, 0xFF, 0x59, 0x00, 0x00, 0x00, 0x00, 0x00,
0x6C, 0xFF, 0x5F, 0x01, 0xCF, 0xD2, 0x00, 0x00, 0x24, 0x00, 0x00, 0x00, 0xB8, 0xEF, 0x0A, 0x6F,
0xFF, 0x22, 0xA6, 0xFF, 0xA4, 0x00, 0x00, 0x4E, 0xFF, 0x4C, 0x2B, 0xFF, 0x59, 0xDF, 0xFF, 0xDE,
0x00, 0x00, 0x1A, 0xFF, 0x72, 0x0D, 0xFF, 0x73, 0x43, 0xA5, 0x41, 0x00, 0x00, 0x00, 0x93, 0x39,
0x00, 0x93, 0x39, 0x41, 0xB2, 0xBF, 0xBF, 0xBF, 0xBF, 0xBF, 0xBF, 0xBF, 0x89, 0x09, 0xE2, 0xFF,
0xFF, 0xFF, 0xFF, 0xFF, 0xFF, 0xFF, 0xFF, 0xFF, 0x61, 0xFF, 0xFF, 0xFF, 0xFF, 0xFF, 0xFF, 0xFF,
0xFF, 0xFF, 0xFF, 0x7F, 0xFF, 0xFF, 0xFF, 0xFF, 0xFF, 0xFF, 0xFF, 0xFF, 0xFF, 0xFF, 0x7F, 0xFF,
0xFF, 0xFF, 0xFF, 0xFF, 0xFF, 0xFF, 0xFF, 0xFF, 0xFF, 0x7F, 0x70, 0x2A, 0x1F, 0x1F, 0x1F, 0x1F,
0x1F, 0x1F, 0x1F, 0x48, 0x42, 0x41, 0xB2, 0xBF, 0xBF, 0xBF, 0xBF, 0xBF, 0xBF, 0xBF, 0x89, 0x09,
0xE2, 0xFF, 0xFF, 0xFF, 0xFF, 0xEC, 0xEC, 0xF9, 0xE0, 0xFF, 0x61, 0xFF, 0xFF, 0xFF, 0xFF, 0xFF,
0x59, 0x5A, 0x99, 0x1A, 0xFF, 0x7F, 0xE2, 0xFF, 0xFF, 0xFF, 0xFF, 0xEC, 0xEC, 0xF9, 0xDF, 0xFF,
0x61, 0x43, 0xB2, 0xBF, 0xBF, 0xBF, 0xBF, 0xBF, 0xBF, 0xBF, 0x8A, 0x09, 0x41, 0xB2, 0xBF, 0xBF,
0xBF, 0xBF, 0xBF, 0xBF, 0xBF, 0x89, 0x09, 0xE2, 0xFF, 0xFF, 0xFF, 0xFF, 0xFF, 0xFF, 0xFF, 0xFF,
0xFF, 0x61, 0xFF, 0xFF, 0xFF, 0xFF, 0xFF, 0xFF, 0xFF, 0xFF, 0xFF, 0xFF, 0x7F, 0xFF, 0xFF, 0xFF,
0xFF, 0xFF, 0xFF, 0xFF, 0xFF, 0xFF, 0xFF, 0x7F, 0xFF, 0xFF, 0xFF, 0xFF, 0xFF, 0xFF, 0xFF, 0xFF,
0xFF, 0xFF, 0x7F, 0x70, 0x2A, 0x1F, 0x1F, 0x1F, 0x1F, 0x1F, 0x1F, 0x1F, 0x48, 0x42, 0x41, 0xB2,
0xBF, 0xBF, 0xBF, 0xBF, 0xBF, 0xBF, 0xBF, 0x89, 0x09, 0xE2, 0xFF, 0xFF, 0xFF, 0xFF, 0xEC, 0xEC,
0xF9, 0xE0, 0xFF, 0x61, 0xFF, 0xFF, 0xFF, 0xFF, 0xFF, 0x59, 0x5A, 0x99, 0x1A, 0xFF, 0x7F, 0xE2,
0xFF, 0xFF, 0xFF, 0xFF, 0xEC, 0xEC, 0xF9, 0xDF, 0xFF, 0x61, 0x43, 0xB2, 0xBF, 0xBF, 0xBF, 0xBF,
0xBF, 0xBF, 0xBF, 0x8A, 0x09, 0x00, 0x00, 0x00, 0x00, 0x00, 0x00, 0x00, 0x00, 0x00, 0x00, 0x02,
0x00, 0x00, 0x00, 0x00, 0x00, 0x00, 0x00, 0x00, 0x00, 0x00, 0x7E, 0xF6, 0x23, 0x00, 0x00, 0x00,
0x00, 0x00, 0x00, 0x00, 0x27, 0xBA, 0xFF, 0xFF, 0x40, 0x00, 0x19, 0x65, 0x80, 0x80, 0x97, 0xC6,
0xFA, 0xED, 0x9D, 0xFF, 0x40, 0x37, 0xEF, 0xFF, 0xFF, 0xFF, 0xF1, 0xBE, 0x83, 0x13, 0x40, 0xFF,
0x40, 0xC6, 0xFF, 0xFF, 0xFF, 0xFF, 0x40, 0x00, 0x00, 0x00, 0x40, 0xFF, 0x40, 0xF3, 0xFF, 0xFF,
0xFF, 0xFF, 0x40, 0x00, 0x00, 0x00, 0x40, 0xFF, 0x40, 0xC7, 0xFF, 0xFF, 0xFF, 0xFF, 0x40, 0x00,
0x00, 0x00, 0x40, 0xFF, 0x40, 0x38, 0xF0, 0xFF, 0xFF, 0xFF, 0xF0, 0xBC, 0x80, 0x11, 0x40, 0xFF,
0x40, 0x00, 0x1A, 0x67, 0xFF, 0xFF, 0xB0, 0xC8, 0xFA, 0xEC, 0x9C, 0xFF, 0x40, 0x00, 0x00, 0x00,
0xFF, 0xFF, 0x40, 0x00, 0x26, 0xBC, 0xFF, 0xFF, 0x40, 0x00, 0x00, 0x00, 0xFC, 0xFF, 0x3C, 0x00,
0x00, 0x00, 0x81, 0xF7, 0x24, 0x00, 0x00, 0x00, 0x5A, 0x73, 0x06, 0x00, 0x00, 0x00, 0x00, 0x03,
0x00, 0x00, 0x00, 0x00, 0x00, 0x00, 0x00, 0x00, 0x00, 0x00, 0x00, 0x02, 0x00, 0x00, 0x00, 0x00,
0x00, 0x00, 0x00, 0x00, 0x00, 0x00, 0x7E, 0xF6, 0x23, 0x00, 0x00, 0x00, 0x00, 0x00, 0x00, 0x00,
0x27, 0xBA, 0xFF, 0xFF, 0x40, 0x00, 0x19, 0x65, 0x80, 0x80, 0x97, 0xC6, 0xFA, 0xED, 0x9D, 0xFF,
0x40, 0x37, 0xEF, 0xFF, 0xFF, 0xFF, 0xF1, 0xBE, 0x83, 0x13, 0x40, 0xFF, 0x40, 0xC6, 0xFF, 0xFF,
0xFF, 0xFF, 0x40, 0x00, 0x00, 0x00, 0x40, 0xFF, 0x40, 0xF3, 0xFF, 0xFF, 0xFF, 0xFF, 0x40, 0x00,
0x00, 0x00, 0x40, 0xFF, 0x40, 0xC7, 0xFF, 0xFF, 0xFF, 0xFF, 0x40, 0x00, 0x00, 0x00, 0x40, 0xFF,
0x40, 0x38, 0xF0, 0xFF, 0xFF, 0xFF, 0xF0, 0xBC, 0x80, 0x11, 0x40, 0xFF, 0x40, 0x00, 0x1A, 0x67,
0xFF, 0xFF, 0xB0, 0xC8, 0xFA, 0xEC, 0x9C, 0xFF, 0x40, 0x00, 0x00, 0x00, 0xFF, 0xFF, 0x40, 0x00,
0x26, 0xBC, 0xFF, 0xFF, 0x40, 0x00, 0x00, 0x00, 0xFC, 0xFF, 0x3C, 0x00, 0x00, 0x00, 0x81, 0xF7,
0x24, 0x00, 0x00, 0x00, 0x5A, 0x73, 0x06, 0x00, 0x00, 0x00, 0x00, 0x03, 0x00, 0x00, 0x00, 0x00,
0x00, 0x1C, 0x55, 0x00, 0x00, 0x00, 0x00, 0x00, 0x00, 0x00, 0x00, 0x42, 0xC6, 0xFC, 0x78, 0x11,
0x00, 0x00, 0x00, 0x00, 0x00, 0x77, 0xFF, 0xFF, 0xFF, 0xFF, 0xDA, 0x19, 0x00, 0x00, 0x00, 0x26,
0xFB, 0xFF, 0xFF, 0xFF, 0xFF, 0xFF, 0xA0, 0x00, 0x00, 0x00, 0x69, 0xFF, 0xFF, 0xFF, 0xFF, 0xFF,
0xFF, 0xE8, 0x00, 0x00, 0x00, 0x85, 0xFF, 0xFF, 0xFF, 0xFF, 0xFF, 0xFF, 0xFF, 0x04, 0x00, 0x00,
0xAA, 0xFF, 0xFF, 0xFF, 0xFF, 0xFF, 0xFF, 0xFF, 0x29, 0x00, 0x0D, 0xEA, 0xFF, 0xFF, 0xFF, 0xFF,
0xFF, 0xFF, 0xFF, 0x77, 0x00, 0x89, 0xFF, 0xFF, 0xFF, 0xFF, 0xFF, 0xFF, 0xFF, 0xFF, 0xF0, 0x18,
0xE6, 0xFF, 0xFF, 0xFF, 0xFF, 0xFF, 0xFF, 0xFF, 0xFF, 0xFF, 0x65, 0x1D, 0x3F, 0x3F, 0x3F, 0x3F,
0x3F, 0x3F, 0x3F, 0x3F, 0x39, 0x03, 0x00, 0x00, 0x00, 0x08, 0x98, 0x9F, 0x4F, 0x00, 0x00, 0x00,
0x00, 0x00, 0x00, 0x00, 0x00, 0x37, 0x64, 0x0C, 0x00, 0x00, 0x00, 0x00, 0x00, 0x00, 0x00, 0x00,
0x1C, 0x55, 0x00, 0x00, 0x00, 0x00, 0x00, 0x00, 0x00, 0x00, 0x42, 0xC6, 0xFC, 0x78, 0x11, 0x00,
0x00, 0x00, 0x00, 0x00, 0x77, 0xFF, 0xFF, 0xFF, 0xFF, 0xDA, 0x19, 0x00, 0x00, 0x00, 0x26, 0xFB,
0xFF, 0xFF, 0xFF, 0xFF, 0xFF, 0xA0, 0x00, 0x00, 0x00, 0x69, 0xFF, 0xFF, 0xFF, 0xFF, 0xFF, 0xFF,
0xE8, 0x00, 0x00, 0x00, 0x85, 0xFF, 0xFF, 0xFF, 0xFF, 0xFF, 0xFF, 0xFF, 0x04, 0x00, 0x00, 0xAA,
0xFF, 0xFF, 0xFF, 0xFF, 0xFF, 0xFF, 0xFF, 0x29, 0x00, 0x0D, 0xEA, 0xFF, 0xFF, 0xFF, 0xFF, 0xFF,
0xFF, 0xFF, 0x77, 0x00, 0x89, 0xFF, 0xFF, 0xFF, 0xFF, 0xFF, 0xFF, 0xFF, 0xFF, 0xF0, 0x18, 0xE6,
0xFF, 0xFF, 0xFF, 0xFF, 0xFF, 0xFF, 0xFF, 0xFF, 0xFF, 0x65, 0x1D, 0x3F, 0x3F, 0x3F, 0x3F, 0x3F,
0x3F, 0x3F, 0x3F, 0x39, 0x03, 0x00, 0x00, 0x00, 0x08, 0x98, 0x9F, 0x4F, 0x00, 0x00, 0x00, 0x00,
0x00, 0x00, 0x00, 0x00, 0x37, 0x64, 0x0C, 0x00, 0x00, 0x00, 0x00, 0x00, 0x00, 0x00, 0x00, 0x39,
0xA5, 0x08, 0x4C, 0xA1, 0x00, 0x00, 0x00, 0x00, 0x00, 0x00, 0x00, 0x32, 0x0F, 0x92, 0xFF, 0xCB,
0xF7, 0xFF, 0x16, 0x2C, 0x13, 0x00, 0x00, 0x00, 0x00, 0xF5, 0xFB, 0xFA, 0xFF, 0xFF, 0xFF, 0xFF,
0xF5, 0xFF, 0x76, 0x00, 0x00, 0x00, 0x00, 0xBE, 0xFF, 0xFF, 0xFF, 0xFF, 0xFF, 0xFF, 0xFF, 0xFF,
0x40, 0x00, 0x00, 0x42, 0xC2, 0xFB, 0xFF, 0xFF, 0xFF, 0xFF, 0xFF, 0xFF, 0xFF, 0xFF, 0xE4, 0x96,
0x04, 0x43, 0xF9, 0xFF, 0xFF, 0xFF, 0xFF, 0xFF, 0xFF, 0xFF, 0xFF, 0xFF, 0xFF, 0xBD, 0x00, 0x00,
0x86, 0xFF, 0xFF, 0xFF, 0xFF, 0xFF, 0xFF, 0xFF, 0xFF, 0xFF, 0xF7, 0x12, 0x00, 0x42, 0xF8, 0xFF,
0xFF, 0xFF, 0xFF, 0xFF, 0xFF, 0xFF, 0xFF, 0xFF, 0xFF, 0xBB, 0x00, 0x46, 0xC9, 0xFC, 0xFF, 0xFF,
0xFF, 0xFF, 0xFF, 0xFF, 0xFF, 0xFF, 0xE8, 0x9E, 0x04, 0x00, 0x00, 0xBD, 0xFF, 0xFF, 0xFF, 0xFF,
0xFF, 0xFF, 0xFF, 0xFF, 0x3F, 0x00, 0x00, 0x00, 0x00, 0xF4, 0xFC, 0xFB, 0xFF, 0xFF, 0xFF, 0xFF,
0xF7, 0xFF, 0x75, 0x00, 0x00, 0x00, 0x00, 0x32, 0x10, 0x93, 0xFF, 0xD1, 0xF9, 0xFF, 0x18, 0x2E,
0x13, 0x00, 0x00, 0x00, 0x00, 0x00, 0x00, 0x3B, 0xA6, 0x0A, 0x4E, 0xA1, 0x00, 0x00, 0x00, 0x00,
0x00, 0x00, 0x00, 0x00, 0x00, 0x39, 0xA5, 0x08, 0x4C, 0xA1, 0x00, 0x00, 0x00, 0x00, 0x00, 0x00,
0x00, 0x32, 0x0F, 0x92, 0xFF, 0xCB, 0xF7, 0xFF, 0x16, 0x2C, 0x13, 0x00, 0x00, 0x00, 0x00, 0xF5,
0xFB, 0xFA, 0xFF, 0xFF, 0xFF, 0xFF, 0xF5, 0xFF, 0x76, 0x00, 0x00, 0x00, 0x00, 0xBE, 0xFF, 0xFF,
0xFF, 0xFF, 0xFF, 0xFF, 0xFF, 0xFF, 0x40, 0x00, 0x00, 0x42, 0xC2, 0xFB, 0xFF, 0xFF, 0xFF, 0xFF,
0xFF, 0xFF, 0xFF, 0xFF, 0xE4, 0x96, 0x04, 0x43, 0xF9, 0xFF, 0xFF, 0xFF, 0xFF, 0xFF, 0xFF, 0xFF,
0xFF, 0xFF, 0xFF, 0xBD, 0x00, 0x00, 0x86, 0xFF, 0xFF, 0xFF, 0xFF, 0xFF, 0xFF, 0xFF, 0xFF, 0xFF,
0xF7, 0x12, 0x00, 0x42, 0xF8, 0xFF, 0xFF, 0xFF, 0xFF, 0xFF, 0xFF, 0xFF, 0xFF, 0xFF, 0xFF, 0xBB,
0x00, 0x46, 0xC9, 0xFC, 0xFF, 0xFF, 0xFF, 0xFF, 0xFF, 0xFF, 0xFF, 0xFF, 0xE8, 0x9E, 0x04, 0x00,
0x00, 0xBD, 0xFF, 0xFF, 0xFF, 0xFF, 0xFF, 0xFF, 0xFF, 0xFF, 0x3F, 0x00, 0x00, 0x00, 0x00, 0xF4,
0xFC, 0xFB, 0xFF, 0xFF, 0xFF, 0xFF, 0xF7, 0xFF, 0x75, 0x00, 0x00, 0x00, 0x00, 0x32, 0x10, 0x93,
0xFF, 0xD1, 0xF9, 0xFF, 0x18, 0x2E, 0x13, 0x00, 0x00, 0x00, 0x00, 0x00, 0x00, 0x3B, 0xA6, 0x0A,
0x4E, 0xA1, 0x00, 0x00, 0x00, 0x00, 0x00, 0x00, 0x34, 0xC5, 0xF9, 0xD6, 0x2B, 0x28, 0x40, 0x40,
0x40, 0x40, 0x23, 0x2A, 0xF7, 0xFF, 0xFC, 0xFF, 0x92, 0xA0, 0xFF, 0xFF, 0xFF, 0xFF, 0xE5, 0xB6,
0xFF, 0xFF, 0x50, 0xFF, 0xA0, 0x28, 0x40, 0x40, 0x40, 0x40, 0x23, 0xF0, 0xFF, 0xFF, 0x40, 0xFF,
0x95, 0x73, 0xFF, 0xD2, 0x00, 0x00, 0x00, 0xFF, 0xFF, 0xFF, 0x73, 0x62, 0x1D, 0x2B, 0x7F, 0x59,
0x00, 0x00, 0x00, 0xF1, 0xFF, 0xFF, 0xFF, 0x8C, 0x66, 0xC0, 0xB2, 0x13, 0x00, 0x00, 0x00, 0xBA,
0xFF, 0xFF, 0xFF, 0xA0, 0x67, 0xC0, 0xB3, 0x13, 0x00, 0x00, 0x00, 0x31, 0xF9, 0xFF, 0xF4, 0x38,
0x7C, 0x7C, 0x1C, 0x00, 0x00, 0x00, 0x00, 0x00, 0x31, 0xBA, 0xC7, 0x56, 0xFC, 0xFC, 0x56, 0x00,
0x00, 0x00, 0x00, 0x00, 0x34, 0xC5, 0xF9, 0xD6, 0x2B, 0x28, 0x40, 0x40, 0x40, 0x40, 0x23, 0x2A,
0xF7, 0xFF, 0xFC, 0xFF, 0x92, 0xA0, 0xFF, 0xFF, 0xFF, 0xFF, 0xE5, 0xB6, 0xFF, 0xFF, 0x50, 0xFF,
0xA0, 0x28, 0x40, 0x40, 0x40, 0x40, 0x23, 0xF0, 0xFF, 0xFF, 0x40, 0xFF, 0x95, 0x73, 0xFF, 0xD2,
0x00, 0x00, 0x00, 0xFF, 0xFF, 0xFF, 0x73, 0x62, 0x1D, 0x2B, 0x7F, 0x59, 0x00, 0x00, 0x00, 0xF1,
0xFF, 0xFF, 0xFF, 0x8C, 0x66, 0xC0, 0xB2, 0x13, 0x00, 0x00, 0x00, 0xBA, 0xFF, 0xFF, 0xFF, 0xA0,
0x67, 0xC0, 0xB3, 0x13, 0x00, 0x00, 0x00, 0x31, 0xF9, 0xFF, 0xF4, 0x38, 0x7C, 0x7C, 0x1C, 0x00,
0x00, 0x00, 0x00, 0x00, 0x31, 0xBA, 0xC7, 0x56, 0xFC, 0xFC, 0x56, 0x00, 0x00, 0x00, 0x00, 0x23,
0x3F, 0x3F, 0x3F, 0x3F, 0x27, 0x2C, 0xD7, 0xF9, 0xC5, 0x36, 0x00, 0xE6, 0xFF, 0xFF, 0xFF, 0xFF,
0x9F, 0x92, 0xFF, 0xFB, 0xFF, 0xF6, 0x27, 0x23, 0x3F, 0x3F, 0x3F, 0x3F, 0x27, 0x9F, 0xFF, 0x50,
0xFF, 0xFF, 0xB3, 0x00, 0x00, 0x00, 0xD3, 0xFF, 0x73, 0x95, 0xFF, 0x3F, 0xFF, 0xFF, 0xEF, 0x00,
0x00, 0x00, 0x5A, 0x7F, 0x2A, 0x1D, 0x62, 0x73, 0xFF, 0xFF, 0xFF, 0x00, 0x00, 0x00, 0x13, 0xB2,
0xBF, 0x65, 0x8D, 0xFF, 0xFF, 0xFF, 0xF1, 0x00, 0x00, 0x00, 0x13, 0xB3, 0xBF, 0x66, 0xA3, 0xFF,
0xFF, 0xFF, 0xB9, 0x00, 0x00, 0x00, 0x00, 0x1C, 0x7C, 0x7C, 0x38, 0xF4, 0xFF, 0xF9, 0x30, 0x00,
0x00, 0x00, 0x00, 0x56, 0xFC, 0xFC, 0x56, 0xC9, 0xBA, 0x30, 0x00, 0x23, 0x3F, 0x3F, 0x3F, 0x3F,
0x27, 0x2C, 0xD7, 0xF9, 0xC5, 0x36, 0x00, 0xE6, 0xFF, 0xFF, 0xFF, 0xFF, 0x9F, 0x92, 0xFF, 0xFB,
0xFF, 0xF6, 0x27, 0x23, 0x3F, 0x3F, 0x3F, 0x3F, 0x27, 0x9F, 0xFF, 0x50, 0xFF, 0xFF, 0xB3, 0x00,
0x00, 0x00, 0xD3, 0xFF, 0x73, 0x95, 0xFF, 0x3F, 0xFF, 0xFF, 0xEF, 0x00, 0x00, 0x00, 0x5A, 0x7F,
0x2A, 0x1D, 0x62, 0x73, 0xFF, 0xFF, 0xFF, 0x00, 0x00, 0x00, 0x13, 0xB2, 0xBF, 0x65, 0x8D, 0xFF,
0xFF, 0xFF, 0xF1, 0x00, 0x00, 0x00, 0x13, 0xB3, 0xBF, 0x66, 0xA3, 0xFF, 0xFF, 0xFF, 0xB9, 0x00,
0x00, 0x00, 0x00, 0x1C, 0x7C, 0x7C, 0x38, 0xF4, 0xFF, 0xF9, 0x30, 0x00, 0x00, 0x00, 0x00, 0x56,
0xFC, 0xFC, 0x56, 0xC9, 0xBA, 0x30, 0x00, 0x06, 0x65, 0x06, 0x00, 0x00, 0x00, 0x00, 0x00, 0x00,
0x3C, 0xFF, 0x3C, 0x00, 0x00, 0x00, 0x00, 0x00, 0x00, 0x40, 0xFF, 0x40, 0x00, 0x00, 0x00, 0x00,
0x00, 0x00, 0x40, 0xFF, 0x40, 0x56, 0x1C, 0x00, 0x00, 0x00, 0x00, 0x40, 0xFF, 0x40, 0xFC, 0x7C,
0x66, 0x66, 0x00, 0x00, 0x40, 0xFF, 0x40, 0xE9, 0x69, 0xC0, 0xC0, 0x59, 0xD2, 0x08, 0x34, 0x28,
0x20, 0x00, 0xB3, 0xB2, 0x80, 0xFF, 0x8B, 0xFD, 0xFF, 0xFE, 0x55, 0x29, 0x34, 0x5A, 0xD3, 0xF8,
0xFF, 0xC8, 0xB5, 0x3B, 0xF6, 0xFF, 0x8F, 0x53, 0xE6, 0xFB, 0x87, 0x8A, 0xE0, 0xFF, 0xFF, 0xFF,
0xD8, 0x89, 0xFF, 0xFF, 0xFF, 0xFF, 0xFF, 0xFF, 0xFF, 0x7E, 0x07, 0xA4, 0xFF, 0xFF, 0xFF, 0xFF,
0xFF, 0xA9, 0x05, 0x00, 0x00, 0x37, 0x70, 0x80, 0x71, 0x3A, 0x00, 0x00, 0x06, 0x65, 0x06, 0x00,
0x00, 0x00, 0x00, 0x00, 0x00, 0x3C, 0xFF, 0x3C, 0x00, 0x00, 0x00, 0x00, 0x00, 0x00, 0x40, 0xFF,
0x40, 0x00, 0x00, 0x00, 0x00, 0x00, 0x00, 0x40, 0xFF, 0x40, 0x56, 0x1C, 0x00, 0x00, 0x00, 0x00,
0x40, 0xFF, 0x40, 0xFC, 0x7C, 0x66, 0x66, 0x00, 0x00, 0x40, 0xFF, 0x40, 0xE9, 0x69, 0xC0, 0xC0,
0x59, 0xD2, 0x08, 0x34, 0x28, 0x20, 0x00, 0xB3, 0xB2, 0x80, 0xFF, 0x8B, 0xFD, 0xFF, 0xFE, 0x55,
0x29, 0x34, 0x5A, 0xD3, 0xF8, 0xFF, 0xC8, 0xB5, 0x3B, 0xF6, 0xFF, 0x8F, 0x53, 0xE6, 0xFB, 0x87,
0x8A, 0xE0, 0xFF, 0xFF, 0xFF, 0xD8, 0x89, 0xFF, 0xFF, 0xFF, 0xFF, 0xFF, 0xFF, 0xFF, 0x7E, 0x07,
0xA4, 0xFF, 0xFF, 0xFF, 0xFF, 0xFF, 0xA9, 0x05, 0x00, 0x00, 0x37, 0x70, 0x80, 0x71, 0x3A, 0x00,
0x00, 0x00, 0x00, 0x34, 0x6F, 0x7F, 0x70, 0x38, 0x00, 0x00, 0x05, 0x9F, 0xFF, 0xFF, 0xFF, 0xFF,
0xFF, 0xA9, 0x05, 0x84, 0xFF, 0xFF, 0xFF, 0xFF, 0xFF, 0xFF, 0xFF, 0x7E, 0xE5, 0xFC, 0x88, 0x8A,
0xE0, 0xFF, 0xFF, 0xFF, 0xD7, 0xF8, 0xFF, 0xC7, 0xB5, 0x3B, 0xF6, 0xFF, 0x90, 0x56, 0x8C, 0xFE,
0xFF, 0xFF, 0x56, 0x2A, 0x36, 0x59, 0xD2, 0x07, 0x34, 0x27, 0x20, 0x00, 0xB3, 0xB2, 0x7F, 0xFF,
0x3F, 0xFF, 0x3F, 0xE9, 0x69, 0xBF, 0xBF, 0x5A, 0xD3, 0x3F, 0xFF, 0x3F, 0xFC, 0x7C, 0x67, 0x66,
0x00, 0x00, 0x3F, 0xFF, 0x3F, 0x56, 0x1C, 0x00, 0x00, 0x00, 0x00, 0x3F, 0xFF, 0x3F, 0x00, 0x00,
0x00, 0x00, 0x00, 0x00, 0x3C, 0xFF, 0x3C, 0x00, 0x00, 0x00, 0x00, 0x00, 0x00, 0x06, 0x66, 0x06,
0x00, 0x00, 0x00, 0x00, 0x00, 0x00, 0x00, 0x00, 0x34, 0x6F, 0x7F, 0x70, 0x38, 0x00, 0x00, 0x05,
0x9F, 0xFF, 0xFF, 0xFF, 0xFF, 0xFF, 0xA9, 0x05, 0x84, 0xFF, 0xFF, 0xFF, 0xFF, 0xFF, 0xFF, 0xFF,
0x7E, 0xE5, 0xFC, 0x88, 0x8A, 0xE0, 0xFF, 0xFF, 0xFF, 0xD7, 0xF8, 0xFF, 0xC7, 0xB5, 0x3B, 0xF6,
0xFF, 0x90, 0x56, 0x8C, 0xFE, 0xFF, 0xFF, 0x56, 0x2A, 0x36, 0x59, 0xD2, 0x07, 0x34, 0x27, 0x20,
0x00, 0xB3, 0xB2, 0x7F, 0xFF, 0x3F, 0xFF, 0x3F, 0xE9, 0x69, 0xBF, 0xBF, 0x5A, 0xD3, 0x3F, 0xFF,
0x3F, 0xFC, 0x7C, 0x67, 0x66, 0x00, 0x00, 0x3F, 0xFF, 0x3F, 0x56, 0x1C, 0x00, 0x00, 0x00, 0x00,
0x3F, 0xFF, 0x3F, 0x00, 0x00, 0x00, 0x00, 0x00, 0x00, 0x3C, 0xFF, 0x3C, 0x00, 0x00, 0x00, 0x00,
0x00, 0x00, 0x06, 0x66, 0x06, 0x00, 0x00, 0x00, 0x00, 0x00, 0x00, 0x00, 0x00, 0x00, 0x04, 0x30,
0x64, 0x65, 0x30, 0x04, 0x00, 0x00, 0x00, 0x00, 0x00, 0x3E, 0xDD, 0xFF, 0xFF, 0xFF, 0xFF, 0xDC,
0x3C, 0x00, 0x00, 0x00, 0x61, 0xFD, 0xFF, 0xFF, 0xFF, 0xFF, 0xFF, 0xFF, 0xFD, 0x5F, 0x00, 0x20,
0xF3, 0xFF, 0xFF, 0xFF, 0xFF, 0xFF, 0xFF, 0xFF, 0xFF, 0xF2, 0x1F, 0x97, 0xFF, 0xFF, 0xFF, 0xBA,
0x3C, 0xFF, 0xFF, 0xFF, 0xFF, 0xFF, 0x95, 0xCC, 0xFF, 0xFF, 0xBA, 0x09, 0x91, 0xEF, 0xEF, 0xF7,
0xFF, 0xFF, 0xCA, 0xF3, 0xFF, 0xFF, 0x1B, 0x00, 0x00, 0x00, 0x00, 0x21, 0xFF, 0xFF, 0xF2, 0xCC,
0xFF, 0xFF, 0xB7, 0x08, 0x93, 0xEF, 0xEF, 0xF7, 0xFF, 0xFF, 0xCA, 0x97, 0xFF, 0xFF, 0xFF, 0xB7,
0x3A, 0xFF, 0xFF, 0xFF, 0xFF, 0xFF, 0x95, 0x21, 0xF3, 0xFF, 0xFF, 0xFF, 0xFF, 0xFF, 0xFF, 0xFF,
0xFF, 0xF2, 0x20, 0x00, 0x62, 0xFE, 0xFF, 0xFF, 0xFF, 0xFF, 0xFF, 0xFF, 0xFE, 0x60, 0x00, 0x00,
0x00, 0x40, 0xDF, 0xFF, 0xFF, 0xFF, 0xFF, 0xDE, 0x3F, 0x00, 0x00, 0x00, 0x00, 0x00, 0x05, 0x33,
0x66, 0x66, 0x32, 0x05, 0x00, 0x00, 0x00, 0x00, 0x00, 0x00, 0x04, 0x30, 0x64, 0x65, 0x30, 0x04,
0x00, 0x00, 0x00, 0x00, 0x00, 0x3E, 0xDD, 0xFF, 0xFF, 0xFF, 0xFF, 0xDC, 0x3C, 0x00, 0x00, 0x00,
0x61, 0xFD, 0xFF, 0xFF, 0xFF, 0xFF, 0xFF, 0xFF, 0xFD, 0x5F, 0x00, 0x20, 0xF3, 0xFF, 0xFF, 0xFF,
0xFF, 0xFF, 0xFF, 0xFF, 0xFF, 0xF2, 0x1F, 0x97, 0xFF, 0xFF, 0xFF, 0xBA, 0x3C, 0xFF, 0xFF, 0xFF,
0xFF, 0xFF, 0x95, 0xCC, 0xFF, 0xFF, 0xBA, 0x09, 0x91, 0xEF, 0xEF, 0xF7, 0xFF, 0xFF, 0xCA, 0xF3,
0xFF, 0xFF, 0x1B, 0x00, 0x00, 0x00, 0x00, 0x21, 0xFF, 0xFF, 0xF2, 0xCC, 0xFF, 0xFF, 0xB7, 0x08,
0x93, 0xEF, 0xEF, 0xF7, 0xFF, 0xFF, 0xCA, 0x97, 0xFF, 0xFF, 0xFF, 0xB7, 0x3A, 0xFF, 0xFF, 0xFF,
0xFF, 0xFF, 0x95, 0x21, 0xF3, 0xFF, 0xFF, 0xFF, 0xFF, 0xFF, 0xFF, 0xFF, 0xFF, 0xF2, 0x20, 0x00,
0x62, 0xFE, 0xFF, 0xFF, 0xFF, 0xFF, 0xFF, 0xFF, 0xFE, 0x60, 0x00, 0x00, 0x00, 0x40, 0xDF, 0xFF,
0xFF, 0xFF, 0xFF, 0xDE, 0x3F, 0x00, 0x00, 0x00, 0x00, 0x00, 0x05, 0x33, 0x66, 0x66, 0x32, 0x05,
0x00, 0x00, 0x00, 0x00, 0x00, 0x00, 0x04, 0x30, 0x64, 0x65, 0x30, 0x04, 0x00, 0x00, 0x00, 0x00,
0x00, 0x3E, 0xDD, 0xFF, 0xFF, 0xFF, 0xFF, 0xDC, 0x3C, 0x00, 0x00, 0x00, 0x61, 0xFD, 0xFF, 0xFF,
0xFF, 0xFF, 0xFF, 0xFF, 0xFD, 0x5F, 0x00, 0x20, 0xF3, 0xFF, 0xFF, 0xFF, 0xFF, 0xFF, 0xFF, 0xFF,
0xFF, 0xF2, 0x1F, 0x97, 0xFF, 0xFF, 0xFF, 0xFF, 0xFF, 0x3A, 0xBE, 0xFF, 0xFF, 0xFF, 0x95, 0xCC,
0xFF, 0xFF, 0xF7, 0xEF, 0xEF, 0x8F, 0x0B, 0xBE, 0xFF, 0xFF, 0xCA, 0xF3, 0xFF, 0xFF, 0x20, 0x00,
0x00, 0x00, 0x00, 0x1E, 0xFF, 0xFF, 0xF2, 0xCC, 0xFF, 0xFF, 0xF7, 0xEF, 0xEF, 0x91, 0x09, 0xBA,
0xFF, 0xFF, 0xCA, 0x97, 0xFF, 0xFF, 0xFF, 0xFF, 0xFF, 0x38, 0xBA, 0xFF, 0xFF, 0xFF, 0x95, 0x21,
0xF3, 0xFF, 0xFF, 0xFF, 0xFF, 0xFF, 0xFF, 0xFF, 0xFF, 0xF2, 0x20, 0x00, 0x62, 0xFE, 0xFF, 0xFF,
0xFF, 0xFF, 0xFF, 0xFF, 0xFE, 0x60, 0x00, 0x00, 0x00, 0x40, 0xDF, 0xFF, 0xFF, 0xFF, 0xFF, 0xDE,
0x3F, 0x00, 0x00, 0x00, 0x00, 0x00, 0x05, 0x33, 0x66, 0x66, 0x32, 0x05, 0x00, 0x00, 0x00, 0x00,
0x00, 0x00, 0x04, 0x30, 0x64, 0x65, 0x30, 0x04, 0x00, 0x00, 0x00, 0x00, 0x00, 0x3E, 0xDD, 0xFF,
0xFF, 0xFF, 0xFF, 0xDC, 0x3C, 0x00, 0x00, 0x00, 0x61, 0xFD, 0xFF, 0xFF, 0xFF, 0xFF, 0xFF, 0xFF,
0xFD, 0x5F, 0x00, 0x20, 0xF3, 0xFF, 0xFF, 0xFF, 0xFF, 0xFF, 0xFF, 0xFF, 0xFF, 0xF2, 0x1F, 0x97,
0xFF, 0xFF, 0xFF, 0xFF, 0xFF, 0x3A, 0xBE, 0xFF, 0xFF, 0xFF, 0x95, 0xCC, 0xFF, 0xFF, 0xF7, 0xEF,
0xEF, 0x8F, 0x0B, 0xBE, 0xFF, 0xFF, 0xCA, 0xF3, 0xFF, 0xFF, 0x20, 0x00, 0x00, 0x00, 0x00, 0x1E,
0xFF, 0xFF, 0xF2, 0xCC, 0xFF, 0xFF, 0xF7, 0xEF, 0xEF, 0x91, 0x09, 0xBA, 0xFF, 0xFF, 0xCA, 0x97,
0xFF, 0xFF, 0xFF, 0xFF, 0xFF, 0x38, 0xBA, 0xFF, 0xFF, 0xFF, 0x95, 0x21, 0xF3, 0xFF, 0xFF, 0xFF,
0xFF, 0xFF, 0xFF, 0xFF, 0xFF, 0xF2, 0x20, 0x00, 0x62, 0xFE, 0xFF, 0xFF, 0xFF, 0xFF, 0xFF, 0xFF,
0xFE, 0x60, 0x00, 0x00, 0x00, 0x40, 0xDF, 0xFF, 0xFF, 0xFF, 0xFF, 0xDE, 0x3F, 0x00, 0x00, 0x00,
0x00, 0x00, 0x05, 0x33, 0x66, 0x66, 0x32, 0x05, 0x00, 0x00, 0x00, 0x00, 0x00, 0x00, 0x04, 0x30,
0x64, 0x65, 0x30, 0x04, 0x00, 0x00, 0x00, 0x00, 0x00, 0x3E, 0xDD, 0xFF, 0xFF, 0xFF, 0xFF, 0xDC,
0x3C, 0x00, 0x00, 0x00, 0x61, 0xFD, 0xFF, 0xFF, 0xFF, 0xFF, 0xFF, 0xFF, 0xFD, 0x5F, 0x00, 0x20,
0xF3, 0xFF, 0xFF, 0xFF, 0xC7, 0xC9, 0xFF, 0xFF, 0xFF, 0xF2, 0x1F, 0x97, 0xFF, 0xFF, 0xFF, 0xBA,
0x09, 0x0A, 0xBE, 0xFF, 0xFF, 0xFF, 0x95, 0xCC, 0xFF, 0xFF, 0xCB, 0x0B, 0x28, 0x27, 0x0C, 0xCD,
0xFF, 0xFF, 0xCA, 0xF3, 0xFF, 0xFF, 0xDD, 0xB7, 0x6F, 0x6F, 0xB6, 0xDF, 0xFF, 0xFF, 0xF2, 0xCC,
0xFF, 0xFF, 0xFF, 0xFF, 0x6F, 0x6F, 0xFF, 0xFF, 0xFF, 0xFF, 0xCA, 0x97, 0xFF, 0xFF, 0xFF, 0xFF,
0x70, 0x70, 0xFF, 0xFF, 0xFF, 0xFF, 0x95, 0x21, 0xF3, 0xFF, 0xFF, 0xFF, 0xCF, 0xCF, 0xFF, 0xFF,
0xFF, 0xF2, 0x20, 0x00, 0x62, 0xFE, 0xFF, 0xFF, 0xFF, 0xFF, 0xFF, 0xFF, 0xFE, 0x60, 0x00, 0x00,
0x00, 0x40, 0xDF, 0xFF, 0xFF, 0xFF, 0xFF, 0xDE, 0x3F, 0x00, 0x00, 0x00, 0x00, 0x00, 0x05, 0x33,
0x66, 0x66, 0x32, 0x05, 0x00, 0x00, 0x00, 0x00, 0x00, 0x00, 0x04, 0x30, 0x64, 0x65, 0x30, 0x04,
0x00, 0x00, 0x00, 0x00, 0x00, 0x3E, 0xDD, 0xFF, 0xFF, 0xFF, 0xFF, 0xDC, 0x3C, 0x00, 0x00, 0x00,
0x61, 0xFD, 0xFF, 0xFF, 0xFF, 0xFF, 0xFF, 0xFF, 0xFD, 0x5F, 0x00, 0x20, 0xF3, 0xFF, 0xFF, 0xFF,
0xC7, 0xC9, 0xFF, 0xFF, 0xFF, 0xF2, 0x1F, 0x97, 0xFF, 0xFF, 0xFF, 0xBA, 0x09, 0x0A, 0xBE, 0xFF,
0xFF, 0xFF, 0x95, 0xCC, 0xFF, 0xFF, 0xCB, 0x0B, 0x28, 0x27, 0x0C, 0xCD, 0xFF, 0xFF, 0xCA, 0xF3,
0xFF, 0xFF, 0xDD, 0xB7, 0x6F, 0x6F, 0xB6, 0xDF, 0xFF, 0xFF, 0xF2, 0xCC, 0xFF, 0xFF, 0xFF, 0xFF,
0x6F, 0x6F, 0xFF, 0xFF, 0xFF, 0xFF, 0xCA, 0x97, 0xFF, 0xFF, 0xFF, 0xFF, 0x70, 0x70, 0xFF, 0xFF,
0xFF, 0xFF, 0x95, 0x21, 0xF3, 0xFF, 0xFF, 0xFF, 0xCF, 0xCF, 0xFF, 0xFF, 0xFF, 0xF2, 0x20, 0x00,
0x62, 0xFE, 0xFF, 0xFF, 0xFF, 0xFF, 0xFF, 0xFF, 0xFE, 0x60, 0x00, 0x00, 0x00, 0x40, 0xDF, 0xFF,
0xFF, 0xFF, 0xFF, 0xDE, 0x3F, 0x00, 0x00, 0x00, 0x00, 0x00, 0x05, 0x33, 0x66, 0x66, 0x32, 0x05,
0x00, 0x00, 0x00, 0x00, 0x00, 0x00, 0x04, 0x30, 0x64, 0x65, 0x30, 0x04, 0x00, 0x00, 0x00, 0x00,
0x00, 0x3E, 0xDD, 0xFF, 0xFF, 0xFF, 0xFF, 0xDC, 0x3C, 0x00, 0x00, 0x00, 0x61, 0xFD, 0xFF, 0xFF,
0xFF, 0xFF, 0xFF, 0xFF, 0xFD, 0x5F, 0x00, 0x20, 0xF3, 0xFF, 0xFF, 0xFF, 0xD0, 0xD0, 0xFF, 0xFF,
0xFF, 0xF2, 0x1F, 0x97, 0xFF, 0xFF, 0xFF, 0xFF, 0x70, 0x70, 0xFF, 0xFF, 0xFF, 0xFF, 0x95, 0xCC,
0xFF, 0xFF, 0xFF, 0xFF, 0x6F, 0x6F, 0xFF, 0xFF, 0xFF, 0xFF, 0xCA, 0xF3, 0xFF, 0xFF, 0xDE, 0xBA,
0x6F, 0x6F, 0xB8, 0xE0, 0xFF, 0xFF, 0xF2, 0xCC, 0xFF, 0xFF, 0xC9, 0x0A, 0x28, 0x28, 0x0B, 0xCB,
0xFF, 0xFF, 0xCA, 0x97, 0xFF, 0xFF, 0xFF, 0xB7, 0x07, 0x09, 0xBA, 0xFF, 0xFF, 0xFF, 0x95, 0x21,
0xF3, 0xFF, 0xFF, 0xFF, 0xC4, 0xC7, 0xFF, 0xFF, 0xFF, 0xF2, 0x20, 0x00, 0x62, 0xFE, 0xFF, 0xFF,
0xFF, 0xFF, 0xFF, 0xFF, 0xFE, 0x60, 0x00, 0x00, 0x00, 0x40, 0xDF, 0xFF, 0xFF, 0xFF, 0xFF, 0xDE,
0x3F, 0x00, 0x00, 0x00, 0x00, 0x00, 0x05, 0x33, 0x66, 0x66, 0x32, 0x05, 0x00, 0x00, 0x00, 0x00,
0x00, 0x00, 0x04, 0x30, 0x64, 0x65, 0x30, 0x04, 0x00, 0x00, 0x00, 0x00, 0x00, 0x3E, 0xDD, 0xFF,
0xFF, 0xFF, 0xFF, 0xDC, 0x3C, 0x00, 0x00, 0x00, 0x61, 0xFD, 0xFF, 0xFF, 0xFF, 0xFF, 0xFF, 0xFF,
0xFD, 0x5F, 0x00, 0x20, 0xF3, 0xFF, 0xFF, 0xFF, 0xD0, 0xD0, 0xFF, 0xFF, 0xFF, 0xF2, 0x1F, 0x97,
0xFF, 0xFF, 0xFF, 0xFF, 0x70, 0x70, 0xFF, 0xFF, 0xFF, 0xFF, 0x95, 0xCC, 0xFF, 0xFF, 0xFF, 0xFF,
0x6F, 0x6F, 0xFF, 0xFF, 0xFF, 0xFF, 0xCA, 0xF3, 0xFF, 0xFF, 0xDE, 0xBA, 0x6F, 0x6F, 0xB8, 0xE0,
0xFF, 0xFF, 0xF2, 0xCC, 0xFF, 0xFF, 0xC9, 0x0A, 0x28, 0x28, 0x0B, 0xCB, 0xFF, 0xFF, 0xCA, 0x97,
0xFF, 0xFF, 0xFF, 0xB7, 0x07, 0x09, 0xBA, 0xFF, 0xFF, 0xFF, 0x95, 0x21, 0xF3, 0xFF, 0xFF, 0xFF,
0xC4, 0xC7, 0xFF, 0xFF, 0xFF, 0xF2, 0x20, 0x00, 0x62, 0xFE, 0xFF, 0xFF, 0xFF, 0xFF, 0xFF, 0xFF,
0xFE, 0x60, 0x00, 0x00, 0x00, 0x40, 0xDF, 0xFF, 0xFF, 0xFF, 0xFF, 0xDE, 0x3F, 0x00, 0x00, 0x00,
0x00, 0x00, 0x05, 0x33, 0x66, 0x66, 0x32, 0x05, 0x00, 0x00, 0x00, 0x00, 0x00, 0x00, 0x03, 0x00,
0x34, 0x35, 0x00, 0x03, 0x00, 0x00, 0x00, 0x00, 0x00, 0x4F, 0x97, 0x1A, 0xF1, 0xF2, 0x1B, 0x96,
0x51, 0x00, 0x00, 0x00, 0x65, 0xFE, 0x50, 0x84, 0xFF, 0xFF, 0x84, 0x4E, 0xFE, 0x68, 0x00, 0x24,
0xF9, 0xFB, 0x06, 0xD8, 0xFF, 0xFF, 0xD9, 0x04, 0xFA, 0xFA, 0x26, 0x9A, 0xFF, 0xDA, 0x0B, 0xFF,
0xFF, 0xFF, 0xFF, 0x0D, 0xD8, 0xFF, 0x9C, 0xCA, 0xEF, 0xAA, 0x29, 0xEF, 0xEF, 0xEF, 0xEF, 0x2C,
0xA7, 0xEF, 0xCD, 0x00, 0x00, 0x00, 0x00, 0x00, 0x00, 0x00, 0x00, 0x00, 0x00, 0x00, 0x00, 0xCA,
0xEF, 0xAA, 0x29, 0xEF, 0xEF, 0xEF, 0xEF, 0x2C, 0xA7, 0xEF, 0xCD, 0x9B, 0xFF, 0xDA, 0x0B, 0xFF,
0xFF, 0xFF, 0xFF, 0x0E, 0xD8, 0xFF, 0x9E, 0x26, 0xFA, 0xFB, 0x05, 0xD7, 0xFF, 0xFF, 0xDB, 0x04,
0xFA, 0xFA, 0x28, 0x00, 0x69, 0xFE, 0x4E, 0x82, 0xFF, 0xFF, 0x88, 0x4D, 0xFE, 0x6C, 0x00, 0x00,
0x00, 0x54, 0x99, 0x15, 0xEA, 0xEC, 0x18, 0x98, 0x56, 0x00, 0x00, 0x00, 0x00, 0x00, 0x04, 0x00,
0x33, 0x35, 0x00, 0x04, 0x00, 0x00, 0x00, 0x00, 0x00, 0x00, 0x03, 0x00, 0x34, 0x35, 0x00, 0x03,
0x00, 0x00, 0x00, 0x00, 0x00, 0x4F, 0x97, 0x1A, 0xF1, 0xF2, 0x1B, 0x96, 0x51, 0x00, 0x00, 0x00,
0x65, 0xFE, 0x50, 0x84, 0xFF, 0xFF, 0x84, 0x4E, 0xFE, 0x68, 0x00, 0x24, 0xF9, 0xFB, 0x06, 0xD8,
0xFF, 0xFF, 0xD9, 0x04, 0xFA, 0xFA, 0x26, 0x9A, 0xFF, 0xDA, 0x0B, 0xFF, 0xFF, 0xFF, 0xFF, 0x0D,
0xD8, 0xFF, 0x9C, 0xCA, 0xEF, 0xAA, 0x29, 0xEF, 0xEF, 0xEF, 0xEF, 0x2C, 0xA7, 0xEF, 0xCD, 0x00,
0x00, 0x00, 0x00, 0x00, 0x00, 0x00, 0x00, 0x00, 0x00, 0x00, 0x00, 0xCA, 0xEF, 0xAA, 0x29, 0xEF,
0xEF, 0xEF, 0xEF, 0x2C, 0xA7, 0xEF, 0xCD, 0x9B, 0xFF, 0xDA, 0x0B, 0xFF, 0xFF, 0xFF, 0xFF, 0x0E,
0xD8, 0xFF, 0x9E, 0x26, 0xFA, 0xFB, 0x05, 0xD7, 0xFF, 0xFF, 0xDB, 0x04, 0xFA, 0xFA, 0x28, 0x00,
0x69, 0xFE, 0x4E, 0x82, 0xFF, 0xFF, 0x88, 0x4D, 0xFE, 0x6C, 0x00, 0x00, 0x00, 0x54, 0x99, 0x15,
0xEA, 0xEC, 0x18, 0x98, 0x56, 0x00, 0x00, 0x00, 0x00, 0x00, 0x04, 0x00, 0x33, 0x35, 0x00, 0x04,
0x00, 0x00, 0x00, 0x00, 0x00, 0x00, 0x00, 0x00, 0x00, 0x00, 0x24, 0x65, 0x66, 0x1C, 0x00, 0x00,
0x00, 0x00, 0x00, 0x00, 0x00, 0x00, 0x74, 0xFA, 0xFF, 0xF8, 0x3E, 0x00, 0x00, 0x00, 0x00, 0x00,
0x00, 0x00, 0x40, 0xFE, 0xFF, 0xF8, 0x47, 0x00, 0x07, 0x1B, 0x00, 0x00, 0x00, 0x00, 0x00, 0x9A,
0xFF, 0xFF, 0x62, 0x00, 0x07, 0xB8, 0x9D, 0x00, 0x00, 0x00, 0x00, 0x00, 0xB3, 0xFF, 0xFF, 0x52,
0x0A, 0xB8, 0xFF, 0xAF, 0x00, 0x00, 0x00, 0x00, 0x02, 0xBB, 0xFF, 0xFF, 0xFF, 0xFF, 0xFF, 0xFF,
0x79, 0x00, 0x00, 0x00, 0x02, 0xA1, 0xFF, 0xFF, 0xFF, 0xFF, 0xFF, 0xFF, 0xDD, 0x0C, 0x00, 0x00,
0x02, 0xA1, 0xFF, 0xFF, 0xFF, 0xF3, 0xEC, 0xE6, 0xA0, 0x15, 0x00, 0x00, 0x02, 0xA1, 0xFF, 0xFF,
0xFF, 0xEF, 0x34, 0x00, 0x00, 0x00, 0x00, 0x00, 0x00, 0xA1, 0xFF, 0xFF, 0xFF, 0xEF, 0x34, 0x00,
0x00, 0x00, 0x00, 0x00, 0x00, 0x3D, 0xFF, 0xFF, 0xFF, 0xEF, 0x34, 0x00, 0x00, 0x00, 0x00, 0x00,
0x00, 0x00, 0x3E, 0xFF, 0xFF, 0xEF, 0x34, 0x00, 0x00, 0x00, 0x00, 0x00, 0x00, 0x00, 0x00, 0x00,
0x63, 0x91, 0x26, 0x00, 0x00, 0x00, 0x00, 0x00, 0x00, 0x00, 0x00, 0x00, 0x00, 0x00, 0x00, 0x00,
0x00, 0x00, 0x00, 0x24, 0x65, 0x66, 0x1C, 0x00, 0x00, 0x00, 0x00, 0x00, 0x00, 0x00, 0x00, 0x74,
0xFA, 0xFF, 0xF8, 0x3E, 0x00, 0x00, 0x00, 0x00, 0x00, 0x00, 0x00, 0x40, 0xFE, 0xFF, 0xF8, 0x47,
0x00, 0x07, 0x1B, 0x00, 0x00, 0x00, 0x00, 0x00, 0x9A, 0xFF, 0xFF, 0x62, 0x00, 0x07, 0xB8, 0x9D,
0x00, 0x00, 0x00, 0x00, 0x00, 0xB3, 0xFF, 0xFF, 0x52, 0x0A, 0xB8, 0xFF, 0xAF, 0x00, 0x00, 0x00,
0x00, 0x02, 0xBB, 0xFF, 0xFF, 0xFF, 0xFF, 0xFF, 0xFF, 0x79, 0x00, 0x00, 0x00, 0x02, 0xA1, 0xFF,
0xFF, 0xFF, 0xFF, 0xFF, 0xFF, 0xDD, 0x0C, 0x00, 0x00, 0x02, 0xA1, 0xFF, 0xFF, 0xFF, 0xF3, 0xEC,
0xE6, 0xA0, 0x15, 0x00, 0x00, 0x02, 0xA1, 0xFF, 0xFF, 0xFF, 0xEF, 0x34, 0x00, 0x00, 0x00, 0x00,
0x00, 0x00, 0xA1, 0xFF, 0xFF, 0xFF, 0xEF, 0x34, 0x00, 0x00, 0x00, 0x00, 0x00, 0x00, 0x3D, 0xFF,
0xFF, 0xFF, 0xEF, 0x34, 0x00, 0x00, 0x00, 0x00, 0x00, 0x00, 0x00, 0x3E, 0xFF, 0xFF, 0xEF, 0x34,
0x00, 0x00, 0x00, 0x00, 0x00, 0x00, 0x00, 0x00, 0x00, 0x63, 0x91, 0x26, 0x00, 0x00, 0x00, 0x00,
0x00, 0x00, 0x00, 0x00, 0x00, 0x00, 0x00, 0x86, 0x30, 0x00, 0x00, 0x00, 0x00, 0x00, 0x00, 0x00,
0x00, 0xA9, 0x81, 0xED, 0x19, 0x00, 0x92, 0xFF, 0xFF, 0xFF, 0xFF, 0xFF, 0xD2, 0x7E, 0xFF, 0x54,
0x00, 0x00, 0x3A, 0x80, 0x80, 0x80, 0x80, 0x80, 0x59, 0x00, 0x23, 0x00, 0x00, 0x00, 0x00, 0x00,
0x00, 0x00, 0x00, 0x00, 0x00, 0x01, 0x06, 0xC6, 0x42, 0x00, 0x13, 0x40, 0x40, 0x40, 0x40, 0x40,
0x23, 0xDD, 0xBA, 0xD3, 0x07, 0x00, 0xA6, 0xFF, 0xFF, 0xFF, 0xFF, 0xFF, 0xE5, 0x48, 0xE3, 0x2E,
0x00, 0x00, 0x13, 0x40, 0x40, 0x40, 0x40, 0x40, 0x23, 0x00, 0x00, 0x00, 0x00, 0x00, 0x00, 0x00,
0x00, 0x00, 0x00, 0x00, 0x00, 0x1B, 0x95, 0x1B, 0x06, 0x72, 0x80, 0x80, 0x80, 0x80, 0x80, 0x80,
0x59, 0x4D, 0xFF, 0x4C, 0x20, 0xF3, 0xFF, 0xFF, 0xFF, 0xFF, 0xFF, 0xFF, 0xD3, 0x00, 0x15, 0x00,
0x00, 0x00, 0x00, 0x00, 0x00, 0x00, 0x00, 0x00, 0x00, 0x00, 0x00, 0x86, 0x30, 0x00, 0x00, 0x00,
0x00, 0x00, 0x00, 0x00, 0x00, 0xA9, 0x81, 0xED, 0x19, 0x00, 0x92, 0xFF, 0xFF, 0xFF, 0xFF, 0xFF,
0xD2, 0x7E, 0xFF, 0x54, 0x00, 0x00, 0x3A, 0x80, 0x80, 0x80, 0x80, 0x80, 0x59, 0x00, 0x23, 0x00,
0x00, 0x00, 0x00, 0x00, 0x00, 0x00, 0x00, 0x00, 0x00, 0x01, 0x06, 0xC6, 0x42, 0x00, 0x13, 0x40,
0x40, 0x40, 0x40, 0x40, 0x23, 0xDD, 0xBA, 0xD3, 0x07, 0x00, 0xA6, 0xFF, 0xFF, 0xFF, 0xFF, 0xFF,
0xE5, 0x48, 0xE3, 0x2E, 0x00, 0x00, 0x13, 0x40, 0x40, 0x40, 0x40, 0x40, 0x23, 0x00, 0x00, 0x00,
0x00, 0x00, 0x00, 0x00, 0x00, 0x00, 0x00, 0x00, 0x00, 0x1B, 0x95, 0x1B, 0x06, 0x72, 0x80, 0x80,
0x80, 0x80, 0x80, 0x80, 0x59, 0x4D, 0xFF, 0x4C, 0x20, 0xF3, 0xFF, 0xFF, 0xFF, 0xFF, 0xFF, 0xFF,
0xD3, 0x00, 0x15, 0x00, 0x00, 0x00, 0x00, 0x00, 0x00, 0x00, 0x00, 0x00, 0x00, 0xCD, 0xFF, 0xFF,
0xFF, 0xFF, 0xFF, 0xFF, 0xFF, 0xFF, 0xFF, 0xFF, 0xC1, 0x92, 0xFF, 0xFF, 0xFF, 0xFF, 0xFF, 0xFF,
0xFF, 0xFF, 0xFF, 0xFF, 0x8A, 0x01, 0x95, 0xFF, 0xFF, 0xFF, 0xFF, 0xFF, 0xFF, 0xFF, 0xFF, 0x92,
0x00, 0x00, 0x00, 0x93, 0xFF, 0xFF, 0xFF, 0xFF, 0xFF, 0xFF, 0x91, 0x00, 0x00, 0x00, 0x00, 0x00,
0x91, 0xFF, 0xFF, 0xFF, 0xFF, 0x90, 0x00, 0x00, 0x00, 0x00, 0x00, 0x00, 0x00, 0xA8, 0xFF, 0xFF,
0xA8, 0x00, 0x00, 0x00, 0x00, 0x00, 0x00, 0x00, 0x00, 0x7F, 0xFF, 0xFF, 0x7F, 0x00, 0x00, 0x00,
0x00, 0x00, 0x00, 0x00, 0x00, 0x7F, 0xFF, 0xFF, 0x7F, 0x00, 0x00, 0x00, 0x00, 0x00, 0x00, 0x00,
0x00, 0x62, 0xFF, 0xFF, 0x7F, 0x00, 0x00, 0x00, 0x00, 0x00, 0x00, 0x00, 0x00, 0x01, 0x97, 0xFF,
0x7A, 0x00, 0x00, 0x00, 0x00, 0x00, 0x00, 0x00, 0x00, 0x00, 0x01, 0x63, 0x15, 0x00, 0x00, 0x00,
0x00, 0xCD, 0xFF, 0xFF, 0xFF, 0xFF, 0xFF, 0xFF, 0xFF, 0xFF, 0xFF, 0xFF, 0xC1, 0x92, 0xFF, 0xFF,
0xFF, 0xFF, 0xFF, 0xFF, 0xFF, 0xFF, 0xFF, 0xFF, 0x8A, 0x01, 0x95, 0xFF, 0xFF, 0xFF, 0xFF, 0xFF,
0xFF, 0xFF, 0xFF, 0x92, 0x00, 0x00, 0x00, 0x93, 0xFF, 0xFF, 0xFF, 0xFF, 0xFF, 0xFF, 0x91, 0x00,
0x00, 0x00, 0x00, 0x00, 0x91, 0xFF, 0xFF, 0xFF, 0xFF, 0x90, 0x00, 0x00, 0x00, 0x00, 0x00, 0x00,
0x00, 0xA8, 0xFF, 0xFF, 0xA8, 0x00, 0x00, 0x00, 0x00, 0x00, 0x00, 0x00, 0x00, 0x7F, 0xFF, 0xFF,
0x7F, 0x00, 0x00, 0x00, 0x00, 0x00, 0x00, 0x00, 0x00, 0x7F, 0xFF, 0xFF, 0x7F, 0x00, 0x00, 0x00,
0x00, 0x00, 0x00, 0x00, 0x00, 0x62, 0xFF, 0xFF, 0x7F, 0x00, 0x00, 0x00, 0x00, 0x00, 0x00, 0x00,
0x00, 0x01, 0x97, 0xFF, 0x7A, 0x00, 0x00, 0x00, 0x00, 0x00, 0x00, 0x00, 0x00, 0x00, 0x01, 0x63,
0x15, 0x00, 0x00, 0x00, 0x00, 0x00, 0x00, 0x00, 0x0B, 0x66, 0x7F, 0x7F, 0x66, 0x0A, 0x00, 0x00,
0x00, 0x00, 0x00, 0x00, 0x7D, 0xD4, 0x9F, 0x9F, 0xD4, 0x7C, 0x00, 0x00, 0x00, 0x00, 0x32, 0x3F,
0xB7, 0x9F, 0x3F, 0x3F, 0x9F, 0xB7, 0x3F, 0x32, 0x00, 0xA6, 0xFF, 0xFF, 0xFF, 0xFF, 0xFF, 0xFF,
0xFF, 0xFF, 0xFF, 0xFF, 0xA4, 0xFC, 0xFF, 0xFF, 0xFF, 0xFF, 0xFF, 0xFF, 0xFF, 0xFF, 0xFF, 0xFF,
0xFC, 0xFF, 0xFF, 0xFF, 0xFF, 0xFF, 0xFF, 0xFF, 0xFF, 0xFF, 0xFF, 0xFF, 0xFF, 0x7F, 0x7F, 0x7F,
0x7F, 0x7F, 0x7F, 0x7F, 0x7F, 0x7F, 0x7F, 0x7F, 0x7F, 0x5F, 0x5F, 0x5F, 0x5F, 0x2F, 0x00, 0x00,
0x2F, 0x5F, 0x5F, 0x5F, 0x5F, 0xFF, 0xFF, 0xFF, 0xFF, 0xC5, 0x43, 0x43, 0xC6, 0xFF, 0xFF, 0xFF,
0xFF, 0xFF, 0xFF, 0xFF, 0xFF, 0xFF, 0xFF, 0xFF, 0xFF, 0xFF, 0xFF, 0xFF, 0xFF, 0xE2, 0xFF, 0xFF,
0xFF, 0xFF, 0xFF, 0xFF, 0xFF, 0xFF, 0xFF, 0xFF, 0xE1, 0x43, 0xB2, 0xBF, 0xBF, 0xBF, 0xBF, 0xBF,
0xBF, 0xBF, 0xBF, 0xB2, 0x41, 0x00, 0x00, 0x00, 0x0B, 0x66, 0x7F, 0x7F, 0x66, 0x0A, 0x00, 0x00,
0x00, 0x00, 0x00, 0x00, 0x7D, 0xD4, 0x9F, 0x9F, 0xD4, 0x7C, 0x00, 0x00, 0x00, 0x00, 0x32, 0x3F,
0xB7, 0x9F, 0x3F, 0x3F, 0x9F, 0xB7, 0x3F, 0x32, 0x00, 0xA6, 0xFF, 0xFF, 0xFF, 0xFF, 0xFF, 0xFF,
0xFF, 0xFF, 0xFF, 0xFF, 0xA4, 0xFC, 0xFF, 0xFF, 0xFF, 0xFF, 0xFF, 0xFF, 0xFF, 0xFF, 0xFF, 0xFF,
0xFC, 0xFF, 0xFF, 0xFF, 0xFF, 0xFF, 0xFF, 0xFF, 0xFF, 0xFF, 0xFF, 0xFF, 0xFF, 0x7F, 0x7F, 0x7F,
0x7F, 0x7F, 0x7F, 0x7F, 0x7F, 0x7F, 0x7F, 0x7F, 0x7F, 0x5F, 0x5F, 0x5F, 0x5F, 0x2F, 0x00, 0x00,
0x2F, 0x5F, 0x5F, 0x5F, 0x5F, 0xFF, 0xFF, 0xFF, 0xFF, 0xC5, 0x43, 0x43, 0xC6, 0xFF, 0xFF, 0xFF,
0xFF, 0xFF, 0xFF, 0xFF, 0xFF, 0xFF, 0xFF, 0xFF, 0xFF, 0xFF, 0xFF, 0xFF, 0xFF, 0xE2, 0xFF, 0xFF,
0xFF, 0xFF, 0xFF, 0xFF, 0xFF, 0xFF, 0xFF, 0xFF, 0xE1, 0x43, 0xB2, 0xBF, 0xBF, 0xBF, 0xBF, 0xBF,
0xBF, 0xBF, 0xBF, 0xB2, 0x41, 0x00, 0x00, 0x00, 0x00, 0x00, 0x40, 0x3E, 0x00, 0x00, 0x00, 0x00,
0x00, 0x00, 0x00, 0x00, 0x00, 0x57, 0xFC, 0xFB, 0x53, 0x00, 0x00, 0x00, 0x00, 0x00, 0x00, 0x00,
0x25, 0xFC, 0xFF, 0xFF, 0xFB, 0x16, 0x00, 0x00, 0x00, 0x00, 0x00, 0x00, 0x05, 0x6A, 0xDF, 0xDF,
0x6A, 0x05, 0x00, 0x00, 0x00, 0x00, 0x4E, 0x82, 0x00, 0x00, 0xBF, 0xBF, 0x00, 0x00, 0x87, 0x4F,
0x00, 0x57, 0xFC, 0xFF, 0x3F, 0x3F, 0xCF, 0xCF, 0x3F, 0x3F, 0xFF, 0xFB, 0x54, 0xE9, 0xFF, 0xFF,
0xFF, 0xFF, 0xFF, 0xFF, 0xFF, 0xFF, 0xFF, 0xFF, 0xE4, 0x5B, 0xFD, 0xFF, 0x3F, 0x3F, 0xCF, 0xCF,
0x3F, 0x3F, 0xFF, 0xFC, 0x57, 0x00, 0x56, 0x8D, 0x00, 0x00, 0xBF, 0xBF, 0x00, 0x00, 0x8C, 0x52,
0x00, 0x00, 0x00, 0x00, 0x05, 0x6A, 0xDF, 0xDF, 0x6A, 0x05, 0x00, 0x00, 0x00, 0x00, 0x00, 0x00,
0x26, 0xFD, 0xFF, 0xFF, 0xFC, 0x17, 0x00, 0x00, 0x00, 0x00, 0x00, 0x00, 0x00, 0x5B, 0xFD, 0xFC,
0x57, 0x00, 0x00, 0x00, 0x00, 0x00, 0x00, 0x00, 0x00, 0x00, 0x43, 0x41, 0x00, 0x00, 0x00, 0x00,
0x00, 0x00, 0x00, 0x00, 0x00, 0x00, 0x40, 0x3E, 0x00, 0x00, 0x00, 0x00, 0x00, 0x00, 0x00, 0x00,
0x00, 0x57, 0xFC, 0xFB, 0x53, 0x00, 0x00, 0x00, 0x00, 0x00, 0x00, 0x00, 0x25, 0xFC, 0xFF, 0xFF,
0xFB, 0x16, 0x00, 0x00, 0x00, 0x00, 0x00, 0x00, 0x05, 0x6A, 0xDF, 0xDF, 0x6A, 0x05, 0x00, 0x00,
0x00, 0x00, 0x4E, 0x82, 0x00, 0x00, 0xBF, 0xBF, 0x00, 0x00, 0x87, 0x4F, 0x00, 0x57, 0xFC, 0xFF,
0x3F, 0x3F, 0xCF, 0xCF, 0x3F, 0x3F, 0xFF, 0xFB, 0x54, 0xE9, 0xFF, 0xFF, 0xFF, 0xFF, 0xFF, 0xFF,
0xFF, 0xFF, 0xFF, 0xFF, 0xE4, 0x5B, 0xFD, 0xFF, 0x3F, 0x3F, 0xCF, 0xCF, 0x3F, 0x3F, 0xFF, 0xFC,
0x57, 0x00, 0x56, 0x8D, 0x00, 0x00, 0xBF, 0xBF, 0x00, 0x00, 0x8C, 0x52, 0x00, 0x00, 0x00, 0x00,
0x05, 0x6A, 0xDF, 0xDF, 0x6A, 0x05, 0x00, 0x00, 0x00, 0x00, 0x00, 0x00, 0x26, 0xFD, 0xFF, 0xFF,
0xFC, 0x17, 0x00, 0x00, 0x00, 0x00, 0x00, 0x00, 0x00, 0x5B, 0xFD, 0xFC, 0x57, 0x00, 0x00, 0x00,
0x00, 0x00, 0x00, 0x00, 0x00, 0x00, 0x43, 0x41, 0x00, 0x00, 0x00, 0x00, 0x00, 0x00, 0x00, 0x00,
0x00, 0x00, 0x00, 0x00, 0x12, 0x00, 0x00, 0x00, 0x00, 0x00, 0x00, 0x00, 0x00, 0x00, 0x00, 0x00,
0x00, 0x29, 0xD8, 0xFF, 0xD7, 0x27, 0x00, 0x00, 0x00, 0x00, 0x00, 0x00, 0x22, 0x4E, 0x04, 0x00,
0xBD, 0xFF, 0xFF, 0xFF, 0xBB, 0x00, 0x05, 0x4E, 0x22, 0x00, 0x22, 0xFD, 0xFF, 0x9F, 0x00, 0xE1,
0xFF, 0xFF, 0xFF, 0xE0, 0x00, 0xA0, 0xFF, 0xFD, 0x22, 0x4F, 0xFF, 0xFF, 0xCE, 0x00, 0x91, 0xFF,
0xFF, 0xFF, 0x90, 0x00, 0xCF, 0xFF, 0xFF, 0x4E, 0x05, 0xA0, 0xCF, 0x47, 0x00, 0x06, 0x7A, 0xB3,
0x79, 0x06, 0x00, 0x47, 0xCF, 0xA0, 0x05, 0x00, 0x00, 0x00, 0x00, 0x00, 0x00, 0x00, 0x12, 0x00,
0x00, 0x00, 0x00, 0x00, 0x00, 0x00, 0x00, 0x49, 0xA5, 0x78, 0x02, 0x75, 0xEB, 0xFF, 0xEB, 0x75,
0x02, 0x7A, 0xA5, 0x48, 0x00, 0x5F, 0xFF, 0xFD, 0x2F, 0x81, 0xFF, 0xFF, 0xFF, 0xFF, 0xFF, 0x80,
0x31, 0xFD, 0xFF, 0x5D, 0xD9, 0xFF, 0xD5, 0x09, 0xFA, 0xFF, 0xFF, 0xFF, 0xFF, 0xFF, 0xF9, 0x09,
0xD7, 0xFF, 0xD7, 0xFE, 0xFF, 0xA9, 0x36, 0xFF, 0xFF, 0xFF, 0xFF, 0xFF, 0xFF, 0xFF, 0x35, 0xA9,
0xFF, 0xFE, 0x96, 0xC0, 0x86, 0x13, 0xB3, 0xC0, 0xC0, 0xC0, 0xC0, 0xC0, 0xB3, 0x13, 0x88, 0xC0,
0x96, 0x00, 0x00, 0x00, 0x00, 0x00, 0x00, 0x00, 0x12, 0x00, 0x00, 0x00, 0x00, 0x00, 0x00, 0x00,
0x00, 0x00, 0x00, 0x00, 0x00, 0x29, 0xD8, 0xFF, 0xD7, 0x27, 0x00, 0x00, 0x00, 0x00, 0x00, 0x00,
0x22, 0x4E, 0x04, 0x00, 0xBD, 0xFF, 0xFF, 0xFF, 0xBB, 0x00, 0x05, 0x4E, 0x22, 0x00, 0x22, 0xFD,
0xFF, 0x9F, 0x00, 0xE1, 0xFF, 0xFF, 0xFF, 0xE0, 0x00, 0xA0, 0xFF, 0xFD, 0x22, 0x4F, 0xFF, 0xFF,
0xCE, 0x00, 0x91, 0xFF, 0xFF, 0xFF, 0x90, 0x00, 0xCF, 0xFF, 0xFF, 0x4E, 0x05, 0xA0, 0xCF, 0x47,
0x00, 0x06, 0x7A, 0xB3, 0x79, 0x06, 0x00, 0x47, 0xCF, 0xA0, 0x05, 0x00, 0x00, 0x00, 0x00, 0x00,
0x00, 0x00, 0x12, 0x00, 0x00, 0x00, 0x00, 0x00, 0x00, 0x00, 0x00, 0x49, 0xA5, 0x78, 0x02, 0x75,
0xEB, 0xFF, 0xEB, 0x75, 0x02, 0x7A, 0xA5, 0x48, 0x00, 0x5F, 0xFF, 0xFD, 0x2F, 0x81, 0xFF, 0xFF,
0xFF, 0xFF, 0xFF, 0x80, 0x31, 0xFD, 0xFF, 0x5D, 0xD9, 0xFF, 0xD5, 0x09, 0xFA, 0xFF, 0xFF, 0xFF,
0xFF, 0xFF, 0xF9, 0x09, 0xD7, 0xFF, 0xD7, 0xFE, 0xFF, 0xA9, 0x36, 0xFF, 0xFF, 0xFF, 0xFF, 0xFF,
0xFF, 0xFF, 0x35, 0xA9, 0xFF, 0xFE, 0x96, 0xC0, 0x86, 0x13, 0xB3, 0xC0, 0xC0, 0xC0, 0xC0, 0xC0,
0xB3, 0x13, 0x88, 0xC0, 0x96, 0x00, 0x00, 0x00, 0x00, 0x00, 0x00, 0x00, 0x08, 0x72, 0xAE, 0x9D,
0x48, 0x00, 0x00, 0x00, 0x00, 0x00, 0x00, 0x14, 0x31, 0x07, 0x2A, 0xD8, 0xDA, 0xE5, 0xFF, 0x7F,
0x00, 0x00, 0x00, 0x15, 0xAD, 0xFF, 0xFF, 0xF7, 0x72, 0x02, 0x00, 0x03, 0x9A, 0xFD, 0x29, 0x00,
0x17, 0xD6, 0xF5, 0x7A, 0x50, 0xAD, 0xFF, 0x5D, 0x00, 0x00, 0x16, 0xFF, 0x68, 0x0C, 0xD5, 0xF2,
0x3B, 0x06, 0x1F, 0x02, 0xC9, 0xCF, 0x00, 0x00, 0x22, 0xFF, 0x62, 0x92, 0xFA, 0x3B, 0x00, 0x6F,
0xF2, 0x04, 0x79, 0xEE, 0x00, 0x04, 0xB4, 0xF5, 0x1E, 0xE2, 0xA1, 0x00, 0x00, 0x52, 0xFF, 0x42,
0x06, 0x21, 0x03, 0xA9, 0xFF, 0x65, 0x00, 0xEA, 0x95, 0x00, 0x00, 0x09, 0xD9, 0xE8, 0x68, 0x52,
0xBE, 0xFF, 0x6E, 0x00, 0x00, 0xA9, 0xEF, 0x2A, 0x00, 0x00, 0x26, 0xC9, 0xFF, 0xFF, 0xEC, 0x55,
0x00, 0x00, 0x00, 0x1C, 0xE5, 0xF9, 0xCE, 0xEE, 0x7D, 0x00, 0x1E, 0x2E, 0x05, 0x00, 0x00, 0x00,
0x00, 0x00, 0x11, 0x80, 0xB2, 0x9B, 0x36, 0x00, 0x00, 0x00, 0x00, 0x00, 0x00, 0x00, 0x00, 0x00,
0x00, 0x00, 0x00, 0x00, 0x00, 0x00, 0x08, 0x72, 0xAE, 0x9D, 0x48, 0x00, 0x00, 0x00, 0x00, 0x00,
0x00, 0x14, 0x31, 0x07, 0x2A, 0xD8, 0xDA, 0xE5, 0xFF, 0x7F, 0x00, 0x00, 0x00, 0x15, 0xAD, 0xFF,
0xFF, 0xF7, 0x72, 0x02, 0x00, 0x03, 0x9A, 0xFD, 0x29, 0x00, 0x17, 0xD6, 0xF5, 0x7A, 0x50, 0xAD,
0xFF, 0x5D, 0x00, 0x00, 0x16, 0xFF, 0x68, 0x0C, 0xD5, 0xF2, 0x3B, 0x06, 0x1F, 0x02, 0xC9, 0xCF,
0x00, 0x00, 0x22, 0xFF, 0x62, 0x92, 0xFA, 0x3B, 0x00, 0x6F, 0xF2, 0x04, 0x79, 0xEE, 0x00, 0x04,
0xB4, 0xF5, 0x1E, 0xE2, 0xA1, 0x00, 0x00, 0x52, 0xFF, 0x42, 0x06, 0x21, 0x03, 0xA9, 0xFF, 0x65,
0x00, 0xEA, 0x95, 0x00, 0x00, 0x09, 0xD9, 0xE8, 0x68, 0x52, 0xBE, 0xFF, 0x6E, 0x00, 0x00, 0xA9,
0xEF, 0x2A, 0x00, 0x00, 0x26, 0xC9, 0xFF, 0xFF, 0xEC, 0x55, 0x00, 0x00, 0x00, 0x1C, 0xE5, 0xF9,
0xCE, 0xEE, 0x7D, 0x00, 0x1E, 0x2E, 0x05, 0x00, 0x00, 0x00, 0x00, 0x00, 0x11, 0x80, 0xB2, 0x9B,
0x36, 0x00, 0x00, 0x00, 0x00, 0x00, 0x00, 0x00, 0x00, 0x00, 0x00, 0x00, 0x0D, 0x7E, 0xB3, 0x98,
0x28, 0x00, 0x00, 0x00, 0x00, 0x00, 0x00, 0x00, 0x00, 0x0D, 0xDA, 0xFF, 0xFF, 0xFF, 0xEC, 0x2C,
0x29, 0x16, 0x00, 0x00, 0x00, 0x00, 0x00, 0x7F, 0xFF, 0xFF, 0xFF, 0xFF, 0xFF, 0xFD, 0xFF, 0xF9,
0x59, 0x00, 0x00, 0x00, 0x00, 0xB4, 0xFF, 0xFF, 0xFF, 0xFF, 0xFF, 0xFF, 0xFF, 0xFF, 0xE4, 0x00,
0x00, 0x00, 0x5D, 0xEC, 0xFF, 0xFF, 0xFF, 0xFF, 0xFF, 0xFF, 0xFF, 0xFF, 0xE2, 0x00, 0x00, 0x5E,
0xFF, 0xFF, 0xFF, 0xFF, 0xFF, 0xFF, 0xFF, 0xFF, 0xFF, 0xFF, 0xF8, 0x57, 0x00, 0xD7, 0xFF, 0xFF,
0xFF, 0xFF, 0xFF, 0xFF, 0xFF, 0xFF, 0xFF, 0xFF, 0xFF, 0xFE, 0x21, 0xF3, 0xFF, 0xFF, 0xFF, 0xFF,
0xFF, 0xFF, 0xFF, 0xFF, 0xFF, 0xFF, 0xFF, 0xFF, 0x68, 0xC0, 0xFF, 0xFF, 0xFF, 0xFF, 0xFF, 0xFF,
0xFF, 0xFF, 0xFF, 0xFF, 0xFF, 0xFF, 0x58, 0x35, 0xF6, 0xFF, 0xFF, 0xFF, 0xFF, 0xFF, 0xFF, 0xFF,
0xFF, 0xFF, 0xFF, 0xD6, 0x08, 0x00, 0x26, 0x93, 0xBC, 0xBF, 0xBF, 0xBF, 0xBF, 0xBF, 0xBF, 0xB9,
0x86, 0x10, 0x00, 0x00, 0x00, 0x00, 0x0D, 0x7E, 0xB3, 0x98, 0x28, 0x00, 0x00, 0x00, 0x00, 0x00,
0x00, 0x00, 0x00, 0x0D, 0xDA, 0xFF, 0xFF, 0xFF, 0xEC, 0x2C, 0x29, 0x16, 0x00, 0x00, 0x00, 0x00,
0x00, 0x7F, 0xFF, 0xFF, 0xFF, 0xFF, 0xFF, 0xFD, 0xFF, 0xF9, 0x59, 0x00, 0x00, 0x00, 0x00, 0xB4,
0xFF, 0xFF, 0xFF, 0xFF, 0xFF, 0xFF, 0xFF, 0xFF, 0xE4, 0x00, 0x00, 0x00, 0x5D, 0xEC, 0xFF, 0xFF,
0xFF, 0xFF, 0xFF, 0xFF, 0xFF, 0xFF, 0xE2, 0x00, 0x00, 0x5E, 0xFF, 0xFF, 0xFF, 0xFF, 0xFF, 0xFF,
0xFF, 0xFF, 0xFF, 0xFF, 0xF8, 0x57, 0x00, 0xD7, 0xFF, 0xFF, 0xFF, 0xFF, 0xFF, 0xFF, 0xFF, 0xFF,
0xFF, 0xFF, 0xFF, 0xFE, 0x21, 0xF3, 0xFF, 0xFF, 0xFF, 0xFF, 0xFF, 0xFF, 0xFF, 0xFF, 0xFF, 0xFF,
0xFF, 0xFF, 0x68, 0xC0, 0xFF, 0xFF, 0xFF, 0xFF, 0xFF, 0xFF, 0xFF, 0xFF, 0xFF, 0xFF, 0xFF, 0xFF,
0x58, 0x35, 0xF6, 0xFF, 0xFF, 0xFF, 0xFF, 0xFF, 0xFF, 0xFF, 0xFF, 0xFF, 0xFF, 0xD6, 0x08, 0x00,
0x26, 0x93, 0xBC, 0xBF, 0xBF, 0xBF, 0xBF, 0xBF, 0xBF, 0xB9, 0x86, 0x10, 0x00, 0x00, 0x00, 0x39,
0x7F, 0x7F, 0x7F, 0x7F, 0x72, 0x06, 0x00, 0x00, 0x00, 0x00, 0x93, 0xFF, 0xFF, 0xFF, 0xFF, 0xF3,
0x1F, 0x00, 0x00, 0x00, 0x00, 0x00, 0xFF, 0x7F, 0x00, 0xFF, 0x7F, 0x00, 0x00, 0x00, 0x00, 0x00,
0x00, 0xFF, 0x7F, 0x00, 0xFF, 0x7F, 0x00, 0x00, 0x00, 0x00, 0x00, 0x00, 0xFF, 0x7F, 0x00, 0xFF,
0x7F, 0x00, 0x00, 0x00, 0x00, 0x00, 0x0E, 0xFF, 0x79, 0x00, 0xF9, 0x8D, 0x00, 0x00, 0x00, 0x00,
0x00, 0x89, 0xFD, 0x30, 0x00, 0xAE, 0xF2, 0x17, 0x00, 0x00, 0x00, 0x22, 0xF8, 0x9D, 0x00, 0x00,
0x24, 0xF9, 0x9C, 0x00, 0x00, 0x00, 0xAD, 0xFF, 0xFF, 0xFF, 0xFF, 0xFF, 0xFF, 0xFD, 0x31, 0x00,
0x40, 0xFF, 0xFF, 0xFF, 0xFF, 0xFF, 0xFF, 0xFF, 0xFF, 0xC2, 0x00, 0xC8, 0xFF, 0xFF, 0xFF, 0xFF,
0xFF, 0xFF, 0xFF, 0xFF, 0xFF, 0x4A, 0xDA, 0xFF, 0xFF, 0xFF, 0xFF, 0xFF, 0xFF, 0xFF, 0xFF, 0xFF,
0x59, 0x24, 0x7A, 0x7F, 0x7F, 0x7F, 0x7F, 0x7F, 0x7F, 0x7F, 0x5A, 0x03, 0x00, 0x32, 0x71, 0x4A,
0x00, 0x00, 0x00, 0x00, 0x00, 0x00, 0x00, 0x00, 0x5E, 0xFD, 0xFF, 0xFF, 0x9A, 0x00, 0x00, 0x00,
0x00, 0x5A, 0xAF, 0x51, 0xDF, 0xC7, 0x1C, 0x96, 0xFF, 0x1E, 0x00, 0x00, 0x80, 0xFF, 0xFF, 0x78,
0xEC, 0xA9, 0x00, 0x6A, 0xFF, 0x2E, 0x00, 0x80, 0xFF, 0xFF, 0x80, 0x00, 0x8E, 0xFF, 0xDA, 0xFC,
0xFF, 0x7F, 0x80, 0xFF, 0xFF, 0x81, 0x00, 0x00, 0x03, 0x71, 0xB3, 0xB5, 0xFF, 0xFF, 0xFF, 0xFF,
0x81, 0x00, 0x00, 0x00, 0x00, 0x00, 0x00, 0x00, 0xC0, 0xFF, 0xFF, 0x82, 0x00, 0x00, 0x00, 0x00,
0x03, 0x6F, 0xB2, 0xAF, 0xFF, 0xFF, 0x82, 0x15, 0x68, 0x00, 0x00, 0x00, 0x8D, 0xFF, 0xDB, 0xFD,
0xFF, 0x84, 0x0A, 0xD2, 0xFF, 0x7E, 0x00, 0x00, 0xEC, 0xA9, 0x00, 0x6A, 0xFF, 0x2D, 0x00, 0x81,
0xFF, 0xFF, 0x7C, 0x00, 0xDF, 0xC7, 0x1A, 0x95, 0xFF, 0x1E, 0x00, 0x00, 0x82, 0xFF, 0xFF, 0x75,
0x5F, 0xFD, 0xFF, 0xFF, 0x9B, 0x00, 0x00, 0x00, 0x00, 0x5F, 0xB3, 0x55, 0x00, 0x33, 0x72, 0x4B,
0x00, 0x00, 0x00, 0x00, 0x00, 0x00, 0x00, 0x00, 0x00, 0x00, 0x00, 0x18, 0x72, 0x7F, 0x7F, 0x79,
0x26, 0x00, 0x00, 0x00, 0x00, 0x00, 0xCA, 0xFF, 0xFF, 0xFF, 0xFF, 0xF9, 0x4F, 0x00, 0x00, 0x00,
0x00, 0xFF, 0xFF, 0xFF, 0xFF, 0xFF, 0xFF, 0xFB, 0x27, 0x18, 0x62, 0x00, 0xFF, 0xFF, 0xFF, 0xFF,
0xFF, 0xFF, 0xFF, 0x7A, 0xCA, 0xDF, 0x00, 0xFF, 0xFF, 0xFF, 0xFF, 0xFF, 0xFF, 0xFF, 0x7F, 0xFF,
0x7F, 0x00, 0xFF, 0xFF, 0xFF, 0xFF, 0xFF, 0xFF, 0xFF, 0x7F, 0xFF, 0x7F, 0x00, 0xFF, 0xFF, 0xFF,
0xFF, 0xFF, 0xFF, 0xFF, 0x7F, 0xFF, 0x7F, 0x00, 0xFF, 0xFF, 0xFF, 0xFF, 0xFF, 0xFF, 0xFF, 0x7F,
0xFF, 0x7F, 0x00, 0xCB, 0xFF, 0xFF, 0xFF, 0xFF, 0xFF, 0xFF, 0x49, 0xFF, 0x7F, 0x00, 0x1A, 0x72,
0x7F, 0x7F, 0x7F, 0x7F, 0x4A, 0x01, 0xFF, 0x7F, 0x00, 0x00, 0x00, 0x00, 0x5F, 0x2F, 0x00, 0x00,
0x00, 0xCB, 0xFF, 0xFF, 0xFF, 0xFF, 0xFF, 0xFF, 0x49, 0x00, 0x00, 0x00, 0x1A, 0x72, 0x7F, 0x7F,
0x7F, 0x7F, 0x4A, 0x01, 0x00, 0x00, 0x00, 0x00, 0x00, 0x00, 0x00, 0x00, 0x00, 0x01, 0x1E, 0x06,
0x00, 0x00, 0x00, 0x00, 0x00, 0x00, 0x00, 0x00, 0x55, 0xE8, 0xFF, 0xFA, 0x89, 0x04, 0x00, 0x00,
0x00, 0x00, 0x00, 0x6C, 0xFF, 0xBF, 0x5F, 0x95, 0xFF, 0x7B, 0x00, 0x00, 0x00, 0x00, 0x6C, 0xFF,
0xAB, 0x09, 0x2E, 0x00, 0xAC, 0xE1, 0x00, 0x00, 0x00, 0x6C, 0xFF, 0xAB, 0x0A, 0xB1, 0xFD, 0x0B,
0x8D, 0xF2, 0x00, 0x00, 0x67, 0xFF, 0xAB, 0x0A, 0xB1, 0xFF, 0x6B, 0x22, 0xED, 0xB0, 0x00, 0x2B,
0xF8, 0xAF, 0x0A, 0xB1, 0xFE, 0x69, 0x22, 0xE1, 0xEA, 0x1F, 0x00, 0xAA, 0xE8, 0x10, 0xAD, 0xFE,
0x67, 0x22, 0xE1, 0xEA, 0x2D, 0x01, 0x00, 0xDE, 0xA3, 0x3E, 0xFF, 0x73, 0x22, 0xE1, 0xEA, 0x2D,
0x54, 0xF2, 0x32, 0xDC, 0xA6, 0x37, 0xFF, 0xAA, 0xE3, 0xEA, 0x2D, 0x54, 0xFB, 0xC7, 0x0A, 0xA5,
0xED, 0x16, 0x87, 0xF7, 0xD1, 0x2B, 0x54, 0xFB, 0xC6, 0x0E, 0x00, 0x25, 0xF5, 0xCA, 0x27, 0x00,
0x06, 0x77, 0xFB, 0xC4, 0x0D, 0x00, 0x00, 0x00, 0x4D, 0xEA, 0xFF, 0xE7, 0xF9, 0xFF, 0xA3, 0x0C,
0x00, 0x00, 0x00, 0x00, 0x00, 0x15, 0x6B, 0x98, 0x81, 0x3F, 0x00, 0x00, 0x00, 0x00, 0x00, 0x41,
0xB2, 0xBF, 0xBF, 0xBF, 0xBF, 0xBF, 0x9B, 0x21, 0x00, 0x00, 0xE2, 0xFF, 0xEC, 0xBF, 0xBF, 0xBF,
0xC3, 0xF9, 0xE5, 0x25, 0x00, 0xFF, 0xFF, 0x4C, 0x00, 0x00, 0x00, 0x00, 0x8D, 0xFF, 0xE5, 0x13,
0xFF, 0xFF, 0x3F, 0x00, 0x00, 0x00, 0x00, 0x7F, 0xFF, 0xFF, 0x6E, 0xFF, 0xFF, 0x98, 0x3F, 0x3F,
0x3F, 0x43, 0xC6, 0xFF, 0xFF, 0x7F, 0xFF, 0xFF, 0xFF, 0xFF, 0xFF, 0xFF, 0xFF, 0xFF, 0xFF, 0xFF,
0x7F, 0xFF, 0xFF, 0xFF, 0xFF, 0x98, 0x62, 0xDE, 0xFF, 0xFF, 0xFF, 0x7F, 0xFF, 0xFF, 0xFF, 0xDF,
0x01, 0x00, 0x62, 0xFF, 0xFF, 0xFF, 0x7F, 0xFF, 0xFF, 0xFF, 0xF9, 0x1E, 0x01, 0x98, 0xFF, 0xFF,
0xFF, 0x7F, 0xE2, 0xFF, 0xFF, 0xFF, 0xF9, 0xDF, 0xFF, 0xFF, 0xFF, 0xFF, 0x61, 0x43, 0xB2, 0xBF,
0xBF, 0xBF, 0xBF, 0xBF, 0xBF, 0xBF, 0x8A, 0x09, 0x41, 0xB2, 0xC0, 0xC0, 0xC0, 0xC0, 0xC0, 0xC0,
0xC0, 0x89, 0x09, 0xE2, 0xFF, 0xFF, 0xFF, 0xFF, 0xFF, 0xFF, 0xFF, 0xFF, 0xFF, 0x61, 0xFF, 0xFF,
0xFF, 0xFF, 0xFF, 0xFF, 0xFF, 0xFF, 0xFF, 0xFF, 0x80, 0xFF, 0xFF, 0xFF, 0xFF, 0xFF, 0xFF, 0xFF,
0xFF, 0xFF, 0xFF, 0x80, 0xFF, 0xFF, 0xFF, 0xFF, 0xFF, 0xFF, 0xFF, 0xFF, 0xFF, 0xFF, 0x80, 0xFF,
0xFF, 0xFF, 0xFF, 0xFF, 0xFF, 0xFF, 0xFF, 0xFF, 0xFF, 0x80, 0xFF, 0xFF, 0xFF, 0xFF, 0xFF, 0xFF,
0xFF, 0xFF, 0xFF, 0xFF, 0x80, 0xFF, 0xFF, 0xFF, 0xFF, 0xFF, 0xFF, 0xFF, 0xFF, 0xFF, 0xFF, 0x80,
0xFF, 0xFF, 0xFF, 0xFF, 0xFF, 0xFF, 0xFF, 0xFF, 0xFF, 0xFF, 0x80, 0xE2, 0xFF, 0xFF, 0xFF, 0xFF,
0xFF, 0xFF, 0xFF, 0xFF, 0xFF, 0x61, 0x43, 0xB3, 0xC0, 0xC0, 0xC0, 0xC0, 0xC0, 0xC0, 0xC0, 0x8B,
0x09, 0xD3, 0xFF, 0xFF, 0xFF, 0xFF, 0xFF, 0xFF, 0xFF, 0xFF, 0xFC, 0x55, 0x5A, 0x80, 0x80, 0x80,
0x80, 0x80, 0x80, 0x80, 0x80, 0x7C, 0x1C, 0x00, 0x00, 0x00, 0x00, 0x00, 0x00, 0x00, 0x00, 0x00,
0x00, 0x00, 0x23, 0x40, 0x40, 0x40, 0x40, 0x40, 0x40, 0x40, 0x40, 0x3C, 0x06, 0xE6, 0xFF, 0xFF,
0xFF, 0xFF, 0xFF, 0xFF, 0xFF, 0xFF, 0xFF, 0x65, 0x23, 0x40, 0x40, 0x40, 0x40, 0x40, 0x40, 0x40,
0x40, 0x3C, 0x06, 0x00, 0x00, 0x00, 0x00, 0x00, 0x00, 0x00, 0x00, 0x00, 0x00, 0x00, 0x59, 0x80,
0x80, 0x80, 0x80, 0x80, 0x80, 0x80, 0x80, 0x7C, 0x1C, 0xD3, 0xFF, 0xFF, 0xFF, 0xFF, 0xFF, 0xFF,
0xFF, 0xFF, 0xFC, 0x56, 0x20, 0x36, 0x00, 0x00, 0x00, 0x00, 0x00, 0x00, 0x00, 0x00, 0x00, 0x00,
0xDF, 0xFE, 0x1F, 0x20, 0xF2, 0xFF, 0xFF, 0xFF, 0xFF, 0xFF, 0xFF, 0xD2, 0x88, 0xB6, 0x06, 0x06,
0x73, 0x7F, 0x7F, 0x7F, 0x7F, 0x7F, 0x7F, 0x59, 0x00, 0x00, 0x00, 0x00, 0x00, 0x00, 0x00, 0x00,
0x00, 0x00, 0x00, 0x00, 0x50, 0x75, 0x00, 0x00, 0x32, 0x3F, 0x3F, 0x3F, 0x3F, 0x3F, 0x3F, 0x23,
0xE6, 0xFF, 0x25, 0x26, 0xFF, 0xFF, 0xFF, 0xFF, 0xFF, 0xFF, 0xFF, 0xE5, 0x51, 0x76, 0x00, 0x00,
0x33, 0x3F, 0x3F, 0x3F, 0x3F, 0x3F, 0x3F, 0x23, 0x00, 0x00, 0x00, 0x00, 0x00, 0x00, 0x00, 0x00,
0x00, 0x00, 0x00, 0x00, 0x86, 0xB5, 0x06, 0x06, 0x72, 0x7F, 0x7F, 0x7F, 0x7F, 0x7F, 0x7F, 0x59,
0xE0, 0xFE, 0x20, 0x20, 0xF3, 0xFF, 0xFF, 0xFF, 0xFF, 0xFF, 0xFF, 0xD3, 0x21, 0x37, 0x00, 0x00,
0x00, 0x00, 0x00, 0x00, 0x00, 0x00, 0x00, 0x00, 0x49, 0x5A, 0x06, 0x00, 0x00, 0x00, 0x00, 0x00,
0x00, 0x00, 0x00, 0x00, 0xA6, 0xF8, 0x3D, 0x00, 0x56, 0xFC, 0xFF, 0xFF, 0xFF, 0xFF, 0xFF, 0xD2,
0x00, 0xE0, 0x40, 0x00, 0x1D, 0x7C, 0x80, 0x80, 0x80, 0x80, 0x80, 0x59, 0x49, 0xEC, 0x85, 0x0F,
0x00, 0x00, 0x00, 0x00, 0x00, 0x00, 0x00, 0x00, 0xA6, 0xC0, 0xBE, 0x2F, 0x06, 0x3C, 0x40, 0x40,
0x40, 0x40, 0x40, 0x23, 0x00, 0x00, 0x00, 0x00, 0x66, 0xFF, 0xFF, 0xFF, 0xFF, 0xFF, 0xFF, 0xE5,
0x43, 0xAB, 0x64, 0x00, 0x06, 0x3C, 0x40, 0x40, 0x40, 0x40, 0x40, 0x23, 0xC7, 0x84, 0xFB, 0x16,
0x00, 0x00, 0x00, 0x00, 0x00, 0x00, 0x00, 0x00, 0x19, 0xBC, 0xD4, 0x06, 0x1C, 0x7C, 0x80, 0x80,
0x80, 0x80, 0x80, 0x59, 0xD9, 0xFF, 0xCB, 0x2F, 0x56, 0xFC, 0xFF, 0xFF, 0xFF, 0xFF, 0xFF, 0xD3,
0x43, 0x60, 0x5E, 0x0F, 0x00, 0x00, 0x00, 0x00, 0x00, 0x00, 0x00, 0x00, 0x00, 0x00, 0x00, 0x2C,
0x9B, 0xBE, 0xC0, 0xC0, 0xB8, 0x25, 0x00, 0x00, 0x00, 0x00, 0x2D, 0xF8, 0xF7, 0xC2, 0xC0, 0xC0,
0xB8, 0x25, 0x00, 0x00, 0x00, 0x00, 0x9C, 0xF7, 0x1B, 0x00, 0x00, 0x00, 0x00, 0x00, 0x00, 0x00,
0x00, 0x00, 0xA8, 0xDF, 0x00, 0x00, 0x00, 0x00, 0x00, 0x00, 0x00, 0x00, 0x23, 0x40, 0x90, 0xFF,
0xA3, 0x4E, 0x40, 0x40, 0x40, 0x40, 0x40, 0x23, 0xE6, 0xFF, 0xFF, 0xFF, 0xFF, 0xFF, 0xFF, 0xFF,
0xFF, 0xFF, 0xFF, 0xE5, 0x23, 0x40, 0x40, 0x40, 0x40, 0x40, 0x40, 0x40, 0x40, 0x40, 0x40, 0x23,
0x00, 0x00, 0x00, 0x00, 0x00, 0x00, 0x00, 0x00, 0x7E, 0x75, 0x00, 0x00, 0x00, 0x00, 0x00, 0x00,
0x00, 0x00, 0x00, 0x18, 0xF6, 0x9C, 0x00, 0x00, 0x00, 0x00, 0x25, 0xB8, 0xC0, 0xC0, 0xC1, 0xF6,
0xF8, 0x2E, 0x00, 0x00, 0x00, 0x00, 0x26, 0xB8, 0xC0, 0xC0, 0xBF, 0x9D, 0x2E, 0x00, 0x00, 0x00,
0x59, 0x80, 0x59, 0x00, 0x00, 0x00, 0x59, 0x80, 0x59, 0xD3, 0xFF, 0xD3, 0x00, 0x00, 0x00, 0xD3,
0xFF, 0xD3, 0x40, 0xFF, 0x40, 0x00, 0x00, 0x00, 0x40, 0xFF, 0x40, 0x40, 0xFF, 0x40, 0x00, 0x00,
0x00, 0x40, 0xFF, 0x40, 0x40, 0xFF, 0x40, 0x00, 0x00, 0x00, 0x40, 0xFF, 0x40, 0x3E, 0xFF, 0x41,
0x00, 0x00, 0x00, 0x41, 0xFF, 0x3E, 0x19, 0xFF, 0x6E, 0x00, 0x00, 0x00, 0x6F, 0xFF, 0x18, 0x00,
0xBF, 0xEC, 0x4A, 0x0C, 0x4B, 0xED, 0xBE, 0x00, 0x00, 0x1F, 0xD1, 0xFF, 0xFF, 0xFF, 0xD0, 0x1E,
0x00, 0x00, 0x00, 0x06, 0x4C, 0x73, 0x4C, 0x05, 0x00, 0x00, 0x00, 0x00, 0x00, 0x00, 0x00, 0x00,
0x00, 0x00, 0x00, 0xD3, 0xFF, 0xFF, 0xFF, 0xFF, 0xFF, 0xFF, 0xFF, 0xD2, 0x5A, 0x80, 0x80, 0x80,
0x80, 0x80, 0x80, 0x80, 0x59, 0x41, 0xB2, 0xC0, 0xC0, 0xC0, 0xC0, 0xC0, 0xC0, 0xC0, 0x89, 0x09,
0xE2, 0xFF, 0xFF, 0xFF, 0xFF, 0xFF, 0xFF, 0xFF, 0xFF, 0xFF, 0x61, 0xFF, 0xFF, 0xFF, 0xFF, 0xFF,
0xFF, 0xFF, 0xFF, 0xFF, 0xFF, 0x80, 0xFF, 0xA0, 0x40, 0x40, 0xA0, 0xFF, 0x40, 0x40, 0x40, 0xFF,
0x80, 0xFF, 0x80, 0x00, 0x00, 0x80, 0xFF, 0x00, 0x00, 0x00, 0xFF, 0x80, 0xFF, 0xC0, 0x80, 0x80,
0xC0, 0xFF, 0x80, 0x80, 0x80, 0xFF, 0x80, 0xFF, 0xFF, 0xFF, 0xFF, 0xFF, 0xFF, 0xFF, 0xFF, 0xFF,
0xFF, 0x80, 0xFF, 0x80, 0x00, 0x00, 0x80, 0xFF, 0x00, 0x00, 0x00, 0xFF, 0x80, 0xFF, 0x80, 0x00,
0x00, 0x80, 0xFF, 0x00, 0x00, 0x00, 0xFF, 0x80, 0xE4, 0xE0, 0xC0, 0xC0, 0xE0, 0xFF, 0xC0, 0xC0,
0xC0, 0xFF, 0x61, 0x44, 0xB7, 0xC0, 0xC0, 0xC0, 0xC0, 0xC0, 0xC0, 0xC0, 0x8B, 0x09, 0x00, 0x00,
0x00, 0x00, 0x00, 0x00, 0x00, 0x00, 0x00, 0x41, 0x4A, 0x00, 0x00, 0x00, 0x00, 0x00, 0x00, 0x00,
0x00, 0x00, 0x63, 0xFE, 0xFF, 0x6B, 0x00, 0x00, 0x00, 0x00, 0x00, 0x00, 0x00, 0x5E, 0xFE, 0xFF,
0xFF, 0xE5, 0x00, 0x00, 0x00, 0x00, 0x00, 0x00, 0x20, 0x2B, 0xE9, 0xFF, 0xFE, 0x63, 0x00, 0x00,
0x00, 0x00, 0x00, 0x64, 0xFA, 0x56, 0x2B, 0xE8, 0x65, 0x00, 0x00, 0x00, 0x00, 0x00, 0x63, 0xFE,
0xFF, 0xFC, 0x56, 0x0E, 0x00, 0x00, 0x00, 0x00, 0x00, 0x61, 0xFE, 0xFF, 0xFF, 0xFE, 0x65, 0x00,
0x00, 0x00, 0x00, 0x00, 0x61, 0xFD, 0xFF, 0xFF, 0xFE, 0x65, 0x00, 0x00, 0x00, 0x00, 0x00, 0x60,
0xFD, 0xFF, 0xFF, 0xFE, 0x65, 0x00, 0x00, 0x00, 0x00, 0x00, 0x5D, 0xFD, 0xFF, 0xFF, 0xFE, 0x65,
0x00, 0x00, 0x00, 0x00, 0x00, 0x00, 0xE6, 0xFF, 0xFF, 0xFE, 0x65, 0x00, 0x00, 0x00, 0x00, 0x00,
0x00, 0x00, 0x6F, 0xFF, 0xFE, 0x65, 0x00, 0x00, 0x00, 0x00, 0x00, 0x00, 0x00, 0x00, 0x00, 0x49,
0x42, 0x00, 0x00, 0x00, 0x00, 0x00, 0x00, 0x00, 0x00, 0x00, 0x41, 0xB2, 0xC0, 0xC0, 0xC0, 0xC0,
0xC0, 0xC0, 0xA1, 0x21, 0x00, 0x00, 0x00, 0x00, 0xE2, 0xFF, 0xFF, 0xFF, 0xFF, 0xFF, 0xFF, 0xFF,
0xFF, 0xA1, 0x00, 0x00, 0x00, 0x00, 0xFF, 0xFF, 0xFF, 0xFF, 0xFF, 0xFF, 0xFF, 0xFF, 0xFF, 0xE0,
0x7F, 0x42, 0x00, 0x00, 0xFF, 0xFF, 0xFF, 0xFF, 0xFF, 0xFF, 0xFF, 0xFF, 0xFF, 0xFF, 0xFF, 0xFF,
0x8A, 0x00, 0xFF, 0xFF, 0xFF, 0xFF, 0xFF, 0xFF, 0xFF, 0xFF, 0xFF, 0xC0, 0x00, 0x90, 0xFF, 0x42,
0xFF, 0xFF, 0xFF, 0xFF, 0xFF, 0xFF, 0xFF, 0xFF, 0xFF, 0xC0, 0x00, 0x00, 0xFF, 0x7F, 0xFF, 0xFF,
0xFF, 0xFF, 0xFF, 0xFF, 0xFF, 0xFF, 0xFF, 0xF0, 0xC0, 0xC0, 0xFF, 0x80, 0xFF, 0xFF, 0xFF, 0xFF,
0xFF, 0xFF, 0xFF, 0xFF, 0xFF, 0xFF, 0xFF, 0xFF, 0xFF, 0x80, 0xF3, 0xFF, 0xF7, 0x9B, 0xEE, 0xFF,
0xFF, 0xFF, 0xFF, 0xB8, 0xC8, 0xFF, 0xFF, 0x72, 0x72, 0xF3, 0xBA, 0x00, 0x9B, 0xFF, 0xFF, 0xFF,
0xFF, 0x1A, 0x3B, 0xFF, 0xCB, 0x18, 0x00, 0x23, 0xF0, 0xBA, 0xF3, 0x37, 0x00, 0x00, 0xB7, 0xD1,
0xDC, 0x94, 0x00, 0x00, 0x00, 0x00, 0x23, 0x6A, 0x2D, 0x00, 0x00, 0x00, 0x0B, 0x5A, 0x50, 0x05,
0x00, 0x00, 0x71, 0xF2, 0xFF, 0xFF, 0xFF, 0xFF, 0xFF, 0xFF, 0xFF, 0xFF, 0xF2, 0x6F, 0xF2, 0xC4,
0x8A, 0xFF, 0xFF, 0xFF, 0xFF, 0xFF, 0xFF, 0x8C, 0xC4, 0xF2, 0xFF, 0x8A, 0x86, 0xFF, 0xD4, 0x5B,
0x5B, 0xD4, 0xFF, 0x85, 0x8A, 0xFF, 0xFF, 0xFF, 0xFF, 0xF4, 0x17, 0x00, 0x00, 0x18, 0xF4, 0xFF,
0xFF, 0xFF, 0xFF, 0xFF, 0xFF, 0xCC, 0x00, 0x00, 0x00, 0x00, 0xCD, 0xFF, 0xFF, 0xFF, 0xFF, 0xFF,
0xFF, 0xF3, 0x16, 0x00, 0x00, 0x17, 0xF4, 0xFF, 0xFF, 0xFF, 0xFF, 0x8D, 0x89, 0xFF, 0xD2, 0x59,
0x5A, 0xD3, 0xFF, 0x89, 0x8D, 0xFF, 0xF2, 0xC4, 0x8A, 0xFF, 0xFF, 0xFF, 0xFF, 0xFF, 0xFF, 0x8C,
0xC4, 0xF2, 0x72, 0xF2, 0xFF, 0xFF, 0xFF, 0xFF, 0xFF, 0xFF, 0xFF, 0xFF, 0xF2, 0x71, 0xBE, 0xFF,
0xFF, 0xFF, 0xFF, 0xFF, 0xFB, 0x47, 0x87, 0xFF, 0xFF, 0xFF, 0xFF, 0xFF, 0xE9, 0x21, 0x00, 0x90,
0xFF, 0xFF, 0xFF, 0xE9, 0x2A, 0x00, 0x00, 0x00, 0x90, 0xFF, 0xE9, 0x2A, 0x00, 0x00, 0x00, 0x00,
0x00, 0x5E, 0x24, 0x00, 0x00, 0x00, 0x00, 0x00, 0x00, 0x5A, 0x22, 0x00, 0x00, 0x00, 0x00, 0x00,
0x8B, 0xFF, 0xE7, 0x27, 0x00, 0x00, 0x00, 0x8B, 0xFF, 0xFF, 0xFF, 0xE7, 0x27, 0x00, 0x84, 0xFF,
0xFF, 0xFF, 0xFF, 0xFF, 0xE7, 0x20, 0xBE, 0xFF, 0xFF, 0xFF, 0xFF, 0xFF, 0xFB, 0x48, 0x00, 0x00,
0x00, 0x15, 0x05, 0x00, 0x00, 0x51, 0xFA, 0x6E, 0x00, 0x51, 0xFA, 0xFF, 0x83, 0x50, 0xFA, 0xFF,
0xFF, 0x83, 0xE5, 0xFF, 0xFF, 0xFF, 0x83, 0x54, 0xFB, 0xFF, 0xFF, 0x83, 0x00, 0x55, 0xFB, 0xFF,
0x83, 0x00, 0x00, 0x55, 0xFB, 0x6E, 0x00, 0x00, 0x00, 0x25, 0x05, 0x05, 0x16, 0x00, 0x00, 0x00,
0x67, 0xFB, 0x53, 0x00, 0x00, 0x7C, 0xFF, 0xFB, 0x53, 0x00, 0x7C, 0xFF, 0xFF, 0xFB, 0x54, 0x7C,
0xFF, 0xFF, 0xFF, 0xE8, 0x7C, 0xFF, 0xFF, 0xFC, 0x58, 0x7C, 0xFF, 0xFC, 0x57, 0x00, 0x67, 0xFC,
0x57, 0x00, 0x00, 0x05, 0x26, 0x00, 0x00, 0x00, 0x41, 0xB2, 0xC0, 0xC0, 0xC0, 0xC0, 0xC0, 0xC0,
0xC0, 0x89, 0x09, 0xE2, 0xFF, 0xFF, 0xFF, 0xFF, 0xFF, 0xFF, 0xFF, 0xFF, 0xFF, 0x61, 0xFF, 0xFF,
0xFF, 0xFF, 0xFF, 0xFF, 0xFF, 0xFF, 0xFF, 0xFF, 0x80, 0xFF, 0xA0, 0x40, 0x40, 0xA0, 0xFF, 0x40,
0x40, 0x40, 0xFF, 0x80, 0xFF, 0x80, 0x00, 0x00, 0x80, 0xFF, 0x00, 0x00, 0x00, 0xFF, 0x80, 0xFF,
0x80, 0x00, 0x00, 0x80, 0xFF, 0x00, 0x00, 0x00, 0xFF, 0x80, 0xFF, 0x80, 0x00, 0x00, 0x80, 0xFF,
0x00, 0x00, 0x00, 0xFF, 0x80, 0xFF, 0x80, 0x00, 0x00, 0x80, 0xFF, 0x00, 0x00, 0x00, 0xFF, 0x80,
0xFF, 0x80, 0x00, 0x00, 0x80, 0xFF, 0x00, 0x00, 0x00, 0xFF, 0x80, 0xE2, 0xE0, 0xC0, 0xC0, 0xE0,
0xFF, 0xC0, 0xC0, 0xC0, 0xFF, 0x61, 0x43, 0xB3, 0xC0, 0xC0, 0xC0, 0xC0, 0xC0, 0xC0, 0xC0, 0x8B,
0x09, 0x00, 0x00, 0x00, 0x0D, 0x64, 0x0C, 0x00, 0x00, 0x00, 0x00, 0x00, 0x0D, 0xC6, 0xFF, 0xC2,
0x0C, 0x00, 0x00, 0x00, 0x0D, 0xC6, 0xFF, 0xFF, 0xFF, 0xC2, 0x0C, 0x00, 0x0D, 0xC6, 0xFF, 0xFF,
0xFF, 0xFF, 0xFF, 0xC2, 0x0C, 0xC0, 0xFF, 0xFF, 0xFF, 0xFF, 0xFF, 0xFF, 0xFF, 0xB3, 0x8D, 0xBF,
0xBF, 0xBF, 0xBF, 0xBF, 0xBF, 0xBF, 0x8A, 0x00, 0x00, 0x00, 0x00, 0x00, 0x00, 0x00, 0x00, 0x00,
0x8D, 0xBF, 0xBF, 0xBF, 0xBF, 0xBF, 0xBF, 0xBF, 0x8A, 0xC3, 0xFF, 0xFF, 0xFF, 0xFF, 0xFF, 0xFF,
0xFF, 0xB5, 0x0F, 0xC9, 0xFF, 0xFF, 0xFF, 0xFF, 0xFF, 0xC6, 0x0D, 0x00, 0x0F, 0xC9, 0xFF, 0xFF,
0xFF, 0xC6, 0x0D, 0x00, 0x00, 0x00, 0x0F, 0xC9, 0xFF, 0xC6, 0x0D, 0x00, 0x00, 0x00, 0x00, 0x00,
0x0F, 0x69, 0x0D, 0x00, 0x00, 0x00, 0x8D, 0xBF, 0xBF, 0xBF, 0xBF, 0xBF, 0xBF, 0xBF, 0x8A, 0xC3,
0xFF, 0xFF, 0xFF, 0xFF, 0xFF, 0xFF, 0xFF, 0xB5, 0x0F, 0xC9, 0xFF, 0xFF, 0xFF, 0xFF, 0xFF, 0xC6,
0x0D, 0x00, 0x0F, 0xC9, 0xFF, 0xFF, 0xFF, 0xC6, 0x0D, 0x00, 0x00, 0x00, 0x0F, 0xC9, 0xFF, 0xC6,
0x0D, 0x00, 0x00, 0x00, 0x00, 0x00, 0x0F, 0x69, 0x0D, 0x00, 0x00, 0x00, 0x00, 0x00, 0x00, 0x0D,
0x64, 0x0C, 0x00, 0x00, 0x00, 0x00, 0x00, 0x0D, 0xC6, 0xFF, 0xC2, 0x0C, 0x00, 0x00, 0x00, 0x0D,
0xC6, 0xFF, 0xFF, 0xFF, 0xC2, 0x0C, 0x00, 0x0D, 0xC6, 0xFF, 0xFF, 0xFF, 0xFF, 0xFF, 0xC2, 0x0C,
0xC1, 0xFF, 0xFF, 0xFF, 0xFF, 0xFF, 0xFF, 0xFF, 0xB3, 0x8E, 0xC0, 0xC0, 0xC0, 0xC0, 0xC0, 0xC0,
0xC0, 0x8A, 0xA1, 0xFF, 0xFF, 0xFF, 0xFF, 0xFF, 0xFF, 0xFF, 0xFF, 0xFF, 0xFF, 0xA1, 0xCF, 0xFF,
0xFF, 0xFF, 0xFF, 0xFF, 0xFF, 0xFF, 0xFF, 0xFF, 0xFF, 0xCD, 0x20, 0xCA, 0xFF, 0xFF, 0xFF, 0xFF,
0xFF, 0xFF, 0xFF, 0xFF, 0xC7, 0x1F, 0x86, 0x0A, 0x90, 0xFF, 0xFF, 0xFF, 0xFF, 0xFF, 0xFF, 0x8D,
0x09, 0x86, 0xFF, 0xC1, 0x1A, 0x51, 0xEF, 0xFF, 0xFF, 0xEE, 0x4E, 0x1A, 0xC2, 0xFF, 0xFF, 0xFF,
0xEA, 0x45, 0x21, 0xB7, 0xB5, 0x1F, 0x46, 0xEA, 0xFF, 0xFF, 0xFF, 0xFF, 0xFF, 0xFD, 0x8A, 0x21,
0x21, 0x8A, 0xFD, 0xFF, 0xFF, 0xFF, 0xF2, 0xFF, 0xFF, 0xFF, 0xFF, 0xFF, 0xFF, 0xFF, 0xFF, 0xFF,
0xFF, 0xF2, 0x72, 0xF2, 0xFF, 0xFF, 0xFF, 0xFF, 0xFF, 0xFF, 0xFF, 0xFF, 0xF2, 0x71, 0x56, 0x1C,
0x00, 0x05, 0x46, 0x71, 0x65, 0x31, 0x04, 0x00, 0x00, 0x00, 0xFC, 0x7C, 0x38, 0xE0, 0xFF, 0xFF,
0xFF, 0xFF, 0xDC, 0x3C, 0x00, 0x00, 0xFF, 0xD1, 0xFA, 0xD4, 0x55, 0x1C, 0x1A, 0x52, 0xD5, 0xFD,
0x5F, 0x00, 0xFF, 0xFF, 0xF3, 0x86, 0x1C, 0x00, 0x00, 0x00, 0x07, 0xB6, 0xF2, 0x1F, 0xD6, 0xFF,
0xFF, 0xFC, 0x56, 0x00, 0x00, 0x00, 0x00, 0x19, 0xF1, 0x95, 0x00, 0x00, 0x00, 0x00, 0x00, 0x00,
0x00, 0x00, 0x00, 0x00, 0xB5, 0xCB, 0x00, 0x00, 0x00, 0x00, 0x00, 0x00, 0x00, 0x00, 0x00, 0x00,
0x8D, 0xF2, 0x00, 0x00, 0x00, 0x00, 0x00, 0x00, 0x00, 0x00, 0x00, 0x00, 0xB4, 0xCB, 0x00, 0x20,
0x02, 0x00, 0x00, 0x00, 0x00, 0x00, 0x00, 0x18, 0xF0, 0x95, 0x01, 0xF3, 0xB8, 0x0D, 0x00, 0x00,
0x00, 0x00, 0x07, 0xB5, 0xF2, 0x20, 0x00, 0x6B, 0xFF, 0xCF, 0x49, 0x0F, 0x19, 0x50, 0xD4, 0xFE,
0x60, 0x00, 0x00, 0x00, 0x55, 0xE7, 0xFF, 0xFF, 0xFF, 0xFF, 0xDE, 0x3F, 0x00, 0x00, 0x00, 0x00,
0x00, 0x05, 0x48, 0x71, 0x66, 0x33, 0x05, 0x00, 0x00, 0x00, 0x00, 0x00, 0x00, 0x00, 0x00, 0x00,
0x2A, 0x0A, 0x00, 0x00, 0x00, 0x00, 0x00, 0x00, 0x00, 0x00, 0x00, 0x00, 0x00, 0x5C, 0xFC, 0xBF,
0x00, 0x00, 0x00, 0x00, 0x00, 0x00, 0x00, 0x00, 0x00, 0x00, 0x5F, 0xFD, 0xFF, 0x99, 0x00, 0x00,
0x00, 0x00, 0x00, 0x00, 0x00, 0x00, 0x00, 0x55, 0xFD, 0xFF, 0xA1, 0x29, 0xA2, 0x08, 0x00, 0x00,
0x00, 0x00, 0x00, 0x00, 0x00, 0x7F, 0xFF, 0x9F, 0x28, 0xE5, 0xFF, 0xB9, 0x08, 0x00, 0x00, 0x00,
0x00, 0x00, 0x00, 0x01, 0x36, 0x14, 0xE5, 0xFF, 0xFF, 0xFF, 0xB8, 0x05, 0x00, 0x00, 0x00, 0x00,
0x00, 0x00, 0x00, 0x00, 0xC7, 0xFF, 0xFF, 0xFF, 0x8F, 0x2C, 0x91, 0x12, 0x00, 0x00, 0x00, 0x00,
0x00, 0x8F, 0xFF, 0xF3, 0xFF, 0x8F, 0x2F, 0xEB, 0xFF, 0x78, 0x00, 0x00, 0x00, 0x00, 0x8F, 0xFF,
0xE9, 0x2A, 0x47, 0x31, 0xEC, 0xFF, 0xD1, 0x14, 0x00, 0x00, 0x00, 0x8F, 0xFF, 0xE9, 0x2A, 0x00,
0x02, 0xE9, 0xFF, 0xCF, 0x13, 0x00, 0x00, 0x00, 0x8F, 0xFF, 0xE9, 0x2A, 0x00, 0x00, 0x00, 0x90,
0xBE, 0x12, 0x00, 0x00, 0x00, 0x8F, 0xFF, 0xE9, 0x2A, 0x00, 0x00, 0x00, 0x00, 0x00, 0x00, 0x00,
0x00, 0x00, 0x24, 0xFF, 0xE9, 0x2A, 0x00, 0x00, 0x00, 0x00, 0x00, 0x00, 0x00, 0x00, 0x00, 0x00,
0x01, 0x60, 0x21, 0x00, 0x00, 0x00, 0x00, 0x00, 0x00, 0x00, 0x00, 0x00, 0x00, 0x00, 0x00, 0x00,
0x00, 0x04, 0x31, 0x65, 0x65, 0x31, 0x04, 0x00, 0x00, 0x00, 0x00, 0x00, 0x3E, 0xDD, 0xFF, 0xFF,
0xFF, 0xFF, 0xDC, 0x3C, 0x00, 0x00, 0x00, 0x61, 0xFD, 0xFF, 0xFF, 0xFF, 0xFF, 0xFF, 0xFF, 0xFD,
0x5F, 0x00, 0x20, 0xF3, 0xFF, 0xFF, 0xFF, 0xFF, 0xFF, 0xF9, 0xDA, 0xFF, 0xF2, 0x1F, 0x97, 0xFF,
0xFF, 0xFF, 0xFF, 0xFF, 0xFF, 0x7E, 0x4B, 0xFF, 0xFF, 0x95, 0xCD, 0xFF, 0xFF, 0xFF, 0xFF, 0xFF,
0xEE, 0x0F, 0xBB, 0xFF, 0xFF, 0xCB, 0xF3, 0xFF, 0xFF, 0xFF, 0xFF, 0xFF, 0x7C, 0x3C, 0xFF, 0xFF,
0xFF, 0xF2, 0xCD, 0xFF, 0xFF, 0xFF, 0xF5, 0x76, 0x0B, 0xB7, 0xFF, 0xFF, 0xFF, 0xCB, 0x97, 0xFF,
0xFF, 0xFF, 0xA0, 0x00, 0x00, 0x9F, 0xFF, 0xFF, 0xFF, 0x95, 0x21, 0xF3, 0xFF, 0xFF, 0xCF, 0x08,
0x08, 0xD1, 0xFF, 0xFF, 0xF2, 0x20, 0x00, 0x62, 0xFE, 0xFF, 0xFF, 0xEC, 0xEC, 0xFF, 0xFF, 0xFE,
0x60, 0x00, 0x00, 0x00, 0x40, 0xDF, 0xFF, 0xFF, 0xFF, 0xFF, 0xDE, 0x3F, 0x00, 0x00, 0x00, 0x00,
0x00, 0x05, 0x33, 0x67, 0x66, 0x33, 0x05, 0x00, 0x00, 0x00, 0x00, 0x00, 0x00, 0x08, 0x36, 0x67,
0x67, 0x36, 0x07, 0x00, 0x00, 0x00, 0x00, 0x00, 0x51, 0xE5, 0xFF, 0xFF, 0xFF, 0xFF, 0xE4, 0x4F,
0x00, 0x00, 0x00, 0x7B, 0xFF, 0xFF, 0xFF, 0xFF, 0xFF, 0xFF, 0xFF, 0xFF, 0x79, 0x00, 0x3A, 0xFC,
0xFF, 0xFF, 0xFF, 0xFF, 0xFF, 0xFF, 0xFF, 0xFF, 0xFB, 0x38, 0xA7, 0xFF, 0xFF, 0xFF, 0xFF, 0xFF,
0xFF, 0xFF, 0xFF, 0xFF, 0xFF, 0xA5, 0xDE, 0xFF, 0xFF, 0xFF, 0xFF, 0xFF, 0xFF, 0xFF, 0xFF, 0xFF,
0xFF, 0xDD, 0xEE, 0xFF, 0xFF, 0xFF, 0xFF, 0xFF, 0xFF, 0xFF, 0xFF, 0xFF, 0xFF, 0xEA, 0xC2, 0xFF,
0xFF, 0xFF, 0xFF, 0xFF, 0xFF, 0xFF, 0xFF, 0xFF, 0xFF, 0xB3, 0x5E, 0xFF, 0xFF, 0xFF, 0xFF, 0xFF,
0xFF, 0xFF, 0xFF, 0xFF, 0xFF, 0x5E, 0x01, 0xE9, 0xFF, 0xFF, 0xFF, 0xFF, 0xFF, 0xFF, 0xFF, 0xFF,
0xAC, 0x00, 0x4D, 0xFF, 0xFF, 0xFF, 0xFF, 0xFF, 0xFF, 0xFF, 0xFD, 0x93, 0x0C, 0x00, 0xCE, 0xFE,
0xB9, 0x5A, 0x74, 0xA7, 0xA8, 0x78, 0x30, 0x00, 0x00, 0x00, 0x57, 0x28, 0x00, 0x00, 0x00, 0x00,
0x00, 0x00, 0x00, 0x00, 0x00, 0x00, 0x00, 0x00, 0x00, 0x10, 0x33, 0x10, 0x00, 0x00, 0x00, 0x00,
0x00, 0x00, 0x00, 0x00, 0x00, 0x2B, 0xC1, 0xFF, 0xFF, 0xFF, 0xC0, 0x2A, 0x00, 0x00, 0x00, 0x00,
0x00, 0x00, 0x22, 0xF1, 0xFF, 0xFF, 0xFF, 0xFF, 0xFF, 0xF0, 0x21, 0x00, 0x00, 0x00, 0x00, 0x00,
0xAD, 0xFF, 0xFF, 0xFF, 0xFF, 0xFF, 0xFF, 0xFF, 0xAC, 0x00, 0x00, 0x00, 0x00, 0x00, 0xEA, 0xFF,
0xFF, 0xFF, 0xFF, 0xFF, 0xFF, 0xFF, 0xE9, 0x00, 0x00, 0x00, 0x00, 0x00, 0xE4, 0xFF, 0xFF, 0xFF,
0xFF, 0xFF, 0xFF, 0xFF, 0xDC, 0x03, 0x71, 0x13, 0x00, 0x00, 0x97, 0xFF, 0xFF, 0xFF, 0xFF, 0xFF,
0xFF, 0xFF, 0x92, 0x40, 0xFF, 0xE8, 0x36, 0x00, 0x41, 0xFF, 0xFF, 0xFF, 0xFF, 0xFF, 0xFF, 0xD4,
0x0D, 0xAF, 0xFF, 0xFF, 0xE2, 0x0B, 0xB5, 0xFF, 0xD1, 0xD1, 0xF4, 0xD1, 0x82, 0x0A, 0x83, 0xFF,
0xFF, 0xFF, 0xFF, 0x55, 0x90, 0x53, 0x00, 0x00, 0x00, 0x0C, 0x42, 0xC5, 0xFF, 0xFF, 0xFF, 0xFF,
0xFF, 0x73, 0x00, 0x00, 0x00, 0x00, 0x3E, 0xFE, 0xFF, 0xFF, 0xFF, 0xFF, 0xFF, 0xFF, 0xFF, 0x48,
0x00, 0x00, 0x00, 0x00, 0x01, 0xCA, 0xFF, 0xFF, 0xFF, 0xFF, 0xFF, 0xFF, 0xD1, 0x02, 0x00, 0x00,
0x00, 0x00, 0x00, 0x15, 0xBE, 0xFF, 0xFF, 0xFF, 0xFF, 0xFF, 0xE6, 0x09, 0x00, 0x00, 0x00, 0x00,
0x00, 0x00, 0x00, 0x39, 0x6C, 0x68, 0x3E, 0x92, 0xF9, 0x59, 0x00, 0x00, 0x00, 0x00, 0x00, 0x00,
0x00, 0x00, 0x00, 0x00, 0x00, 0x00, 0x16, 0x0A, 0x00, 0x00, 0x00, 0x00, 0x00, 0x00, 0x46, 0xC9,
0x1A, 0x00, 0x00, 0x00, 0x00, 0x00, 0x00, 0x00, 0x6C, 0xFC, 0xF9, 0x15, 0x00, 0x00, 0x00, 0x00,
0x00, 0x04, 0x98, 0xFF, 0xFF, 0xA8, 0x00, 0x00, 0x00, 0x00, 0x00, 0x12, 0xBD, 0xFF, 0xFF, 0xFF,
0x40, 0x00, 0x00, 0x00, 0x00, 0x27, 0xDB, 0xFF, 0xFF, 0xFF, 0xD8, 0x00, 0x00, 0x00, 0x00, 0x45,
0xEF, 0xFF, 0xFF, 0xFF, 0xFF, 0x9E, 0x40, 0x40, 0x3A, 0x00, 0xE5, 0xFF, 0xFF, 0xFF, 0xFF, 0xFF,
0xFF, 0xFF, 0xFF, 0xFF, 0x64, 0x1B, 0x40, 0x40, 0x48, 0xF9, 0xFF, 0xFF, 0xFF, 0xFF, 0xB2, 0x0C,
0x00, 0x00, 0x00, 0x5D, 0xFF, 0xFF, 0xFF, 0xFF, 0x8A, 0x02, 0x00, 0x00, 0x00, 0x00, 0xC3, 0xFF,
0xFF, 0xF9, 0x5F, 0x00, 0x00, 0x00, 0x00, 0x00, 0x2A, 0xFF, 0xFF, 0xEA, 0x3B, 0x00, 0x00, 0x00,
0x00, 0x00, 0x00, 0x8F, 0xFF, 0xD2, 0x1F, 0x00, 0x00, 0x00, 0x00, 0x00, 0x00, 0x00, 0x83, 0xA6,
0x0C, 0x00, 0x00, 0x00, 0x00, 0x00, 0x00, 0x00, 0x00, 0x00, 0x00, 0x39, 0xBC, 0xBC, 0x39, 0x00,
0x00, 0x00, 0x00, 0x00, 0x00, 0x00, 0x00, 0x80, 0xFF, 0xFF, 0x80, 0x00, 0x00, 0x00, 0x00, 0x00,
0x00, 0x00, 0x00, 0x73, 0xFF, 0xFF, 0x72, 0x00, 0x00, 0x00, 0x00, 0x00, 0x00, 0x00, 0x00, 0x06,
0xA8, 0xA8, 0x06, 0x00, 0x00, 0x00, 0x00, 0x00, 0x00, 0x2B, 0x40, 0x40, 0xAC, 0xAC, 0x40, 0x40,
0x2B, 0x00, 0x00, 0x00, 0x9E, 0xEF, 0xE0, 0xE0, 0xF2, 0xF2, 0xE0, 0xE0, 0xEF, 0x9D, 0x00, 0x0A,
0xFB, 0x1A, 0x00, 0x00, 0x90, 0x90, 0x00, 0x00, 0x1B, 0xFB, 0x0A, 0x2F, 0xFF, 0x2F, 0x00, 0x06,
0xA8, 0xA8, 0x06, 0x00, 0x2F, 0xFF, 0x2F, 0xF3, 0xFF, 0xF2, 0x00, 0x73, 0xFF, 0xFF, 0x72, 0x00,
0xF3, 0xFF, 0xF2, 0xFF, 0xFF, 0xFF, 0x00, 0x80, 0xFF, 0xFF, 0x80, 0x00, 0xFF, 0xFF, 0xFF, 0x96,
0xC0, 0x96, 0x00, 0x3A, 0xBC, 0xBC, 0x39, 0x00, 0x96, 0xC0, 0x96, 0x00, 0x00, 0x00, 0x00, 0x00,
0x13, 0x13, 0x00, 0x00, 0x00, 0x00, 0x00, 0x00, 0x00, 0x00, 0x01, 0x36, 0xCD, 0xCD, 0x36, 0x01,
0x00, 0x00, 0x00, 0x00, 0x00, 0x43, 0xE1, 0xFF, 0xFF, 0xFF, 0xFF, 0xE1, 0x43, 0x00, 0x00, 0x00,
0x64, 0xFC, 0xFF, 0xFF, 0xFF, 0xFF, 0xFF, 0xFF, 0xFC, 0x63, 0x00, 0x1F, 0xF5, 0xFF, 0xFF, 0xFF,
0xFF, 0xFF, 0xFF, 0xFF, 0xFF, 0xF4, 0x1E, 0x9A, 0xFF, 0xFF, 0xFF, 0xFF, 0xFF, 0xFF, 0xFF, 0xFF,
0xFF, 0xFF, 0x99, 0xD1, 0xFF, 0xFF, 0xFF, 0xFF, 0xFF, 0xFF, 0xFF, 0xFF, 0xFF, 0xFF, 0xCF, 0xE5,
0x5B, 0x36, 0xB0, 0xEC, 0x71, 0x71, 0xEE, 0xAD, 0x36, 0x5C, 0xE5, 0x05, 0x00, 0x00, 0x03, 0x15,
0x43, 0x43, 0x17, 0x03, 0x00, 0x00, 0x05, 0x00, 0x00, 0x00, 0x00, 0x00, 0xBE, 0xBE, 0x00, 0x00,
0x00, 0x00, 0x00, 0x00, 0x00, 0x00, 0x00, 0x00, 0xC0, 0xC0, 0x00, 0x00, 0x00, 0x00, 0x00, 0x00,
0x00, 0x00, 0x90, 0x48, 0xD1, 0xBB, 0x00, 0x00, 0x00, 0x00, 0x00, 0x00, 0x00, 0x00, 0xBF, 0xFF,
0xFF, 0x77, 0x00, 0x00, 0x00, 0x00, 0x00, 0x00, 0x00, 0x00, 0x0F, 0x66, 0x55, 0x01, 0x00, 0x00,
0x00, 0x00, 0x00, 0x18, 0x72, 0x7F, 0x7F, 0x7F, 0x7F, 0x7C, 0x2E, 0x00, 0x00, 0x00, 0x00, 0xCA,
0xFF, 0xFF, 0xFF, 0xFF, 0xFF, 0xFF, 0xF6, 0x12, 0x00, 0x00, 0x00, 0xFF, 0xF6, 0x0C, 0x00, 0x00,
0x02, 0xC1, 0xFF, 0x3F, 0x00, 0x00, 0x00, 0xFF, 0xFF, 0xE9, 0xDF, 0xDB, 0x62, 0x2D, 0x1F, 0x07,
0x00, 0x00, 0x00, 0xFF, 0xFF, 0xFF, 0xFF, 0x7F, 0x22, 0xA1, 0xBF, 0xBF, 0x96, 0x1B, 0x00, 0xFF,
0xFF, 0xFF, 0xFF, 0x2E, 0xA2, 0xFF, 0xFF, 0xFF, 0xFF, 0xDD, 0x1D, 0xFF, 0xFF, 0xFF, 0xFF, 0x1F,
0xBF, 0xFF, 0xFF, 0xFF, 0xFF, 0xFF, 0xBA, 0xFF, 0xFF, 0xFF, 0xFF, 0x1F, 0xBF, 0xFF, 0xFF, 0xFF,
0xFF, 0xFF, 0xFE, 0xFF, 0xFF, 0xFF, 0xFF, 0x1F, 0xBF, 0xFF, 0xFF, 0xFF, 0xFF, 0xFF, 0xFF, 0xF2,
0xFF, 0xFF, 0xFF, 0x1F, 0xBF, 0xFF, 0xFF, 0xFF, 0xFF, 0xFF, 0xFF, 0x72, 0xF2, 0xFF, 0xFF, 0x1F,
0xBF, 0xFF, 0xFF, 0xFF, 0xFF, 0xFF, 0xFF, 0x00, 0x00, 0x00, 0x00, 0x00, 0x8B, 0xFF, 0xFF, 0xFF,
0xFF, 0xFF, 0xCA, 0x00, 0x00, 0x00, 0x00, 0x00, 0x0A, 0x62, 0x7F, 0x7F, 0x7F, 0x72, 0x19, 0x00,
0x00, 0x0F, 0x4B, 0x72, 0x4A, 0x0E, 0x00, 0x00, 0x00, 0x4A, 0xE7, 0xFF, 0xFF, 0xFF, 0xE6, 0x49,
0x00, 0x2B, 0xF8, 0xB8, 0x2D, 0x46, 0xFF, 0xFF, 0xF8, 0x2A, 0xAF, 0xDB, 0x08, 0x86, 0xEC, 0xFF,
0xFF, 0xFF, 0xAD, 0xE6, 0x92, 0x3F, 0xFF, 0xFF, 0xFF, 0xFF, 0xFF, 0xE5, 0xE7, 0xE5, 0xDA, 0xFF,
0xFF, 0xFF, 0xFF, 0xFF, 0xE6, 0xB0, 0xFF, 0xFF, 0xFF, 0xFF, 0xFF, 0xFF, 0xFF, 0xAF, 0x2C, 0xFA,
0xFF, 0xFF, 0xFF, 0xFF, 0xFF, 0xF9, 0x2A, 0x00, 0x82, 0xFF, 0xFF, 0xFF, 0xFF, 0xFF, 0x7E, 0x00,
0x00, 0x07, 0x7C, 0x7F, 0x7F, 0x7F, 0x7C, 0x06, 0x00, 0x00, 0x00, 0x47, 0x5F, 0x5F, 0x5F, 0x47,
0x00, 0x00, 0x00, 0x00, 0xA2, 0xFF, 0xFF, 0xFF, 0xA1, 0x00, 0x00, 0x00, 0x00, 0x1D, 0xB6, 0xDF,
0xB6, 0x1D, 0x00, 0x00, 0x00, 0x00, 0x00, 0x00, 0x00, 0x00, 0x00, 0x00, 0x3A, 0x3E, 0x00, 0x00,
0x00, 0x00, 0x00, 0x00, 0x00, 0x00, 0x00, 0x00, 0x9F, 0xFB, 0x53, 0x00, 0x23, 0x40, 0x40, 0x40,
0x40, 0x40, 0x40, 0x40, 0x4E, 0xE8, 0xFB, 0x54, 0xE6, 0xFF, 0xFF, 0xFF, 0xFF, 0xFF, 0xFF, 0xFF,
0xFF, 0xFF, 0xFF, 0xE4, 0x23, 0x40, 0x40, 0x40, 0x40, 0x40, 0x40, 0x40, 0x4D, 0xE7, 0xFC, 0x57,
0x00, 0x00, 0x00, 0x00, 0x00, 0x00, 0x00, 0x00, 0x9E, 0xFC, 0x57, 0x00, 0x00, 0x00, 0x40, 0x38,
0x00, 0x00, 0x00, 0x00, 0x3C, 0x41, 0x00, 0x00, 0x00, 0x57, 0xFC, 0x9B, 0x00, 0x00, 0x00, 0x00,
0x00, 0x00, 0x00, 0x00, 0x57, 0xFC, 0xE6, 0x4C, 0x40, 0x40, 0x40, 0x40, 0x40, 0x40, 0x40, 0x23,
0xE9, 0xFF, 0xFF, 0xFF, 0xFF, 0xFF, 0xFF, 0xFF, 0xFF, 0xFF, 0xFF, 0xE5, 0x5B, 0xFD, 0xE5, 0x4B,
0x40, 0x40, 0x40, 0x40, 0x40, 0x40, 0x40, 0x23, 0x00, 0x5B, 0xFD, 0x9A, 0x00, 0x00, 0x00, 0x00,
0x00, 0x00, 0x00, 0x00, 0x00, 0x00, 0x43, 0x3B, 0x00, 0x00, 0x00, 0x00, 0x00, 0x00, 0x00, 0x00,
0x00, 0x00, 0x00, 0x0D, 0x7E, 0xB3, 0x98, 0x28, 0x00, 0x00, 0x00, 0x00, 0x00, 0x00, 0x00, 0x00,
0x0D, 0xDA, 0xFF, 0xFF, 0xFF, 0xEC, 0x2C, 0x2A, 0x16, 0x00, 0x00, 0x00, 0x00, 0x00, 0x7F, 0xFF,
0xFF, 0xFF, 0xFF, 0xFF, 0xFD, 0xFF, 0xF9, 0x59, 0x00, 0x00, 0x00, 0x00, 0xB4, 0xFF, 0xFF, 0xFF,
0xED, 0xFE, 0xFF, 0xFF, 0xFF, 0xE4, 0x00, 0x00, 0x00, 0x5D, 0xEC, 0xFF, 0xFF, 0xFF, 0x37, 0xB8,
0xFF, 0xFF, 0xFF, 0xE2, 0x00, 0x00, 0x5E, 0xFF, 0xFF, 0xFF, 0xFD, 0xFA, 0x30, 0xB0, 0xF7, 0xFF,
0xFF, 0xF8, 0x57, 0x00, 0xD7, 0xFF, 0xFF, 0xFF, 0x9C, 0x2C, 0x20, 0x4A, 0x20, 0xFF, 0xFF, 0xFF,
0xFE, 0x21, 0xF3, 0xFF, 0xFF, 0xFF, 0xFB, 0x53, 0x00, 0x0D, 0xC6, 0xFF, 0xFF, 0xFF, 0xFF, 0x69,
0xC0, 0xFF, 0xFF, 0xFF, 0xFF, 0xFB, 0x78, 0xC7, 0xFF, 0xFF, 0xFF, 0xFF, 0xFF, 0x58, 0x35, 0xF6,
0xFF, 0xFF, 0xFF, 0xFF, 0xFF, 0xFF, 0xFF, 0xFF, 0xFF, 0xFF, 0xD6, 0x08, 0x00, 0x26, 0x93, 0xBC,
0xC0, 0xC0, 0xC0, 0xC0, 0xC0, 0xC0, 0xB9, 0x86, 0x10, 0x00, 0x00, 0x00, 0x00, 0x0D, 0x7E, 0xB3,
0x98, 0x28, 0x00, 0x00, 0x00, 0x00, 0x00, 0x00, 0x00, 0x00, 0x0D, 0xDA, 0xFF, 0xFF, 0xFF, 0xEC,
0x2C, 0x2A, 0x16, 0x00, 0x00, 0x00, 0x00, 0x00, 0x7F, 0xFF, 0xFF, 0xFF, 0xFF, 0xFF, 0xFD, 0xFF,
0xF9, 0x59, 0x00, 0x00, 0x00, 0x00, 0xB4, 0xFF, 0xFF, 0xFF, 0xED, 0xFE, 0xFF, 0xFF, 0xFF, 0xE4,
0x00, 0x00, 0x00, 0x5D, 0xEC, 0xFF, 0xFF, 0xC6, 0x0D, 0x5B, 0xFD, 0xFF, 0xFF, 0xE2, 0x00, 0x00,
0x5E, 0xFF, 0xFF, 0xFF, 0xCE, 0x0E, 0x08, 0x08, 0x60, 0xFF, 0xFF, 0xF8, 0x57, 0x00, 0xD7, 0xFF,
0xFF, 0xFF, 0xC6, 0xA3, 0x30, 0x97, 0x82, 0xFF, 0xFF, 0xFF, 0xFE, 0x21, 0xF3, 0xFF, 0xFF, 0xFF,
0xFF, 0xFF, 0x30, 0xB0, 0xFF, 0xFF, 0xFF, 0xFF, 0xFF, 0x69, 0xC0, 0xFF, 0xFF, 0xFF, 0xFF, 0xFF,
0x8B, 0xDD, 0xFF, 0xFF, 0xFF, 0xFF, 0xFF, 0x58, 0x35, 0xF6, 0xFF, 0xFF, 0xFF, 0xFF, 0xFF, 0xFF,
0xFF, 0xFF, 0xFF, 0xFF, 0xD6, 0x08, 0x00, 0x26, 0x93, 0xBC, 0xC0, 0xC0, 0xC0, 0xC0, 0xC0, 0xC0,
0xB9, 0x86, 0x10, 0x00, 0x00, 0x00, 0x00, 0x00, 0x27, 0x3F, 0x0C, 0x00, 0x00, 0x00, 0x00, 0x00,
0x00, 0x00, 0x9D, 0xFF, 0xFF, 0xE7, 0x35, 0x00, 0x00, 0x00, 0x00, 0x00, 0x52, 0xFF, 0xFF, 0xFF,
0xFF, 0xD1, 0x00, 0x00, 0x00, 0x00, 0x00, 0x83, 0xFF, 0xFF, 0xFF, 0xFF, 0xFD, 0x04, 0x00, 0x00,
0x00, 0x00, 0x52, 0xFF, 0xFF, 0xFF, 0xFF, 0xD1, 0x00, 0x00, 0x00, 0x00, 0x00, 0x00, 0x9F, 0xFF,
0xFF, 0xE8, 0x36, 0x00, 0x00, 0x00, 0x00, 0x00, 0x00, 0x00, 0x28, 0x40, 0x0C, 0x00, 0x00, 0x00,
0x00, 0x00, 0x00, 0x00, 0x00, 0x00, 0x00, 0x00, 0x00, 0x00, 0x00, 0x00, 0x00, 0x0B, 0x77, 0x26,
0xFF, 0xFF, 0xA6, 0x43, 0x3D, 0x00, 0x00, 0x02, 0xBF, 0xCF, 0x1A, 0xF6, 0xF8, 0x3C, 0x1B, 0xD4,
0x45, 0x00, 0x55, 0xFF, 0x55, 0x00, 0x97, 0xBF, 0x40, 0x7E, 0x80, 0xD3, 0x00, 0x90, 0xFF, 0xBE,
0x5C, 0xE3, 0xE8, 0xB2, 0xD7, 0xC3, 0xFF, 0x0F, 0x33, 0x7F, 0x7F, 0x7F, 0x7F, 0x7F, 0x7F, 0x7F,
0x7F, 0x71, 0x01, 0x00, 0x54, 0x80, 0x39, 0x00, 0x39, 0x80, 0x55, 0x00, 0x00, 0x00, 0x00, 0x00,
0x00, 0x2B, 0xFF, 0xFF, 0x93, 0x00, 0x93, 0xFF, 0xFF, 0x2B, 0x00, 0x00, 0x00, 0x00, 0x00, 0x40,
0xFF, 0x40, 0x00, 0x00, 0x00, 0x40, 0xFF, 0x40, 0x00, 0x16, 0x2F, 0x03, 0x00, 0x40, 0xFF, 0x40,
0x00, 0x00, 0x00, 0x40, 0xFF, 0x40, 0x5B, 0xF9, 0xFF, 0xC9, 0x0A, 0x40, 0xFF, 0x40, 0x00, 0x00,
0x00, 0x40, 0xFF, 0x40, 0xE5, 0xC6, 0x6D, 0xFF, 0x64, 0x2A, 0xFF, 0x59, 0x00, 0x00, 0x00, 0x5B,
0xFF, 0x28, 0xD7, 0xC5, 0x6C, 0xFF, 0x55, 0x03, 0xDF, 0xD2, 0x16, 0x00, 0x17, 0xD4, 0xDE, 0x03,
0x53, 0xF6, 0xFF, 0xBD, 0x0A, 0x00, 0x44, 0xF5, 0xF3, 0xCC, 0xF4, 0xF4, 0x42, 0x00, 0x00, 0x83,
0xFF, 0x03, 0x00, 0x00, 0x00, 0x29, 0xA7, 0xFF, 0xA7, 0x28, 0x00, 0x00, 0x00, 0x80, 0xFF, 0x00,
0x00, 0x00, 0x00, 0x00, 0x2C, 0xFF, 0x53, 0x00, 0x00, 0x00, 0x00, 0x94, 0xEB, 0x00, 0x00, 0x00,
0x00, 0x00, 0x03, 0xF1, 0xB1, 0x00, 0x00, 0x00, 0x0E, 0xE3, 0xB3, 0x00, 0x00, 0x00, 0x00, 0x00,
0x00, 0x69, 0xFF, 0xB1, 0x53, 0x60, 0xD4, 0xF9, 0x2D, 0x00, 0x00, 0x00, 0x00, 0x00, 0x00, 0x00,
0x69, 0xF1, 0xFF, 0xFF, 0xDB, 0x3E, 0x00, 0x00, 0x00, 0x00, 0x00, 0x00, 0x00, 0x00, 0x00, 0x03,
0x2C, 0x20, 0x00, 0x00, 0x00, 0x00, 0x00, 0x00, 0x00, 0x00, 0x0B, 0x66, 0x7F, 0x7F, 0x66, 0x0A,
0x00, 0x00, 0x00, 0x00, 0x00, 0x00, 0x7D, 0xD4, 0x9F, 0x9F, 0xD4, 0x7C, 0x00, 0x00, 0x00, 0x00,
0x32, 0x0F, 0x9F, 0x9F, 0x3F, 0x3F, 0x9F, 0x9F, 0x0F, 0x32, 0x00, 0xA6, 0xFF, 0x3F, 0x9F, 0xFF,
0xFF, 0xFF, 0xFF, 0x9F, 0x3F, 0xFF, 0xA4, 0xFC, 0xFF, 0x3F, 0x9F, 0xFF, 0xFF, 0xFF, 0xFF, 0x9F,
0x3F, 0xFF, 0xFC, 0xFF, 0xFF, 0x3F, 0x9F, 0xFF, 0xFF, 0xFF, 0xFF, 0x9F, 0x3F, 0xFF, 0xFF, 0xFF,
0xFF, 0x3F, 0x9F, 0xFF, 0xFF, 0xFF, 0xFF, 0x9F, 0x3F, 0xFF, 0xFF, 0xFF, 0xFF, 0x3F, 0x9F, 0xFF,
0xFF, 0xFF, 0xFF, 0x9F, 0x3F, 0xFF, 0xFF, 0xFF, 0xFF, 0x3F, 0x9F, 0xFF, 0xFF, 0xFF, 0xFF, 0x9F,
0x3F, 0xFF, 0xFF, 0xFF, 0xFF, 0x3F, 0x9F, 0xFF, 0xFF, 0xFF, 0xFF, 0x9F, 0x3F, 0xFF, 0xFF, 0xE2,
0xFF, 0x3F, 0x9F, 0xFF, 0xFF, 0xFF, 0xFF, 0x9F, 0x3F, 0xFF, 0xE1, 0x43, 0xB2, 0x2F, 0x77, 0xBF,
0xBF, 0xBF, 0xBF, 0x77, 0x2F, 0xB2, 0x41, 0x00, 0x00, 0x00, 0x00, 0x1C, 0x55, 0x00, 0x00, 0x00,
0x00, 0x00, 0x00, 0x00, 0x00, 0x42, 0xC6, 0xFC, 0x78, 0x11, 0x00, 0x00, 0x00, 0x00, 0x00, 0x77,
0xFF, 0xFF, 0xFF, 0xFF, 0xDA, 0x19, 0x00, 0x00, 0x00, 0x26, 0xFB, 0xFF, 0xFF, 0xFF, 0xFF, 0xFF,
0xA0, 0x00, 0x00, 0x00, 0x69, 0xFF, 0xFF, 0xFF, 0xFF, 0xFF, 0xFF, 0xE8, 0x00, 0x00, 0x00, 0x85,
0xFF, 0xFF, 0xFF, 0xFF, 0xFF, 0xFF, 0xFF, 0x04, 0x00, 0x00, 0xAA, 0xFF, 0xFF, 0xFF, 0xFF, 0xFF,
0xFF, 0xFF, 0x29, 0x00, 0x0D, 0xEA, 0xFF, 0xFF, 0xFF, 0xFF, 0xFF, 0xFF, 0xFF, 0x77, 0x00, 0x89,
0xFF, 0xFF, 0xFF, 0xFF, 0xFF, 0xFF, 0xFF, 0xFF, 0xF0, 0x18, 0xE6, 0xFF, 0xFF, 0xFF, 0xFF, 0xFF,
0xFF, 0xFF, 0xFF, 0xFF, 0x65, 0x1D, 0x3F, 0x3F, 0x3F, 0x3F, 0x3F, 0x3F, 0x3F, 0x3F, 0x39, 0x03,
0x00, 0x00, 0x00, 0x08, 0x98, 0x9F, 0x4F, 0x00, 0x00, 0x00, 0x00, 0x00, 0x00, 0x00, 0x00, 0x37,
0x64, 0x0C, 0x00, 0x00, 0x00, 0x00, 0x00, 0x39, 0xBC, 0xC0, 0xC0, 0xC0, 0xC0, 0xC0, 0xC0, 0xC0,
0xB9, 0x84, 0x0F, 0x00, 0x00, 0x80, 0xFF, 0xFF, 0xFF, 0xFF, 0xFF, 0xFF, 0xFF, 0xFF, 0xED, 0xFF,
0xD4, 0x07, 0x00, 0x80, 0xFF, 0xFF, 0xFF, 0xFF, 0xFF, 0xFF, 0xFF, 0xFF, 0x80, 0x5B, 0xFF, 0x57,
0x00, 0x80, 0xFF, 0xFF, 0xFF, 0xFF, 0xFF, 0xFF, 0xFF, 0xFF, 0x80, 0x21, 0xFF, 0x6F, 0x00, 0x80,
0xFF, 0xFF, 0xFF, 0xFF, 0xFF, 0xFF, 0xFF, 0xFF, 0xAD, 0xBE, 0xFD, 0x2E, 0x00, 0x80, 0xFF, 0xFF,
0xFF, 0xFF, 0xFF, 0xFF, 0xFF, 0xFF, 0xFF, 0xF7, 0x69, 0x00, 0x00, 0x71, 0xFF, 0xFF, 0xFF, 0xFF,
0xFF, 0xFF, 0xFF, 0xFF, 0x8A, 0x0E, 0x00, 0x00, 0x00, 0x1F, 0xF0, 0xFF, 0xFF, 0xFF, 0xFF, 0xFF,
0xFF, 0xEF, 0x1E, 0x00, 0x00, 0x00, 0x00, 0x00, 0x1F, 0x71, 0x80, 0x80, 0x80, 0x80, 0x71, 0x1E,
0x00, 0x00, 0x00, 0x00, 0x00, 0x00, 0x00, 0x00, 0x00, 0x00, 0x00, 0x00, 0x00, 0x00, 0x00, 0x00,
0x00, 0x00, 0x20, 0xF2, 0xFF, 0xFF, 0xFF, 0xFF, 0xFF, 0xFF, 0xFF, 0xFF, 0xF2, 0x1F, 0x00, 0x00,
0x06, 0x73, 0x80, 0x80, 0x80, 0x80, 0x80, 0x80, 0x80, 0x80, 0x73, 0x06, 0x00, 0x00, 0x12, 0x2E,
0x1E, 0x1E, 0x2E, 0x12, 0x00, 0x00, 0x00, 0x21, 0x69, 0x06, 0x51, 0x90, 0x6F, 0x6E, 0x91, 0x50,
0x00, 0x00, 0x4A, 0xF6, 0xFF, 0x3C, 0x6C, 0xAB, 0x85, 0x84, 0xAA, 0x6B, 0x00, 0x10, 0xED, 0xFF,
0xFF, 0x3F, 0x86, 0xC5, 0x9C, 0x9B, 0xC3, 0x85, 0x00, 0x46, 0xFF, 0xFF, 0xFF, 0x3F, 0x95, 0xFB,
0xF2, 0xF2, 0xFB, 0x95, 0x00, 0x75, 0xFF, 0xFF, 0xFF, 0x3F, 0x49, 0xFE, 0xFF, 0xFF, 0xFE, 0x47,
0x00, 0x7F, 0xFF, 0xFF, 0xFF, 0x3F, 0x00, 0x3C, 0xDD, 0xDD, 0x3B, 0x00, 0x00, 0x7F, 0xFF, 0xFF,
0xFF, 0x3F, 0x00, 0x00, 0xBF, 0xBF, 0x00, 0x00, 0x00, 0x62, 0xFF, 0xFF, 0xFF, 0x3F, 0x00, 0x00,
0xBF, 0xBF, 0x00, 0x00, 0x00, 0x0A, 0x8B, 0xCF, 0xFF, 0x3F, 0x00, 0x00, 0xBF, 0xBF, 0x00, 0x00,
0x00, 0x00, 0x00, 0x3F, 0xFF, 0x3F, 0x00, 0x00, 0xBF, 0xBF, 0x00, 0x00, 0x00, 0x00, 0x00, 0x3F,
0xFF, 0x3F, 0x00, 0x00, 0xBC, 0xBC, 0x00, 0x00, 0x00, 0x00, 0x00, 0x3C, 0xFF, 0x3C, 0x00, 0x00,
0x3A, 0x39, 0x00, 0x00, 0x00, 0x00, 0x00, 0x06, 0x66, 0x06, 0x18, 0x72, 0x80, 0x80, 0x80, 0x49,
0x01, 0x00, 0x00, 0xCB, 0xFF, 0xFF, 0xFF, 0xFE, 0xFF, 0x99, 0x01, 0x00, 0xFF, 0xFF, 0xFF, 0xFF,
0xE0, 0x82, 0xFF, 0x99, 0x01, 0xFF, 0xFF, 0xFF, 0xFF, 0xE0, 0x00, 0x7F, 0xFF, 0x84, 0xFF, 0xFF,
0xFF, 0xFF, 0xF9, 0x6A, 0x60, 0xCC, 0xF1, 0xFF, 0xFF, 0xFF, 0xFF, 0xFF, 0xFF, 0xFF, 0xFF, 0xFF,
0xFF, 0xFF, 0xB7, 0x80, 0x80, 0x80, 0xB8, 0xFF, 0xFF, 0xFF, 0xFF, 0x9F, 0x60, 0x60, 0x60, 0xA0,
0xFF, 0xFF, 0xFF, 0xFF, 0xE2, 0xC0, 0xC0, 0xC0, 0xE3, 0xFF, 0xFF, 0xFF, 0xFF, 0x74, 0x20, 0x20,
0x20, 0x75, 0xFF, 0xFF, 0xFF, 0xFF, 0xFF, 0xFF, 0xFF, 0xFF, 0xFF, 0xFF, 0xFF, 0xCB, 0xFF, 0xFF,
0xFF, 0xFF, 0xFF, 0xFF, 0xFF, 0xC9, 0x1A, 0x73, 0x80, 0x80, 0x80, 0x80, 0x80, 0x72, 0x19, 0x18,
0x72, 0x7F, 0x7F, 0x7F, 0x7F, 0x7F, 0x72, 0x18, 0xCA, 0xFF, 0xFF, 0xFF, 0xFF, 0xFF, 0xFF, 0xFF,
0xC9, 0xFF, 0xFF, 0xDF, 0xE0, 0xFF, 0xDF, 0xE0, 0xFF, 0xFF, 0xFF, 0xFF, 0x43, 0x44, 0xFF, 0x43,
0x44, 0xFF, 0xFF, 0xFF, 0xFF, 0xDF, 0xE0, 0xFF, 0xDF, 0xE0, 0xFF, 0xFF, 0xFF, 0xFF, 0xDF, 0xE0,
0xFF, 0xDF, 0xE0, 0xFF, 0xFF, 0xFF, 0xFF, 0x43, 0x44, 0xFF, 0x43, 0x44, 0xFF, 0xFF, 0xFF, 0xFF,
0xDF, 0xE0, 0xFF, 0xDF, 0xE0, 0xFF, 0xFF, 0xFF, 0xFF, 0xFF, 0xF4, 0xC1, 0xF4, 0xFF, 0xFF, 0xFF,
0xFF, 0xFF, 0xFF, 0x6C, 0x00, 0x6D, 0xFF, 0xFF, 0xFF, 0xFF, 0xFF, 0xFF, 0x5F, 0x00, 0x5F, 0xFF,
0xFF, 0xFF, 0xCB, 0xFF, 0xFF, 0xC3, 0x9F, 0xC3, 0xFF, 0xFF, 0xCA, 0x1A, 0x72, 0x7F, 0x7F, 0x7F,
0x7F, 0x7F, 0x72, 0x19, 0x00, 0x00, 0x00, 0x18, 0x72, 0x80, 0x80, 0x80, 0x80, 0x49, 0x01, 0x00,
0x00, 0x00, 0x00, 0x00, 0x00, 0xCB, 0xFF, 0xFF, 0xFF, 0xFF, 0xFF, 0xFF, 0x49, 0x00, 0x00, 0x00,
0x00, 0x00, 0x00, 0xFF, 0xFF, 0xFF, 0xB7, 0xEE, 0xFF, 0xFF, 0x80, 0x00, 0x00, 0x00, 0x18, 0x72,
0x80, 0xFF, 0xFF, 0xC6, 0x21, 0x79, 0xEE, 0xFF, 0xC0, 0x80, 0x49, 0x01, 0xCB, 0xFF, 0xFF, 0xFF,
0xFF, 0x4F, 0x09, 0x21, 0xB7, 0xFF, 0xFF, 0xFF, 0xFF, 0x49, 0xFF, 0x91, 0x12, 0xFF, 0xFF, 0xFF,
0x4F, 0xC6, 0xFF, 0xFF, 0x91, 0x12, 0xFF, 0x80, 0xFF, 0xD2, 0x91, 0xFF, 0xFF, 0xFF, 0xFF, 0xFF,
0xFF, 0xFF, 0xD2, 0x91, 0xFF, 0x80, 0xFF, 0xFF, 0xFF, 0xFF, 0xFF, 0xFF, 0xFF, 0xFF, 0xFF, 0xFF,
0xFF, 0xFF, 0xFF, 0x80, 0xFF, 0x91, 0x12, 0xFF, 0xFF, 0xFD, 0xC7, 0xE4, 0xFF, 0xFF, 0x91, 0x12,
0xFF, 0x80, 0xFF, 0xD2, 0x91, 0xFF, 0xFF, 0xAC, 0x00, 0x2D, 0xFF, 0xFF, 0xD2, 0x91, 0xFF, 0x80,
0xFF, 0xFF, 0xFF, 0xFF, 0xFF, 0xA0, 0x00, 0x20, 0xFF, 0xFF, 0xFF, 0xFF, 0xFF, 0x80, 0xCB, 0xFF,
0xFF, 0xFF, 0xFF, 0xDC, 0xA0, 0xAC, 0xFF, 0xFF, 0xFF, 0xFF, 0xFF, 0x49, 0x1A, 0x73, 0x80, 0x80,
0x80, 0x80, 0x80, 0x80, 0x80, 0x80, 0x80, 0x80, 0x4B, 0x01, 0x41, 0xB2, 0xBF, 0xBF, 0xBF, 0xBF,
0xBF, 0xBF, 0xA1, 0x21, 0x00, 0x00, 0x00, 0x00, 0xE2, 0xFF, 0xFF, 0xFF, 0xFF, 0xFF, 0xFF, 0xFF,
0xFF, 0xA1, 0x00, 0x00, 0x00, 0x00, 0xFF, 0xFF, 0xFF, 0xFF, 0x77, 0xA3, 0xFF, 0xFF, 0xFF, 0xDF,
0x7F, 0x41, 0x00, 0x00, 0xFF, 0xFF, 0xFB, 0xA4, 0x13, 0x3B, 0xB7, 0xFF, 0xFF, 0xFF, 0xFF, 0xFF,
0x8A, 0x00, 0xFF, 0xFF, 0xD7, 0x00, 0x00, 0x00, 0x18, 0xFF, 0xFF, 0xBF, 0x00, 0x90, 0xFF, 0x41,
0xFF, 0xFF, 0xFF, 0xE3, 0x1B, 0x53, 0xEC, 0xFF, 0xFF, 0xBF, 0x00, 0x00, 0xFF, 0x7F, 0xFF, 0xFF,
0xFF, 0xFF, 0xAF, 0xCB, 0xFF, 0xFF, 0xFF, 0xEF, 0xBF, 0xBF, 0xFF, 0x7F, 0xFF, 0xFF, 0xFF, 0xFF,
0xFF, 0xFF, 0xFF, 0xFF, 0xFF, 0xFF, 0xFF, 0xFF, 0xFF, 0x7F, 0xF2, 0xFF, 0xF7, 0x9B, 0xEE, 0xFF,
0xFF, 0xFF, 0xFF, 0xB8, 0xC8, 0xFF, 0xFF, 0x72, 0x72, 0xF2, 0xBA, 0x00, 0x9B, 0xFF, 0xFF, 0xFF,
0xFF, 0x1A, 0x3B, 0xFF, 0xCA, 0x18, 0x00, 0x23, 0xF0, 0xBA, 0xF3, 0x37, 0x00, 0x00, 0xB7, 0xD1,
0xDC, 0x93, 0x00, 0x00, 0x00, 0x00, 0x23, 0x6A, 0x2D, 0x00, 0x00, 0x00, 0x0B, 0x5A, 0x4F, 0x05,
0x00, 0x00, 0x00, 0x00, 0x00, 0x0B, 0x66, 0x80, 0x80, 0x66, 0x0A, 0x00, 0x00, 0x00, 0x00, 0x00,
0x00, 0x7D, 0xD4, 0xA0, 0xA0, 0xD4, 0x7C, 0x00, 0x00, 0x00, 0x00, 0x32, 0x10, 0xA0, 0xA0, 0x40,
0x40, 0xA0, 0xA0, 0x10, 0x32, 0x00, 0xA6, 0xFF, 0x40, 0xA0, 0xFF, 0xFF, 0xFF, 0xFF, 0xA0, 0x40,
0xFF, 0xA4, 0xFC, 0xFF, 0x40, 0xA0, 0xFF, 0xFF, 0xFF, 0xFF, 0xA0, 0x40, 0xFF, 0xFC, 0xFF, 0xFF,
0x40, 0xA0, 0xFF, 0xA9, 0xA9, 0xFF, 0xA0, 0x40, 0xFF, 0xFF, 0xFF, 0xFF, 0x40, 0xA0, 0xB7, 0x34,
0x34, 0xB7, 0xA0, 0x40, 0xFF, 0xFF, 0xFF, 0xFF, 0x40, 0xA0, 0x47, 0x08, 0x08, 0x47, 0xA0, 0x40,
0xFF, 0xFF, 0xFF, 0xFF, 0x40, 0xA0, 0xFF, 0x5F, 0x60, 0xFF, 0xA0, 0x40, 0xFF, 0xFF, 0xFF, 0xFF,
0x40, 0xA0, 0xFF, 0xF4, 0xF5, 0xFF, 0xA0, 0x40, 0xFF, 0xFF, 0xE2, 0xFF, 0x40, 0xA0, 0xFF, 0xFF,
0xFF, 0xFF, 0xA0, 0x40, 0xFF, 0xE1, 0x43, 0xB3, 0x30, 0x78, 0xC0, 0xC0, 0xC0, 0xC0, 0x78, 0x30,
0xB2, 0x41, 0x00, 0x00, 0x00, 0x68, 0x7F, 0x7F, 0x7F, 0x27, 0x00, 0x00, 0x00, 0x00, 0x00, 0x00,
0x00, 0x00, 0x00, 0xA0, 0xFF, 0xF9, 0xA1, 0x37, 0x00, 0x00, 0x00, 0x00, 0x00, 0x00, 0x00, 0x00,
0x00, 0x3F, 0xFF, 0xFF, 0x76, 0x00, 0x00, 0x00, 0x00, 0x00, 0x00, 0x00, 0x6D, 0x26, 0x00, 0x3F,
0xFF, 0xFF, 0xFB, 0x3B, 0x00, 0x00, 0x00, 0x00, 0x00, 0x00, 0xFF, 0xDC, 0x11, 0x3F, 0xFF, 0xFF,
0xFF, 0xE3, 0x13, 0x00, 0x00, 0x00, 0x00, 0x00, 0xF0, 0xFF, 0xE3, 0xDB, 0xFF, 0xFF, 0xFF, 0xFF,
0xE3, 0xCF, 0xCF, 0xA7, 0x46, 0x01, 0x00, 0xA1, 0xFF, 0xFF, 0xFF, 0xFF, 0xFF, 0xFF, 0xFF, 0xFF,
0xFF, 0xFF, 0xFF, 0x52, 0xF0, 0xFF, 0xE3, 0xDB, 0xFF, 0xFF, 0xFF, 0xFF, 0xE3, 0xCF, 0xCF, 0xAA,
0x49, 0x01, 0xFF, 0xDC, 0x11, 0x3F, 0xFF, 0xFF, 0xFF, 0xE3, 0x14, 0x00, 0x00, 0x00, 0x00, 0x00,
0x6D, 0x26, 0x00, 0x3F, 0xFF, 0xFF, 0xFB, 0x3B, 0x00, 0x00, 0x00, 0x00, 0x00, 0x00, 0x00, 0x00,
0x00, 0x3F, 0xFF, 0xFF, 0x76, 0x00, 0x00, 0x00, 0x00, 0x00, 0x00, 0x00, 0x00, 0x00, 0x00, 0x9F,
0xFF, 0xFA, 0xA1, 0x37, 0x00, 0x00, 0x00, 0x00, 0x00, 0x00, 0x00, 0x00, 0x00, 0x68, 0x7F, 0x7F,
0x7F, 0x28, 0x00, 0x00, 0x00, 0x00, 0x00, 0x00, 0x1C, 0xAA, 0xC0, 0xC0, 0xC0, 0xC0, 0xC0, 0xC0,
0xAA, 0x1C, 0x00, 0x00, 0x00, 0x78, 0xFF, 0xFF, 0xFF, 0xFF, 0xFF, 0xFF, 0xFF, 0xFF, 0x98, 0x40,
0x12, 0x00, 0x80, 0xFF, 0xC8, 0xD8, 0xD0, 0xD0, 0xD7, 0xC8, 0xFF, 0xFF, 0xFF, 0xF6, 0x2E, 0x80,
0xFF, 0x60, 0x80, 0x70, 0x70, 0x80, 0x60, 0xFF, 0xA0, 0x40, 0xFF, 0x7C, 0x80, 0xFF, 0x60, 0x80,
0x70, 0x70, 0x80, 0x60, 0xFF, 0x80, 0x00, 0xFF, 0x80, 0x80, 0xFF, 0x60, 0x80, 0x70, 0x70, 0x80,
0x60, 0xFF, 0x80, 0x0C, 0xFF, 0x7E, 0x80, 0xFF, 0x60, 0x80, 0x70, 0x70, 0x80, 0x60, 0xFF, 0xCB,
0xEB, 0xFB, 0x3D, 0x80, 0xFF, 0x60, 0x80, 0x70, 0x70, 0x80, 0x60, 0xFF, 0xFF, 0xB7, 0x34, 0x00,
0x79, 0xFF, 0xC7, 0xD7, 0xCF, 0xCF, 0xD7, 0xC8, 0xFF, 0x85, 0x00, 0x00, 0x00, 0x37, 0xFE, 0xFF,
0xFF, 0xFF, 0xFF, 0xFF, 0xFF, 0xFE, 0x36, 0x00, 0x00, 0x00, 0x00, 0x51, 0xB1, 0xC0, 0xC0, 0xC0,
0xC0, 0xB1, 0x50, 0x00, 0x00, 0x00, 0x00, 0x41, 0xB2, 0xBF, 0xBF, 0xBF, 0xBF, 0xBF, 0xBF, 0xBF,
0x89, 0x09, 0xE2, 0xFF, 0xFF, 0xFF, 0xFF, 0xFF, 0xFF, 0xFF, 0xFF, 0xFF, 0x61, 0xFF, 0xFF, 0xFF,
0xF6, 0xFF, 0xFF, 0xF9, 0xFD, 0xFF, 0xFF, 0x7F, 0xFF, 0xFF, 0xFF, 0x0C, 0xE9, 0xFF, 0x6A, 0x8B,
0xFF, 0xFF, 0x7F, 0xFF, 0xFF, 0xFF, 0x00, 0xD1, 0xEF, 0x59, 0x7F, 0xFF, 0xFF, 0x7F, 0xFF, 0xFF,
0xFF, 0x00, 0x00, 0x00, 0x00, 0x7F, 0xFF, 0xFF, 0x7F, 0xFF, 0xFF, 0xFF, 0x00, 0xD1, 0xEF, 0x59,
0x7F, 0xFF, 0xFF, 0x7F, 0xFF, 0xFF, 0xFF, 0x0C, 0xE9, 0xFF, 0x6A, 0x8A, 0xFF, 0xFF, 0x7F, 0xFF,
0xFF, 0xFF, 0xF6, 0xFF, 0xFF, 0xF9, 0xFC, 0xFF, 0xFF, 0x7F, 0xE2, 0xFF, 0xFF, 0xFF, 0xFF, 0xFF,
0xFF, 0xFF, 0xFF, 0xFF, 0x61, 0x43, 0xB2, 0xBF, 0xBF, 0xBF, 0xBF, 0xBF, 0xBF, 0xBF, 0x8A, 0x09,
0x41, 0xB2, 0xBF, 0xBF, 0xBF, 0xBF, 0xBF, 0xBF, 0xBF, 0x89, 0x09, 0xE2, 0xFF, 0xFF, 0xFF, 0xFF,
0xFF, 0xFF, 0xFF, 0xFF, 0xFF, 0x61, 0xFF, 0xFF, 0xFF, 0xFF, 0xFF, 0xF6, 0xFF, 0xFF, 0xFF, 0xFF,
0x7F, 0xFF, 0xFF, 0xFF, 0xFF, 0xBA, 0x3B, 0xFF, 0xFF, 0xFF, 0xFF, 0x7F, 0xFF, 0xFF, 0xFF, 0xF1,
0xA4, 0x2C, 0xEF, 0xF9, 0xFF, 0xFF, 0x7F, 0xFF, 0xFF, 0xBF, 0x00, 0x00, 0x00, 0x00, 0x41, 0xFF,
0xFF, 0x7F, 0xFF, 0xFF, 0xFF, 0xF1, 0xA4, 0x2C, 0xEF, 0xF9, 0xFF, 0xFF, 0x7F, 0xFF, 0xFF, 0xFF,
0xFF, 0xBA, 0x3A, 0xFF, 0xFF, 0xFF, 0xFF, 0x7F, 0xFF, 0xFF, 0xFF, 0xFF, 0xFF, 0xF6, 0xFF, 0xFF,
0xFF, 0xFF, 0x7F, 0xE2, 0xFF, 0xFF, 0xFF, 0xFF, 0xFF, 0xFF, 0xFF, 0xFF, 0xFF, 0x61, 0x43, 0xB2,
0xBF, 0xBF, 0xBF, 0xBF, 0xBF, 0xBF, 0xBF, 0x8A, 0x09, 0x00, 0x00, 0x00, 0x57, 0xE4, 0x1E, 0x00,
0x0D, 0xBC, 0x90, 0x00, 0x00, 0x57, 0xFC, 0xC5, 0x06, 0x0D, 0xC6, 0xFB, 0x50, 0x00, 0x57, 0xFC,
0xC3, 0x0D, 0x0D, 0xC6, 0xFB, 0x55, 0x00, 0x57, 0xFC, 0xC2, 0x0C, 0x0D, 0xC6, 0xFB, 0x53, 0x00,
0x00, 0xE9, 0xF5, 0x16, 0x00, 0x69, 0xFF, 0x8C, 0x00, 0x00, 0x00, 0x5B, 0xFD, 0xC1, 0x0B, 0x0F,
0xC9, 0xFA, 0x51, 0x00, 0x00, 0x00, 0x5B, 0xFD, 0xC1, 0x0C, 0x0F, 0xC9, 0xFB, 0x53, 0x00, 0x00,
0x00, 0x5B, 0xFD, 0xC2, 0x06, 0x0F, 0xC9, 0xFB, 0x4E, 0x00, 0x00, 0x00, 0x5B, 0xE9, 0x1F, 0x00,
0x0F, 0xC0, 0x93, 0x1E, 0xE3, 0x54, 0x00, 0x00, 0x90, 0xBA, 0x0C, 0x00, 0x00, 0x00, 0x06, 0xC4,
0xFB, 0x53, 0x00, 0x4E, 0xFB, 0xC2, 0x0C, 0x00, 0x00, 0x00, 0x0C, 0xC4, 0xFB, 0x53, 0x00, 0x55,
0xFB, 0xC2, 0x0C, 0x00, 0x00, 0x00, 0x0C, 0xC4, 0xFB, 0x54, 0x00, 0x55, 0xFB, 0xC2, 0x0C, 0x00,
0x00, 0x00, 0x19, 0xF6, 0xE7, 0x00, 0x00, 0x90, 0xFF, 0x67, 0x00, 0x00, 0x0C, 0xC2, 0xFC, 0x58,
0x00, 0x53, 0xFB, 0xC6, 0x0D, 0x00, 0x0B, 0xC2, 0xFC, 0x57, 0x00, 0x52, 0xFB, 0xC6, 0x0D, 0x00,
0x05, 0xC1, 0xFC, 0x57, 0x00, 0x4B, 0xFA, 0xC6, 0x0D, 0x00, 0x00, 0x1F, 0xE8, 0x57, 0x00, 0x00,
0x92, 0xBE, 0x0D, 0x00, 0x00, 0x00, 0x00, 0x00, 0x00, 0x2A, 0xA4, 0x28, 0x00, 0x00, 0x00, 0x00,
0x00, 0x2A, 0xE9, 0xFF, 0xE7, 0x27, 0x00, 0x00, 0x00, 0x2A, 0xE9, 0xE7, 0x50, 0xE8, 0xE7, 0x27,
0x00, 0x2A, 0xE9, 0xE8, 0x29, 0x00, 0x2A, 0xE9, 0xE7, 0x27, 0xDE, 0xE9, 0x2A, 0x00, 0x24, 0x00,
0x2B, 0xEA, 0xDA, 0x5A, 0x24, 0x00, 0x93, 0xFF, 0x8E, 0x00, 0x26, 0x58, 0x00, 0x00, 0x93, 0xFF,
0xCF, 0xFF, 0x8E, 0x00, 0x00, 0x00, 0x93, 0xFF, 0x90, 0x01, 0x92, 0xFF, 0x8E, 0x00, 0x8E, 0xFF,
0x91, 0x00, 0x00, 0x00, 0x94, 0xFF, 0x89, 0xD5, 0x8D, 0x00, 0x00, 0x00, 0x00, 0x01, 0x90, 0xD1,
0xD1, 0x89, 0x00, 0x00, 0x00, 0x00, 0x00, 0x8C, 0xCD, 0x91, 0xFF, 0x8D, 0x00, 0x00, 0x00, 0x90,
0xFF, 0x8C, 0x01, 0x97, 0xFF, 0x8C, 0x00, 0x8E, 0xFF, 0x93, 0x00, 0x00, 0x01, 0x97, 0xFF, 0xCB,
0xFF, 0x93, 0x00, 0x00, 0x56, 0x22, 0x01, 0x97, 0xFF, 0x93, 0x00, 0x23, 0x54, 0xE0, 0xE7, 0x27,
0x00, 0x29, 0x00, 0x29, 0xE8, 0xDB, 0x2D, 0xEB, 0xE6, 0x26, 0x00, 0x27, 0xE7, 0xE9, 0x2A, 0x00,
0x2D, 0xEB, 0xE5, 0x4C, 0xE6, 0xE9, 0x2A, 0x00, 0x00, 0x00, 0x2D, 0xEB, 0xFF, 0xE9, 0x2A, 0x00,
0x00, 0x00, 0x00, 0x00, 0x2D, 0xA9, 0x2A, 0x00, 0x00, 0x00, 0x00, 0x00, 0x00, 0x57, 0xE4, 0x1E,
0x00, 0x00, 0x57, 0xFC, 0xC5, 0x06, 0x00, 0x57, 0xFC, 0xC3, 0x0D, 0x00, 0x57, 0xFC, 0xC2, 0x0C,
0x00, 0x00, 0xE9, 0xF5, 0x16, 0x00, 0x00, 0x00, 0x5B, 0xFD, 0xC1, 0x0B, 0x00, 0x00, 0x00, 0x5B,
0xFD, 0xC1, 0x0C, 0x00, 0x00, 0x00, 0x5B, 0xFD, 0xC2, 0x06, 0x00, 0x00, 0x00, 0x5B, 0xE9, 0x1F,
0x1E, 0xE3, 0x54, 0x00, 0x00, 0x00, 0x06, 0xC4, 0xFB, 0x53, 0x00, 0x00, 0x00, 0x0C, 0xC4, 0xFB,
0x53, 0x00, 0x00, 0x00, 0x0C, 0xC4, 0xFB, 0x54, 0x00, 0x00, 0x00, 0x19, 0xF7, 0xE7, 0x00, 0x00,
0x0C, 0xC2, 0xFC, 0x58, 0x00, 0x0B, 0xC2, 0xFC, 0x57, 0x00, 0x05, 0xC1, 0xFC, 0x57, 0x00, 0x00,
0x1F, 0xE8, 0x57, 0x00, 0x00, 0x00, 0x00, 0x00, 0x00, 0x0D, 0x64, 0x0C, 0x00, 0x00, 0x00, 0x00,
0x00, 0x0D, 0xC6, 0xFF, 0xC2, 0x0C, 0x00, 0x00, 0x00, 0x0D, 0xC6, 0xFB, 0x90, 0xFB, 0xC2, 0x0C,
0x00, 0x0D, 0xC6, 0xFB, 0x55, 0x00, 0x56, 0xFC, 0xC2, 0x0C, 0xBE, 0xFC, 0x56, 0x00, 0x00, 0x00,
0x59, 0xFC, 0xB9, 0x97, 0x51, 0x00, 0x00, 0x00, 0x00, 0x00, 0x54, 0x95, 0x93, 0x4E, 0x00, 0x00,
0x00, 0x00, 0x00, 0x50, 0x90, 0xC0, 0xFB, 0x53, 0x00, 0x00, 0x00, 0x55, 0xFB, 0xBC, 0x0F, 0xC9,
0xFB, 0x51, 0x00, 0x53, 0xFB, 0xC6, 0x0D, 0x00, 0x0F, 0xC9, 0xFA, 0x8C, 0xFB, 0xC6, 0x0D, 0x00,
0x00, 0x00, 0x0F, 0xC9, 0xFF, 0xC6, 0x0D, 0x00, 0x00, 0x00, 0x00, 0x00, 0x0F, 0x69, 0x0D, 0x00,
0x00, 0x00, 0x41, 0xB2, 0xBF, 0xBF, 0xBF, 0xBF, 0xBF, 0xBF, 0xBF, 0xBF, 0xB2, 0x40, 0xE2, 0xF9,
0xC3, 0xBF, 0xBF, 0xBF, 0xBF, 0xBF, 0xBF, 0xC3, 0xF9, 0xE1, 0xFF, 0x8C, 0x00, 0x00, 0x00, 0x00,
0x00, 0x00, 0x00, 0x00, 0x8D, 0xFF, 0xFF, 0x7F, 0x00, 0x00, 0x00, 0x00, 0x00, 0x00, 0x00, 0x00,
0x7F, 0xFF, 0xFF, 0x7F, 0x00, 0x00, 0x00, 0x00, 0x00, 0x00, 0x00, 0x00, 0x7F, 0xFF, 0xFF, 0x7F,
0x00, 0x00, 0x00, 0x00, 0x00, 0x00, 0x00, 0x00, 0x7F, 0xFF, 0xFF, 0xA5, 0x03, 0x00, 0x00, 0x00,
0x00, 0x00, 0x00, 0x03, 0xA6, 0xFF, 0xFC, 0xFF, 0xFF, 0xFF, 0xFF, 0xFF, 0xFF, 0xFF, 0xFF, 0xFF,
0xFF, 0xFC, 0xA8, 0xFF, 0xFF, 0xFF, 0xFF, 0xFF, 0xFF, 0xFF, 0xFF, 0xFF, 0xFF, 0xA6, 0x00, 0x32,
0x3F, 0x3F, 0x70, 0xFF, 0xFF, 0x6F, 0x3F, 0x3F, 0x32, 0x00, 0x00, 0x00, 0x5F, 0x9F, 0xCA, 0xFF,
0xFF, 0xC9, 0x9F, 0x5F, 0x00, 0x00, 0x00, 0x00, 0x48, 0x7F, 0x7F, 0x7F, 0x7F, 0x7F, 0x7F, 0x48,
0x00, 0x00, 0x00, 0x0A, 0x89, 0xBF, 0xBF, 0xBF, 0xBF, 0xBF, 0xBF, 0xBF, 0xBF, 0xBF, 0x89, 0x09,
0x00, 0x00, 0x62, 0xFF, 0xBF, 0xBF, 0xBF, 0xBF, 0xBF, 0xBF, 0xBF, 0xBF, 0xBF, 0xFF, 0x61, 0x00,
0x00, 0x7F, 0xFF, 0x00, 0x00, 0x00, 0x00, 0x00, 0x00, 0x00, 0x00, 0x00, 0xFF, 0x7F, 0x00, 0x00,
0x7F, 0xFF, 0x00, 0x00, 0x00, 0x00, 0x00, 0x00, 0x00, 0x00, 0x00, 0xFF, 0x7F, 0x00, 0x00, 0x7F,
0xFF, 0x00, 0x00, 0x00, 0x00, 0x00, 0x00, 0x00, 0x00, 0x00, 0xFF, 0x7F, 0x00, 0x00, 0x7F, 0xFF,
0x00, 0x00, 0x00, 0x00, 0x00, 0x00, 0x00, 0x00, 0x00, 0xFF, 0x7F, 0x00, 0x00, 0x7F, 0xFF, 0x00,
0x00, 0x00, 0x00, 0x00, 0x00, 0x00, 0x00, 0x00, 0xFF, 0x7F, 0x00, 0x00, 0x2F, 0x5F, 0x00, 0x00,
0x00, 0x00, 0x00, 0x00, 0x00, 0x00, 0x00, 0x5F, 0x2F, 0x00, 0x66, 0x7F, 0x7F, 0x7F, 0x7F, 0x7F,
0x7F, 0x7F, 0x7F, 0x7F, 0x7F, 0x7F, 0x7F, 0x7F, 0x65, 0xDD, 0xFF, 0xFF, 0xFF, 0xFF, 0xFF, 0xFF,
0xFF, 0xFF, 0xFF, 0xFF, 0xFF, 0xFF, 0xFF, 0xDC, 0x33, 0xAF, 0xBF, 0xBF, 0xBF, 0xBF, 0xBF, 0xBF,
0xBF, 0xBF, 0xBF, 0xBF, 0xBF, 0xAF, 0x33, 0x18, 0x72, 0x7F, 0x7F, 0x7F, 0x7F, 0x7F, 0x7F, 0x7F,
0x49, 0x01, 0xCA, 0xFF, 0xFF, 0xFF, 0xFF, 0xFF, 0xFF, 0xFF, 0xFF, 0xFF, 0x49, 0xFF, 0xFF, 0xFF,
0xFF, 0xFF, 0xFF, 0xFF, 0xFF, 0xFF, 0xFF, 0x7F, 0xFF, 0xFF, 0xFF, 0xFF, 0xFF, 0xFF, 0xFF, 0xFF,
0xFF, 0xFF, 0x7F, 0xFF, 0xFF, 0xFF, 0xFF, 0xFF, 0xFF, 0xFF, 0xFF, 0xFF, 0xFF, 0x7F, 0xFF, 0xFF,
0xFF, 0xFF, 0xFF, 0xFF, 0xFF, 0xFF, 0xFF, 0xFF, 0x7F, 0xFF, 0xFF, 0xFF, 0xFF, 0xFF, 0xFF, 0xFF,
0xFF, 0xFF, 0xFF, 0x7F, 0xFF, 0xFF, 0xFF, 0xFF, 0xFF, 0xFF, 0xFF, 0xFF, 0xFF, 0xFF, 0x7F, 0xFF,
0xFF, 0xFF, 0xFF, 0xFF, 0xFF, 0xFF, 0xFF, 0xFF, 0xFF, 0x7F, 0xFF, 0xFF, 0xFF, 0xFF, 0xFF, 0xF6,
0xFF, 0xFF, 0xFF, 0xFF, 0x7F, 0xFF, 0xFF, 0xFF, 0xFF, 0x9D, 0x1E, 0xFF, 0xFF, 0xFF, 0xFF, 0x7F,
0xCB, 0xFF, 0xFF, 0xFF, 0xEE, 0xC5, 0xFF, 0xFF, 0xFF, 0xFF, 0x49, 0x1A, 0x72, 0x7F, 0x7F, 0x7F,
0x7F, 0x7F, 0x7F, 0x7F, 0x4A, 0x01, 0x04, 0x56, 0x7F, 0x7F, 0x7F, 0x7F, 0x7F, 0x56, 0x04, 0x6A,
0xFF, 0xFF, 0xFF, 0xFF, 0xFF, 0xFF, 0xFF, 0x69, 0x9F, 0xFF, 0xFF, 0xFF, 0xFF, 0xFF, 0xFF, 0xFF,
0x9F, 0x9F, 0xFF, 0xFF, 0xFF, 0xFF, 0xFF, 0xFF, 0xFF, 0x9F, 0x9F, 0xFF, 0xFF, 0xFF, 0xFF, 0xFF,
0xFF, 0xFF, 0x9F, 0x9F, 0xFF, 0xFF, 0xFF, 0xFF, 0xFF, 0xFF, 0xFF, 0x9F, 0x9F, 0xFF, 0xFF, 0xFF,
0xFF, 0xFF, 0xFF, 0xFF, 0x9F, 0x9F, 0xFF, 0xFF, 0xFF, 0xFF, 0xFF, 0xFF, 0xFF, 0x9F, 0x9F, 0xFF,
0xFF, 0xFF, 0xFF, 0xFF, 0xFF, 0xFF, 0x9F, 0x9F, 0xFF, 0xFF, 0xFF, 0xF6, 0xFF, 0xFF, 0xFF, 0x9F,
0x9F, 0xFF, 0xFF, 0xDB, 0x04, 0xDC, 0xFF, 0xFF, 0x9F, 0x6B, 0xFF, 0xFF, 0xFD, 0xB9, 0xFD, 0xFF,
0xFF, 0x69, 0x05, 0x57, 0x7F, 0x7F, 0x7F, 0x7F, 0x7F, 0x57, 0x04, 0x00, 0x00, 0x00, 0x04, 0x31,
0x65, 0x65, 0x31, 0x04, 0x00, 0x00, 0x00, 0x00, 0x00, 0x3E, 0xDD, 0xFF, 0xFF, 0xFF, 0xFF, 0xDC,
0x3C, 0x00, 0x00, 0x00, 0x61, 0xFD, 0xFF, 0xFF, 0xFF, 0xFF, 0xFF, 0xFF, 0xFD, 0x5F, 0x00, 0x20,
0xF3, 0xFF, 0xFF, 0xFF, 0xFF, 0xFF, 0xFF, 0xFF, 0xFF, 0xF2, 0x1F, 0x97, 0xFF, 0xFF, 0xFF, 0xFF,
0xFF, 0xFF, 0xFF, 0xFF, 0xFF, 0xFF, 0x95, 0xCD, 0xFF, 0xFF, 0xFF, 0xFF, 0xFF, 0xFF, 0xFF, 0xFF,
0xFF, 0xFF, 0xCB, 0xF3, 0xFF, 0xFF, 0xFF, 0xFF, 0xFF, 0xFF, 0xFF, 0xFF, 0xFF, 0xFF, 0xF2, 0xCD,
0xFF, 0xFF, 0xFF, 0xFF, 0xFF, 0xFF, 0xFF, 0xFF, 0xFF, 0xFF, 0xCB, 0x97, 0xFF, 0xFF, 0xFF, 0xFF,
0xFF, 0xFF, 0xFF, 0xFF, 0xFF, 0xFF, 0x95, 0x21, 0xF3, 0xFF, 0xFF, 0xFF, 0xFF, 0xFF, 0xFF, 0xFF,
0xFF, 0xF2, 0x20, 0x00, 0x62, 0xFE, 0xFF, 0xFF, 0xFF, 0xFF, 0xFF, 0xFF, 0xFE, 0x60, 0x00, 0x00,
0x00, 0x40, 0xDF, 0xFF, 0xFF, 0xFF, 0xFF, 0xDE, 0x3F, 0x00, 0x00, 0x00, 0x00, 0x00, 0x05, 0x33,
0x67, 0x66, 0x33, 0x05, 0x00, 0x00, 0x00, 0x00, 0x04, 0x2E, 0x13, 0x00, 0x00, 0x00, 0x04, 0x2E,
0x13, 0x00, 0x25, 0xD8, 0xFF, 0xA5, 0x00, 0x00, 0x25, 0xD8, 0xFF, 0xA5, 0x00, 0xBC, 0xEC, 0x63,
0x13, 0x00, 0x00, 0xBC, 0xEC, 0x63, 0x13, 0x00, 0xF8, 0xB0, 0x40, 0x12, 0x00, 0x00, 0xF8, 0xB0,
0x40, 0x12, 0x00, 0xFF, 0xFF, 0xFF, 0xF6, 0x2E, 0x00, 0xFF, 0xFF, 0xFF, 0xF6, 0x2E, 0xFF, 0xFF,
0xFF, 0xFF, 0x7C, 0x00, 0xFF, 0xFF, 0xFF, 0xFF, 0x7C, 0xFC, 0xFF, 0xFF, 0xFF, 0x7C, 0x00, 0xFC,
0xFF, 0xFF, 0xFF, 0x7C, 0xA8, 0xFF, 0xFF, 0xF7, 0x2E, 0x00, 0xA8, 0xFF, 0xFF, 0xF7, 0x2E, 0x00,
0x33, 0x40, 0x13, 0x00, 0x00, 0x00, 0x33, 0x40, 0x13, 0x00, 0x00, 0x32, 0x40, 0x12, 0x00, 0x00,
0x00, 0x32, 0x40, 0x12, 0x00, 0xA6, 0xFF, 0xFF, 0xF6, 0x2E, 0x00, 0xA6, 0xFF, 0xFF, 0xF6, 0x2E,
0xFC, 0xFF, 0xFF, 0xFF, 0x7C, 0x00, 0xFC, 0xFF, 0xFF, 0xFF, 0x7C, 0xFC, 0xFF, 0xFF, 0xFF, 0x80,
0x00, 0xFC, 0xFF, 0xFF, 0xFF, 0x80, 0xA8, 0xFF, 0xFF, 0xFF, 0x80, 0x00, 0xA8, 0xFF, 0xFF, 0xFF,
0x80, 0x00, 0x33, 0x50, 0xFF, 0x77, 0x00, 0x00, 0x33, 0x50, 0xFF, 0x77, 0x00, 0x37, 0xAA, 0xFF,
0x3B, 0x00, 0x00, 0x37, 0xAA, 0xFF, 0x3B, 0x26, 0xFF, 0xFD, 0x80, 0x00, 0x00, 0x26, 0xFF, 0xFD,
0x80, 0x00, 0x00, 0x30, 0x15, 0x00, 0x00, 0x00, 0x00, 0x30, 0x15, 0x00, 0x00, 0x00, 0x00, 0x00,
0x00, 0x00, 0x46, 0x46, 0x00, 0x00, 0x00, 0x00, 0x00, 0x00, 0x00, 0x03, 0x00, 0x0A, 0xFA, 0xFA,
0x09, 0x00, 0x00, 0x00, 0x00, 0x00, 0x4F, 0xF4, 0x64, 0x00, 0x83, 0x81, 0x00, 0x00, 0x00, 0x00,
0x00, 0x00, 0x60, 0xFF, 0x79, 0x00, 0x00, 0x00, 0x00, 0x00, 0x00, 0x00, 0x00, 0x00, 0x00, 0x16,
0x00, 0x00, 0x00, 0x00, 0x00, 0x00, 0x00, 0x00, 0x00, 0x50, 0x75, 0x00, 0x00, 0x00, 0x00, 0x00,
0x00, 0x00, 0x00, 0x75, 0x4F, 0xE6, 0xFF, 0x25, 0x00, 0x00, 0x00, 0x00, 0x00, 0x00, 0x26, 0xFF,
0xE5, 0x51, 0x76, 0x00, 0x00, 0x00, 0x00, 0x00, 0x00, 0x00, 0x00, 0x76, 0x50, 0x00, 0x00, 0x14,
0x00, 0x00, 0x00, 0x00, 0x00, 0x00, 0x14, 0x00, 0x00, 0x00, 0x5E, 0xFF, 0x77, 0x00, 0x00, 0x00,
0x00, 0x7A, 0xFF, 0x5C, 0x00, 0x00, 0x51, 0xF5, 0x66, 0x00, 0x81, 0x80, 0x00, 0x69, 0xF5, 0x4E,
0x00, 0x00, 0x00, 0x03, 0x00, 0x0A, 0xFB, 0xFA, 0x09, 0x00, 0x03, 0x00, 0x00, 0x00, 0x00, 0x00,
0x00, 0x00, 0x48, 0x46, 0x00, 0x00, 0x00, 0x00, 0x00, 0x00, 0x00, 0x00, 0x04, 0x31, 0x65, 0x65,
0x31, 0x04, 0x00, 0x00, 0x00, 0x00, 0x00, 0x3E, 0xDD, 0xFF, 0xFF, 0xFF, 0xFF, 0xDC, 0x3C, 0x00,
0x00, 0x00, 0x61, 0xFD, 0xFF, 0xFF, 0xFF, 0xFF, 0xFF, 0xFF, 0xFD, 0x5F, 0x00, 0x20, 0xF3, 0xFF,
0xFF, 0xFF, 0xFF, 0xFF, 0xFF, 0xFF, 0xFF, 0xF2, 0x1F, 0x97, 0xFF, 0xFF, 0xFF, 0xFF, 0xFF, 0xFF,
0xFF, 0xFF, 0xFF, 0xFF, 0x95, 0xCD, 0xFF, 0xFF, 0xFF, 0xFF, 0xFF, 0xFF, 0xFF, 0xFF, 0xFF, 0xFF,
0xCB, 0xF3, 0xFF, 0xFF, 0xFF, 0xFF, 0xFF, 0xFF, 0xFF, 0xFF, 0xFF, 0xFF, 0xF2, 0xCD, 0xFF, 0xFF,
0xFF, 0xFF, 0xFF, 0xFF, 0xFF, 0xFF, 0xFF, 0xFF, 0xCB, 0x97, 0xFF, 0xFF, 0xFF, 0xFF, 0xFF, 0xFF,
0xFF, 0xFF, 0xFF, 0xFF, 0x95, 0x21, 0xF3, 0xFF, 0xFF, 0xFF, 0xFF, 0xFF, 0xFF, 0xFF, 0xFF, 0xF2,
0x20, 0x00, 0x62, 0xFE, 0xFF, 0xFF, 0xFF, 0xFF, 0xFF, 0xFF, 0xFE, 0x60, 0x00, 0x00, 0x00, 0x40,
0xDF, 0xFF, 0xFF, 0xFF, 0xFF, 0xDE, 0x3F, 0x00, 0x00, 0x00, 0x00, 0x00, 0x05, 0x33, 0x67, 0x66,
0x33, 0x05, 0x00, 0x00, 0x00, 0x00, 0x00, 0x00, 0x00, 0x0B, 0x00, 0x00, 0x00, 0x00, 0x00, 0x00,
0x00, 0x00, 0x00, 0x00, 0x70, 0xF8, 0x23, 0x00, 0x00, 0x00, 0x00, 0x00, 0x00, 0x00, 0x00, 0x70,
0xFF, 0xFF, 0x40, 0x00, 0x00, 0x00, 0x00, 0x00, 0x00, 0x00, 0x70, 0xFF, 0xFF, 0xFF, 0xA0, 0x80,
0x7F, 0x5E, 0x20, 0x00, 0x00, 0x6E, 0xFF, 0xFF, 0xFF, 0xFF, 0xFF, 0xFF, 0xFF, 0xFF, 0xF9, 0x75,
0x00, 0xE6, 0xFF, 0xFF, 0xFF, 0xFF, 0xFF, 0xFF, 0xFF, 0xFF, 0xFF, 0xFF, 0x50, 0x42, 0xF6, 0xFF,
0xFF, 0xFF, 0xFF, 0xFF, 0xFF, 0xFF, 0xFF, 0xFF, 0xC4, 0x00, 0x42, 0xF6, 0xFF, 0xFF, 0x70, 0x40,
0x46, 0x8D, 0xFC, 0xFF, 0xF2, 0x00, 0x00, 0x42, 0xF6, 0xFF, 0x40, 0x00, 0x00, 0x00, 0x8D, 0xFF,
0xD8, 0x00, 0x00, 0x00, 0x42, 0xC9, 0x14, 0x00, 0x00, 0x00, 0x4D, 0xFF, 0x95, 0x00, 0x00, 0x00,
0x00, 0x00, 0x00, 0x00, 0x00, 0x00, 0x8F, 0xE7, 0x17, 0x00, 0x00, 0x00, 0x00, 0x00, 0x00, 0x00,
0x00, 0x00, 0x8F, 0x25, 0x00, 0x41, 0xB2, 0xBF, 0xBF, 0xBD, 0x76, 0x05, 0x00, 0x00, 0x00, 0x00,
0x00, 0xE2, 0xFF, 0xFF, 0xFF, 0xFF, 0xFF, 0xD3, 0x9F, 0x9F, 0x9F, 0x92, 0x2B, 0xFF, 0xFF, 0xFF,
0xFF, 0xFF, 0xFF, 0xFF, 0xFF, 0xFF, 0xFF, 0xFF, 0xD6, 0xFF, 0xFF, 0xFF, 0xFF, 0xFF, 0xFF, 0xFF,
0xFF, 0xFF, 0xFF, 0xFF, 0xFF, 0xFF, 0xFF, 0xFF, 0xFF, 0xFF, 0xFF, 0xFF, 0xFF, 0xFF, 0xFF, 0xFF,
0xFF, 0xFF, 0xFF, 0xFF, 0xFF, 0xFF, 0xFF, 0xFF, 0xFF, 0xFF, 0xFF, 0xFF, 0xFF, 0xFF, 0xFF, 0xFF,
0xFF, 0xFF, 0xFF, 0xFF, 0xFF, 0xFF, 0xFF, 0xFF, 0xFF, 0xFF, 0xFF, 0xFF, 0xFF, 0xFF, 0xFF, 0xFF,
0xFF, 0xFF, 0xFF, 0xFF, 0xFF, 0xF2, 0xFF, 0xFF, 0xFF, 0xFF, 0xFF, 0xFF, 0xFF, 0xFF, 0xFF, 0xFF,
0xF2, 0x72, 0xF2, 0xFF, 0xFF, 0xFF, 0xFF, 0xFF, 0xFF, 0xFF, 0xFF, 0xF2, 0x71, 0x00, 0x67, 0xBC,
0xC0, 0xC0, 0xB5, 0x57, 0x00, 0x00, 0x00, 0x00, 0x00, 0x00, 0x00, 0x23, 0xFE, 0xFF, 0xFF, 0xFF,
0xFF, 0xFF, 0xBC, 0xA0, 0xA0, 0x92, 0x2C, 0x00, 0x00, 0x40, 0xFF, 0xFF, 0xFF, 0xFF, 0xFF, 0xFF,
0xFF, 0xFF, 0xFF, 0xFF, 0xD7, 0x00, 0x00, 0x40, 0xFD, 0x90, 0x48, 0x40, 0x40, 0x40, 0x40, 0x40,
0x40, 0x40, 0x40, 0x00, 0x00, 0x40, 0x89, 0x27, 0x97, 0xA0, 0xA0, 0xA0, 0xA0, 0xA0, 0xA0, 0xA0,
0xA0, 0x82, 0x0E, 0x3C, 0x16, 0xB8, 0xFF, 0xFF, 0xFF, 0xFF, 0xFF, 0xFF, 0xFF, 0xFF, 0xFF, 0xFF,
0x62, 0x08, 0x13, 0xFB, 0xFF, 0xFF, 0xFF, 0xFF, 0xFF, 0xFF, 0xFF, 0xFF, 0xFF, 0xFF, 0x29, 0x00,
0x64, 0xFF, 0xFF, 0xFF, 0xFF, 0xFF, 0xFF, 0xFF, 0xFF, 0xFF, 0xFF, 0xD3, 0x00, 0x00, 0xB3, 0xFF,
0xFF, 0xFF, 0xFF, 0xFF, 0xFF, 0xFF, 0xFF, 0xFF, 0xFF, 0x7E, 0x00, 0x00, 0x78, 0xF9, 0xFF, 0xFF,
0xFF, 0xFF, 0xFF, 0xFF, 0xFF, 0xFF, 0xE2, 0x1C, 0x00, 0x00, 0x00, 0x00, 0x04, 0x30, 0x64, 0x65,
0x30, 0x04, 0x00, 0x00, 0x00, 0x00, 0x00, 0x3E, 0xDD, 0xFF, 0xFF, 0xFF, 0xFF, 0xDC, 0x3C, 0x00,
0x00, 0x00, 0x61, 0xFD, 0xFF, 0xFF, 0xFF, 0xFF, 0xFF, 0xFF, 0xFD, 0x5F, 0x00, 0x20, 0xF3, 0xFF,
0xFF, 0xFF, 0xFF, 0xFF, 0xFF, 0xFF, 0xFF, 0xF2, 0x1F, 0x97, 0xFF, 0xFF, 0xE5, 0xCF, 0xFF, 0xFF,
0xCF, 0xE5, 0xFF, 0xFF, 0x95, 0xCC, 0xFF, 0xFF, 0x7D, 0x3E, 0xFF, 0xFF, 0x3D, 0x7E, 0xFF, 0xFF,
0xCA, 0xF3, 0xFF, 0xFF, 0xFE, 0xF7, 0xFF, 0xFF, 0xF7, 0xFE, 0xFF, 0xFF, 0xF2, 0xCC, 0xFF, 0xFF,
0xED, 0xFF, 0xFF, 0xFF, 0xFF, 0xEC, 0xFF, 0xFF, 0xCA, 0x97, 0xFF, 0xF2, 0x0F, 0x93, 0xF9, 0xF8,
0x91, 0x10, 0xF5, 0xFF, 0x95, 0x21, 0xF3, 0xFF, 0xCB, 0x23, 0x08, 0x08, 0x24, 0xCD, 0xFF, 0xF2,
0x20, 0x00, 0x62, 0xFE, 0xFF, 0xFF, 0xDE, 0xDE, 0xFF, 0xFF, 0xFE, 0x60, 0x00, 0x00, 0x00, 0x40,
0xDF, 0xFF, 0xFF, 0xFF, 0xFF, 0xDE, 0x3F, 0x00, 0x00, 0x00, 0x00, 0x00, 0x05, 0x33, 0x66, 0x66,
0x32, 0x05, 0x00, 0x00, 0x00, 0x00, 0x00, 0x00, 0x04, 0x30, 0x64, 0x65, 0x30, 0x04, 0x00, 0x00,
0x00, 0x00, 0x00, 0x3E, 0xDD, 0xFF, 0xFF, 0xFF, 0xFF, 0xDC, 0x3C, 0x00, 0x00, 0x00, 0x61, 0xFD,
0xFF, 0xFF, 0xFF, 0xFF, 0xFF, 0xFF, 0xFD, 0x5F, 0x00, 0x20, 0xF3, 0xFF, 0xFF, 0xFF, 0xFF, 0xFF,
0xFF, 0xFF, 0xFF, 0xF2, 0x1F, 0x97, 0xFF, 0xFF, 0xE5, 0xCF, 0xFF, 0xFF, 0xCF, 0xE5, 0xFF, 0xFF,
0x95, 0xCC, 0xFF, 0xFF, 0x7D, 0x3E, 0xFF, 0xFF, 0x3D, 0x7E, 0xFF, 0xFF, 0xCA, 0xF3, 0xFF, 0xFF,
0xFE, 0xF7, 0xFF, 0xFF, 0xF7, 0xFE, 0xFF, 0xFF, 0xF2, 0xCC, 0xFF, 0xFF, 0xFF, 0xF7, 0xBF, 0xBF,
0xF7, 0xFF, 0xFF, 0xFF, 0xCA, 0x97, 0xFF, 0xFF, 0xB3, 0x0C, 0x20, 0x20, 0x0D, 0xB6, 0xFF, 0xFF,
0x95, 0x21, 0xF3, 0xF2, 0x15, 0xB2, 0xFF, 0xFF, 0xB0, 0x14, 0xF4, 0xF2, 0x20, 0x00, 0x62, 0xFE,
0xFD, 0xFF, 0xFF, 0xFF, 0xFF, 0xFD, 0xFE, 0x60, 0x00, 0x00, 0x00, 0x40, 0xDF, 0xFF, 0xFF, 0xFF,
0xFF, 0xDE, 0x3F, 0x00, 0x00, 0x00, 0x00, 0x00, 0x05, 0x33, 0x66, 0x66, 0x32, 0x05, 0x00, 0x00,
0x00, 0x00, 0x00, 0x00, 0x04, 0x30, 0x64, 0x65, 0x30, 0x04, 0x00, 0x00, 0x00, 0x00, 0x00, 0x3E,
0xDD, 0xFF, 0xFF, 0xFF, 0xFF, 0xDC, 0x3C, 0x00, 0x00, 0x00, 0x61, 0xFD, 0xFF, 0xFF, 0xFF, 0xFF,
0xFF, 0xFF, 0xFD, 0x5F, 0x00, 0x20, 0xF3, 0xFF, 0xFF, 0xFF, 0xFF, 0xFF, 0xFF, 0xFF, 0xFF, 0xF2,
0x1F, 0x97, 0xFF, 0xFF, 0xE5, 0xCF, 0xFF, 0xFF, 0xCF, 0xE5, 0xFF, 0xFF, 0x95, 0xCC, 0xFF, 0xFF,
0x7D, 0x3E, 0xFF, 0xFF, 0x3D, 0x7E, 0xFF, 0xFF, 0xCA, 0xF3, 0xFF, 0xFF, 0xFE, 0xF7, 0xFF, 0xFF,
0xF7, 0xFE, 0xFF, 0xFF, 0xF2, 0xCC, 0xFF, 0xFF, 0xFF, 0xFF, 0xFF, 0xFF, 0xFF, 0xFF, 0xFF, 0xFF,
0xCA, 0x97, 0xFF, 0xFF, 0xB1, 0x00, 0x00, 0x00, 0x00, 0xB2, 0xFF, 0xFF, 0x95, 0x21, 0xF3, 0xFF,
0xFE, 0xE0, 0xDF, 0xDF, 0xE0, 0xFE, 0xFF, 0xF2, 0x20, 0x00, 0x62, 0xFE, 0xFF, 0xFF, 0xFF, 0xFF,
0xFF, 0xFF, 0xFE, 0x60, 0x00, 0x00, 0x00, 0x40, 0xDF, 0xFF, 0xFF, 0xFF, 0xFF, 0xDE, 0x3F, 0x00,
0x00, 0x00, 0x00, 0x00, 0x05, 0x33, 0x66, 0x66, 0x32, 0x05, 0x00, 0x00, 0x00, 0x00, 0x03, 0x76,
0xCC, 0xF9, 0xFF, 0xFF, 0xFF, 0xFF, 0xFF, 0xF9, 0xCB, 0x75, 0x03, 0x00, 0x03, 0xBF, 0xFF, 0xFF,
0xFF, 0xFF, 0xFF, 0xFF, 0xFF, 0xFF, 0xFF, 0xFF, 0xFF, 0xBE, 0x03, 0x77, 0xFF, 0xFF, 0xFF, 0xC1,
0xFF, 0xFF, 0xFF, 0xFF, 0xFF, 0xFF, 0xBD, 0xF7, 0xFF, 0x75, 0xCD, 0xFF, 0xFF, 0xE4, 0x00, 0xE4,
0xFF, 0xFF, 0xFF, 0xFF, 0xF6, 0x07, 0xBD, 0xFF, 0xCB, 0xF3, 0xFF, 0xBF, 0x00, 0x00, 0x00, 0xC1,
0xFF, 0xFF, 0xFE, 0xF8, 0xF6, 0xFF, 0xFF, 0xF2, 0xCD, 0xFF, 0xFF, 0xE4, 0x00, 0xE4, 0xFF, 0xFF,
0xFF, 0x7D, 0x3E, 0xFF, 0xFF, 0xFF, 0xCC, 0x78, 0xFF, 0xFF, 0xFF, 0xBF, 0xFF, 0xFF, 0xFF, 0xFF,
0xE5, 0xCF, 0xFF, 0xFF, 0xFF, 0x76, 0x04, 0xC0, 0xFF, 0xFF, 0xFF, 0xFF, 0xFF, 0xFF, 0xFF, 0xFF,
0xFF, 0xFF, 0xFF, 0xBF, 0x03, 0x00, 0x04, 0x78, 0xCD, 0xF9, 0xFF, 0xFF, 0xFF, 0xFF, 0xFF, 0xF9,
0xCD, 0x77, 0x03, 0x00, 0x71, 0xF2, 0xFF, 0xFF, 0xFF, 0xFF, 0xFF, 0xFF, 0xFF, 0xFF, 0xFF, 0xFF,
0xC9, 0x18, 0xF2, 0xD1, 0x92, 0xF0, 0x84, 0xF0, 0x91, 0xD1, 0xB1, 0xB1, 0xD1, 0x92, 0xFF, 0x72,
0xFF, 0x91, 0x11, 0xCF, 0x03, 0xCF, 0x11, 0x91, 0x51, 0x51, 0x91, 0x11, 0xFF, 0x7F, 0xFF, 0xEF,
0xD0, 0xFE, 0xC4, 0xFE, 0xCF, 0xF0, 0xDF, 0xE0, 0xEF, 0xD0, 0xFF, 0x7F, 0xFF, 0x83, 0x04, 0xC3,
0x00, 0xC4, 0x03, 0x84, 0x43, 0x44, 0x83, 0x04, 0xFF, 0x7F, 0xFF, 0xEF, 0xD0, 0xFD, 0xC3, 0xFE,
0xCF, 0xF0, 0xDF, 0xE0, 0xEF, 0xD0, 0xFF, 0x7F, 0xFF, 0xFF, 0xFF, 0xD0, 0x01, 0x00, 0x00, 0x00,
0x00, 0x52, 0xFF, 0xFF, 0xFF, 0x7F, 0xF2, 0xFF, 0xFF, 0xEF, 0x81, 0x7F, 0x7F, 0x7F, 0x7F, 0xB1,
0xFF, 0xFF, 0xFF, 0x72, 0x72, 0xF2, 0xFF, 0xFF, 0xFF, 0xFF, 0xFF, 0xFF, 0xFF, 0xFF, 0xFF, 0xFF,
0xCA, 0x18, 0x56, 0x1C, 0x00, 0x00, 0x00, 0x00, 0x00, 0x00, 0x00, 0x00, 0x00, 0xFC, 0xA4, 0x88,
0xBE, 0xC9, 0x8E, 0x4D, 0x1E, 0x4D, 0x8D, 0x2D, 0xFF, 0xFF, 0xFF, 0xFF, 0xFF, 0xFF, 0xFF, 0xFF,
0xFF, 0xFF, 0x7F, 0xFF, 0xFF, 0xFF, 0xFF, 0xFF, 0xFF, 0xFF, 0xFF, 0xFF, 0xFF, 0x7F, 0xFF, 0xFF,
0xFF, 0xFF, 0xFF, 0xFF, 0xFF, 0xFF, 0xFF, 0xFF, 0x7F, 0xFF, 0xFF, 0xFF, 0xFF, 0xFF, 0xFF, 0xFF,
0xFF, 0xFF, 0xFF, 0x7F, 0xFF, 0xFF, 0xFF, 0xFF, 0xFF, 0xFF, 0xFF, 0xFF, 0xFF, 0xFF, 0x7F, 0xFF,
0xFF, 0xFF, 0xFF, 0xFF, 0xFF, 0xFF, 0xFF, 0xFF, 0xFF, 0x7E, 0xFF, 0xE8, 0x9A, 0x6A, 0x5E, 0x9C,
0xE2, 0xFF, 0xF9, 0xC0, 0x1C, 0xFF, 0x7F, 0x00, 0x00, 0x00, 0x00, 0x00, 0x18, 0x04, 0x00, 0x00,
0xFF, 0x7F, 0x00, 0x00, 0x00, 0x00, 0x00, 0x00, 0x00, 0x00, 0x00, 0xFC, 0x7C, 0x00, 0x00, 0x00,
0x00, 0x00, 0x00, 0x00, 0x00, 0x00, 0x56, 0x1C, 0x00, 0x00, 0x00, 0x00, 0x00, 0x00, 0x00, 0x00,
0x00, 0x56, 0x1C, 0x00, 0x00, 0x00, 0x00, 0x00, 0x00, 0x00, 0x00, 0x00, 0xFC, 0xB4, 0x9E, 0xCA,
0xD0, 0x90, 0x4E, 0x1F, 0x4E, 0x89, 0x2D, 0xFF, 0xFF, 0xEB, 0xFF, 0xDF, 0xF6, 0xFF, 0xFF, 0xFF,
0xFF, 0x7F, 0xFF, 0x8E, 0x01, 0xFF, 0x80, 0x10, 0xFF, 0xB3, 0x4B, 0xFF, 0x80, 0xFF, 0x94, 0x53,
0x77, 0x7D, 0x74, 0xD1, 0x7E, 0x0A, 0xFF, 0x80, 0xFF, 0xFF, 0xFF, 0x09, 0x83, 0xFE, 0x00, 0x7D,
0xFF, 0xFF, 0x80, 0xFF, 0xB1, 0x39, 0xF9, 0x80, 0x15, 0xA3, 0x82, 0x79, 0xFF, 0x80, 0xFF, 0x8D,
0x49, 0xFF, 0xB4, 0x3F, 0xFF, 0x80, 0x00, 0xFF, 0x80, 0xFF, 0xFF, 0xFF, 0xFF, 0xFF, 0xFF, 0xFF,
0xD4, 0xC5, 0xFF, 0x71, 0xFF, 0xB8, 0x41, 0x17, 0x13, 0x54, 0x9B, 0xD1, 0xBA, 0x81, 0x08, 0xFF,
0x80, 0x00, 0x00, 0x00, 0x00, 0x00, 0x00, 0x00, 0x00, 0x00, 0xFC, 0x7C, 0x00, 0x00, 0x00, 0x00,
0x00, 0x00, 0x00, 0x00, 0x00, 0x56, 0x1C, 0x00, 0x00, 0x00, 0x00, 0x00, 0x00, 0x00, 0x00, 0x00,
0xD1, 0x89, 0x00, 0x00, 0x00, 0x00, 0x00, 0x00, 0x00, 0x00, 0x00, 0x00, 0x90, 0xFF, 0x8E, 0x00,
0x00, 0x00, 0x00, 0x00, 0x00, 0x00, 0x00, 0x00, 0x01, 0x94, 0xFF, 0x8E, 0x00, 0x00, 0x00, 0x00,
0x00, 0x00, 0x00, 0x00, 0x00, 0x00, 0x92, 0xFF, 0x8E, 0x00, 0x00, 0x00, 0x00, 0x00, 0x00, 0x00,
0x00, 0x00, 0x01, 0xCF, 0xFF, 0x24, 0x00, 0x00, 0x00, 0x00, 0x00, 0x00, 0x00, 0x00, 0x90, 0xFF,
0x93, 0x00, 0x00, 0x00, 0x00, 0x00, 0x00, 0x00, 0x00, 0x91, 0xFF, 0x93, 0x00, 0x00, 0x00, 0x00,
0x00, 0x00, 0x00, 0x00, 0x8D, 0xFF, 0x93, 0x00, 0x1C, 0x7C, 0x80, 0x80, 0x80, 0x80, 0x80, 0x59,
0xD5, 0x8E, 0x00, 0x00, 0x56, 0xFC, 0xFF, 0xFF, 0xFF, 0xFF, 0xFF, 0xD3, 0x00, 0x00, 0x00, 0x00,
0x00, 0x00, 0x00, 0x1D, 0x55, 0x00, 0x00, 0x00, 0x00, 0x00, 0x00, 0x00, 0x00, 0x00, 0x00, 0x00,
0x00, 0x9D, 0xEA, 0x00, 0x00, 0x00, 0x00, 0x00, 0x00, 0x00, 0x00, 0x00, 0x00, 0x00, 0x00, 0xE5,
0xAB, 0x00, 0x00, 0x00, 0x00, 0x00, 0x00, 0x00, 0x40, 0x38, 0x00, 0x00, 0x2F, 0xFF, 0x62, 0x07,
0x64, 0x0C, 0x00, 0x00, 0x00, 0x57, 0xFC, 0x9B, 0x00, 0x00, 0x79, 0xFF, 0x1A, 0x23, 0xFC, 0xC2,
0x0C, 0x00, 0x57, 0xFC, 0xC3, 0x0D, 0x00, 0x00, 0xC2, 0xD0, 0x00, 0x00, 0x59, 0xFC, 0xC2, 0x0C,
0xE9, 0xF5, 0x17, 0x00, 0x00, 0x0F, 0xFB, 0x87, 0x00, 0x00, 0x00, 0x91, 0xFF, 0x64, 0x5B, 0xFD,
0xC1, 0x0C, 0x00, 0x54, 0xFF, 0x3E, 0x00, 0x00, 0x56, 0xFB, 0xC6, 0x0D, 0x00, 0x5B, 0xFD, 0x9A,
0x00, 0x9D, 0xF1, 0x04, 0x00, 0x22, 0xFC, 0xC6, 0x0D, 0x00, 0x00, 0x00, 0x43, 0x3B, 0x00, 0xE5,
0xAB, 0x00, 0x00, 0x08, 0x69, 0x0D, 0x00, 0x00, 0x00, 0x00, 0x00, 0x00, 0x2F, 0xFF, 0x62, 0x00,
0x00, 0x00, 0x00, 0x00, 0x00, 0x00, 0x00, 0x00, 0x00, 0x00, 0x6E, 0xFF, 0x1A, 0x00, 0x00, 0x00,
0x00, 0x00, 0x00, 0x00, 0x00, 0x00, 0x00, 0x00, 0x1E, 0x57, 0x00, 0x00, 0x00, 0x00, 0x00, 0x00,
0x00, 0x00, 0x00, 0x00, 0x00, 0x00, 0x08, 0x00, 0x00, 0x0B, 0x00, 0x00, 0x00, 0x00, 0x00, 0x00,
0x00, 0x00, 0x00, 0x6C, 0xDE, 0x00, 0x70, 0xF8, 0x23, 0x00, 0x00, 0x00, 0x00, 0x00, 0x00, 0x00,
0x6C, 0xF1, 0x39, 0x70, 0xFF, 0xFF, 0x40, 0x00, 0x00, 0x00, 0x00, 0x00, 0x00, 0x6C, 0xF0, 0x38,
0x70, 0xFF, 0xFF, 0xFF, 0xA0, 0x75, 0x44, 0x04, 0x00, 0x00, 0x6A, 0xF0, 0x37, 0x6E, 0xFF, 0xFF,
0xFF, 0xFF, 0xFF, 0xFF, 0xFF, 0xCC, 0x22, 0x00, 0xE2, 0x8B, 0x00, 0xE6, 0xFF, 0xFF, 0xFF, 0xFF,
0xFF, 0xFF, 0xFF, 0xFF, 0xCC, 0x04, 0x3D, 0xF2, 0x68, 0x42, 0xF6, 0xFF, 0xFF, 0xFF, 0xFF, 0xFF,
0xFF, 0xFF, 0xFF, 0x44, 0x00, 0x3D, 0xF2, 0x68, 0x42, 0xF6, 0xFF, 0xFF, 0x70, 0x5B, 0xD4, 0xFF,
0xFF, 0x72, 0x00, 0x00, 0x3D, 0xF2, 0x68, 0x42, 0xF6, 0xFF, 0x40, 0x00, 0x18, 0xF4, 0xFF, 0x58,
0x00, 0x00, 0x00, 0x3D, 0xB6, 0x00, 0x42, 0xC9, 0x14, 0x00, 0x00, 0xCD, 0xF8, 0x1C, 0x00, 0x00,
0x00, 0x00, 0x00, 0x00, 0x00, 0x00, 0x00, 0x00, 0x19, 0xF5, 0x7E, 0x00, 0x00, 0x00, 0x00, 0x00,
0x00, 0x00, 0x00, 0x00, 0x00, 0x00, 0x3E, 0x75, 0x00, 0x00, 0x00, 0x00, 0x00, 0x00, 0x00, 0x0C,
0xB1, 0x0C, 0x00, 0x00, 0x00, 0x00, 0x00, 0x7C, 0xFF, 0x1F, 0x00, 0x00, 0x00, 0x00, 0x10, 0xEF,
0xFF, 0x1F, 0x00, 0x12, 0x3B, 0x64, 0xB4, 0xFF, 0xFF, 0x1F, 0x85, 0xFF, 0xFF, 0xFF, 0xFF, 0xFF,
0xFF, 0x1F, 0x22, 0xE2, 0xFF, 0xFF, 0xFF, 0xFF, 0xFF, 0x1F, 0x00, 0x23, 0xE3, 0xFF, 0xFF, 0xFF,
0xFF, 0x1F, 0x00, 0x00, 0x24, 0xF3, 0xFF, 0xFF, 0xFF, 0x1F, 0x00, 0x00, 0x03, 0xF9, 0xFF, 0xFF,
0xFF, 0x1F, 0x00, 0x00, 0x26, 0xFF, 0xFF, 0xFF, 0xFF, 0x1B, 0x00, 0x00, 0x4E, 0xFF, 0xFF, 0xE4,
0x64, 0x00, 0x00, 0x00, 0x5C, 0xE8, 0x70, 0x08, 0x00, 0x00, 0x00, 0x00, 0x00, 0x00, 0x00, 0x00,
0x00, 0x00, 0x11, 0x6A, 0xA0, 0x0B, 0x00, 0x00, 0x00, 0x00, 0x00, 0x01, 0x43, 0xA5, 0xF7, 0xFF,
0xFD, 0x19, 0x00, 0x00, 0x00, 0x1F, 0x7E, 0xDF, 0xFF, 0xFF, 0xFF, 0xFF, 0xB9, 0x00, 0x07, 0x57,
0xB9, 0xFD, 0xFF, 0xFF, 0xFF, 0xFF, 0xFF, 0xFF, 0x57, 0x00, 0xC9, 0xFF, 0xFF, 0xFF, 0xFF, 0xFF,
0xFF, 0xFF, 0xFF, 0xED, 0x07, 0x00, 0x63, 0xC8, 0xFF, 0xFF, 0xFF, 0xFF, 0xFF, 0xFF, 0xFF, 0x92,
0x00, 0x00, 0x00, 0x00, 0x1F, 0x74, 0xD2, 0xFF, 0xFF, 0xFF, 0xFF, 0x30, 0x00, 0x00, 0x00, 0x00,
0x00, 0x00, 0x20, 0xFF, 0xFF, 0xFF, 0xCD, 0x00, 0x00, 0x00, 0x00, 0x00, 0x00, 0x00, 0x00, 0xC9,
0xFF, 0xFF, 0x6A, 0x00, 0x00, 0x00, 0x00, 0x00, 0x00, 0x00, 0x00, 0x73, 0xFF, 0xF7, 0x11, 0x00,
0x00, 0x00, 0x00, 0x00, 0x00, 0x00, 0x00, 0x1E, 0xFE, 0xA5, 0x00, 0x00, 0x00, 0x00, 0x00, 0x00,
0x00, 0x00, 0x00, 0x00, 0x56, 0x13, 0x00, 0x00, 0x00, 0x00, 0x00, 0x1C, 0x55, 0x00, 0x00, 0x00,
0x00, 0x00, 0x00, 0x00, 0x23, 0x54, 0x00, 0x7C, 0xFC, 0x00, 0x00, 0x00, 0x00, 0x00, 0x00, 0x28,
0xE8, 0xDB, 0xD3, 0xFF, 0xFF, 0x00, 0xDF, 0xFF, 0xFF, 0xFF, 0xFF, 0xFF, 0xE7, 0x29, 0x5A, 0xBF,
0xFF, 0x00, 0x6F, 0x7F, 0x7F, 0xA7, 0xFF, 0xFF, 0x80, 0x00, 0x00, 0x7F, 0xFF, 0x00, 0x00, 0x00,
0x27, 0xE7, 0xE7, 0xFF, 0x7F, 0x00, 0x00, 0x7F, 0xFF, 0x00, 0x00, 0x27, 0xE6, 0xE7, 0x28, 0xFF,
0x7F, 0x00, 0x00, 0x7F, 0xFF, 0x00, 0x27, 0xE6, 0xE6, 0x27, 0x00, 0xFF, 0x7F, 0x00, 0x00, 0x7F,
0xFF, 0x26, 0xE6, 0xE6, 0x27, 0x00, 0x00, 0xFF, 0x7F, 0x00, 0x00, 0x7F, 0xFF, 0xE5, 0xE5, 0x26,
0x00, 0x00, 0x00, 0xFF, 0x7F, 0x00, 0x00, 0x72, 0xFF, 0xFF, 0xA5, 0x7F, 0x7F, 0x6F, 0x00, 0xFF,
0xBF, 0x59, 0x00, 0x1A, 0xCB, 0xFF, 0xFF, 0xFF, 0xFF, 0xDF, 0x00, 0xFF, 0xFF, 0xD3, 0x00, 0x00,
0x00, 0x00, 0x00, 0x00, 0x00, 0x00, 0x00, 0xFC, 0x7C, 0x00, 0x00, 0x00, 0x00, 0x00, 0x00, 0x00,
0x00, 0x00, 0x00, 0x56, 0x1C, 0x00, 0x0C, 0x6A, 0x55, 0x01, 0x00, 0x00, 0x00, 0x21, 0x71, 0x3A,
0x00, 0xB9, 0xF0, 0xFB, 0x78, 0x00, 0x00, 0x0E, 0xEA, 0xEB, 0xFE, 0x3A, 0xED, 0x7A, 0xB6, 0xAC,
0x00, 0x00, 0x2D, 0xFF, 0x45, 0xEB, 0x6C, 0x82, 0xFF, 0xF8, 0x49, 0x00, 0x00, 0x01, 0xC0, 0xFF,
0xE4, 0x1E, 0x00, 0xE1, 0xA1, 0x00, 0x00, 0x00, 0x00, 0x28, 0xFF, 0x5D, 0x00, 0x00, 0xE0, 0xB8,
0x40, 0x40, 0x40, 0x43, 0xAA, 0xFF, 0x2B, 0x00, 0x00, 0xE0, 0xFF, 0xFF, 0xFF, 0xFF, 0xFF, 0xFD,
0x7E, 0x00, 0x00, 0x00, 0xE0, 0xB8, 0x40, 0x40, 0x40, 0x3E, 0x19, 0x00, 0x00, 0x00, 0x00, 0xE0,
0xA0, 0x00, 0x00, 0x00, 0x00, 0x00, 0x00, 0x00, 0x00, 0x7F, 0xFF, 0xF7, 0x47, 0x00, 0x00, 0x00,
0x00, 0x00, 0x00, 0x00, 0xED, 0x7B, 0xB6, 0xAC, 0x00, 0x00, 0x00, 0x00, 0x00, 0x00, 0x00, 0xB9,
0xF0, 0xFA, 0x78, 0x00, 0x00, 0x00, 0x00, 0x00, 0x00, 0x00, 0x0C, 0x6A, 0x56, 0x01, 0x00, 0x00,
0x00, 0x00, 0x00, 0x00, 0x00, 0x21, 0x00, 0x00, 0x00, 0x00, 0x00, 0x00, 0x00, 0x00, 0x00, 0x00,
0x00, 0x00, 0x00, 0xDD, 0x88, 0x00, 0x00, 0x00, 0x00, 0x00, 0x00, 0x00, 0x00, 0x00, 0x00, 0x00,
0x00, 0x29, 0xE7, 0x89, 0x00, 0x00, 0x00, 0x00, 0x08, 0x73, 0xAF, 0x9B, 0x47, 0x00, 0x00, 0x00,
0x29, 0xE7, 0x8A, 0x19, 0x31, 0x07, 0x2A, 0xD8, 0xD9, 0xE6, 0xFF, 0x7E, 0x00, 0x00, 0x00, 0x29,
0xE7, 0xFF, 0xFF, 0xF6, 0x71, 0x02, 0x00, 0x04, 0x9D, 0xFC, 0x29, 0x00, 0x18, 0x53, 0x29, 0xE7,
0xCD, 0xAC, 0xFF, 0x5C, 0x00, 0x00, 0x17, 0xFF, 0x68, 0x0C, 0xD5, 0xF0, 0x12, 0x29, 0xE7, 0x8D,
0xC9, 0xCF, 0x00, 0x00, 0x21, 0xFF, 0x61, 0x92, 0xFA, 0x3B, 0x00, 0x0C, 0x29, 0xE7, 0xEC, 0xEE,
0x00, 0x04, 0xB3, 0xF5, 0x1D, 0xE2, 0xA0, 0x00, 0x00, 0x4F, 0x5D, 0x29, 0xE7, 0xA2, 0x03, 0xA9,
0xFF, 0x64, 0x00, 0xEA, 0x96, 0x00, 0x00, 0x0A, 0xD7, 0x5D, 0x29, 0xE7, 0xD8, 0xFF, 0x6E, 0x00,
0x00, 0xA9, 0xF0, 0x2C, 0x00, 0x01, 0x26, 0xC8, 0x5D, 0x29, 0xE7, 0xB9, 0x00, 0x00, 0x00, 0x1C,
0xE5, 0xFA, 0xCF, 0xF0, 0x7E, 0x00, 0x1D, 0x01, 0x29, 0xE7, 0x86, 0x00, 0x00, 0x00, 0x11, 0x80,
0xB2, 0x9B, 0x36, 0x00, 0x00, 0x00, 0x00, 0x29, 0xE7, 0x86, 0x00, 0x00, 0x00, 0x00, 0x00, 0x00,
0x00, 0x00, 0x00, 0x00, 0x00, 0x00, 0x29, 0xE7, 0x58, 0x00, 0x00, 0x00, 0x00, 0x00, 0x00, 0x00,
0x00, 0x00, 0x00, 0x00, 0x00, 0x18, 0x0E, 0x00, 0x00, 0x39, 0x6F, 0x57, 0x13, 0x00, 0x00, 0x05,
0xA9, 0xFF, 0xFF, 0xFF, 0xEA, 0x43, 0x00, 0x7F, 0xFF, 0x71, 0x10, 0x30, 0xCF, 0xEA, 0x13, 0xD9,
0xAF, 0x00, 0x00, 0x00, 0x30, 0xFF, 0x57, 0xD2, 0x5B, 0x00, 0x00, 0x00, 0x19, 0xFF, 0x72, 0x00,
0x00, 0x00, 0x00, 0x00, 0x7E, 0xFF, 0x3D, 0x00, 0x00, 0x00, 0x14, 0xA6, 0xFF, 0xB1, 0x00, 0x00,
0x00, 0x00, 0xB9, 0xF3, 0x83, 0x07, 0x00, 0x00, 0x00, 0x00, 0xFB, 0x7F, 0x00, 0x00, 0x00, 0x00,
0x00, 0x00, 0x56, 0x1C, 0x00, 0x00, 0x00, 0x00, 0x00, 0x00, 0x3D, 0x13, 0x00, 0x00, 0x00, 0x00,
0x00, 0x15, 0xFF, 0x94, 0x00, 0x00, 0x00, 0x00, 0x00, 0x00, 0x5D, 0x23, 0x00, 0x00, 0x00, 0x00,
0x29, 0x5E, 0x03, 0x00, 0x00, 0xC4, 0xFF, 0x43, 0x00, 0x00, 0x56, 0xA0, 0x0E, 0x00, 0x00, 0x00,
0x00, 0x00, 0x00, 0x96, 0xC0, 0x96, 0x00, 0x00, 0x96, 0xE0, 0xFF, 0x00, 0x00, 0x00, 0x80, 0xFF,
0x00, 0x00, 0x00, 0x80, 0xFF, 0x00, 0x00, 0x00, 0x80, 0xFF, 0x00, 0x00, 0x00, 0x80, 0xFF, 0x00,
0x00, 0x00, 0x80, 0xFF, 0x00, 0x00, 0xD3, 0xFF, 0xFF, 0xFC, 0x55, 0x5A, 0x80, 0x80, 0x7C, 0x1C,
0x12, 0x64, 0x12, 0x8A, 0xFF, 0x8A, 0x95, 0xFF, 0x94, 0x88, 0xFF, 0x87, 0x7A, 0xFF, 0x79, 0x6D,
0xFF, 0x6C, 0x5F, 0xFF, 0x5E, 0x52, 0xFF, 0x51, 0x42, 0xFF, 0x41, 0x07, 0x67, 0x06, 0x06, 0x45,
0x05, 0x55, 0xFF, 0x54, 0x0D, 0x65, 0x0D, 0x00, 0x00, 0x00, 0x00, 0x00, 0x00, 0x00, 0x00, 0x00,
0x01, 0x4D, 0x30, 0x00, 0x00, 0x00, 0x00, 0x00, 0x00, 0x00, 0x00, 0x00, 0x00, 0x61, 0xFF, 0xBB,
0x00, 0x56, 0xFC, 0xA9, 0x01, 0x00, 0x00, 0x6F, 0xFB, 0x92, 0x0A, 0xD3, 0xBF, 0x00, 0x1D, 0x9A,
0xFF, 0x6E, 0x00, 0x34, 0xFA, 0xBB, 0x39, 0x00, 0xBF, 0xBF, 0x00, 0x00, 0x00, 0xB3, 0xF7, 0x36,
0xD9, 0xE0, 0x0F, 0x00, 0x39, 0xEC, 0xEC, 0x39, 0x00, 0x00, 0x16, 0xE9, 0xF9, 0xFD, 0x3E, 0x00,
0x00, 0x3A, 0xBC, 0xBC, 0x39, 0x00, 0x00, 0x00, 0x79, 0xFF, 0xB4, 0x00, 0x00, 0x00, 0x00, 0x00,
0x00, 0x00, 0x00, 0x00, 0x16, 0xE9, 0xF9, 0xFD, 0x3D, 0x00, 0x00, 0x00, 0x00, 0x00, 0x00, 0x00,
0x00, 0xB3, 0xF7, 0x37, 0xD9, 0xE0, 0x0E, 0x00, 0x00, 0x00, 0x00, 0x00, 0x1C, 0x9A, 0xFF, 0x6E,
0x00, 0x34, 0xFB, 0xBB, 0x39, 0x00, 0x00, 0x00, 0x00, 0x56, 0xFC, 0xAA, 0x01, 0x00, 0x00, 0x6F,
0xFB, 0x92, 0x00, 0x00, 0x00, 0x00, 0x56, 0xFC, 0xA9, 0x01, 0x00, 0x00, 0x6F, 0xFB, 0x92, 0x00,
0x00, 0x00, 0x00, 0x1D, 0x9A, 0xFF, 0x6E, 0x00, 0x34, 0xFA, 0xBB, 0x39, 0x00, 0x00, 0x00, 0x00,
0x00, 0x00, 0xB3, 0xF7, 0x36, 0xD9, 0xE0, 0x0F, 0x00, 0x00, 0x00, 0x00, 0x00, 0x00, 0x00, 0x16,
0xE9, 0xF9, 0xFD, 0x3E, 0x00, 0x00, 0x00, 0x00, 0x00, 0x00, 0x00, 0x00, 0x00, 0x79, 0xFF, 0xB4,
0x00, 0x00, 0x00, 0x00, 0x00, 0x00, 0x00, 0x00, 0x00, 0x16, 0xE9, 0xF9, 0xFD, 0x3D, 0x00, 0x00,
0x10, 0x8D, 0x5C, 0x00, 0x00, 0x00, 0xB3, 0xF7, 0x37, 0xD9, 0xE0, 0x0E, 0x00, 0x5D, 0xFF, 0xBF,
0x00, 0x1C, 0x9A, 0xFF, 0x6E, 0x00, 0x34, 0xFB, 0xBB, 0x39, 0x00, 0xC3, 0xBF, 0x00, 0x56, 0xFC,
0xAA, 0x01, 0x00, 0x00, 0x6F, 0xFB, 0x92, 0x00, 0xBF, 0xBF, 0x00, 0x00, 0x00, 0x00, 0x00, 0x00,
0x00, 0x00, 0x00, 0x00, 0x56, 0xFC, 0xFC, 0x55, 0x00, 0x00, 0x00, 0x00, 0x00, 0x00, 0x00, 0x00,
0x00, 0x1D, 0x7C, 0x7C, 0x1C, 0x00, 0x00, 0x00, 0x00, 0x00, 0x00, 0x3B, 0x55, 0x03, 0x00, 0x00,
0x00, 0x00, 0x00, 0x00, 0x00, 0x00, 0x00, 0x70, 0xFF, 0xFF, 0xA7, 0x03, 0x00, 0x00, 0x00, 0x00,
0x00, 0x00, 0x00, 0x70, 0xFF, 0xFF, 0xFF, 0xFF, 0xA7, 0x03, 0x00, 0x00, 0x00, 0x00, 0x00, 0x70,
0xFF, 0xFF, 0xFF, 0xFF, 0xFF, 0xFF, 0xA7, 0x03, 0x00, 0x00, 0x00, 0x70, 0xFF, 0xE1, 0xFF, 0xFF,
0xFF, 0xFF, 0xFF, 0xFF, 0xA7, 0x03, 0x00, 0x70, 0xFF, 0xA9, 0x06, 0xA2, 0xFF, 0xFF, 0xFF, 0xFF,
0xFF, 0xFF, 0x79, 0x68, 0xFF, 0xAA, 0x04, 0x00, 0x02, 0xA2, 0xFF, 0xFF, 0xFF, 0xFF, 0xFF, 0x96,
0xE4, 0xCF, 0x04, 0x00, 0x00, 0x00, 0x02, 0xA2, 0xFF, 0xFF, 0xFF, 0xD7, 0x18, 0x99, 0xFF, 0x6F,
0x00, 0x00, 0x00, 0x00, 0x02, 0xB3, 0xFF, 0xD7, 0x18, 0x00, 0x05, 0xAF, 0xFF, 0x6F, 0x00, 0x00,
0x00, 0x39, 0xF2, 0xD7, 0x18, 0x00, 0x00, 0x00, 0x05, 0xAF, 0xFF, 0xC4, 0xC0, 0xC0, 0xF3, 0xFF,
0xD3, 0xC0, 0xC0, 0x66, 0x00, 0x00, 0x05, 0x77, 0xBE, 0xC0, 0xC0, 0xC0, 0xC0, 0xC0, 0xC0, 0xC0,
0x66, 0x00, 0x00, 0x00, 0x00, 0x3E, 0x66, 0x12, 0x00, 0x00, 0x00, 0x00, 0x00, 0x00, 0x00, 0x00,
0x1E, 0xFD, 0xFF, 0x9B, 0x00, 0x00, 0x00, 0x00, 0x00, 0x00, 0x00, 0x00, 0x02, 0xDC, 0xFF, 0x5E,
0x00, 0x00, 0x00, 0x00, 0x00, 0x35, 0x7F, 0x80, 0x85, 0xEF, 0xFF, 0xB4, 0x7F, 0x35, 0x00, 0x00,
0x00, 0xEB, 0xFF, 0xFF, 0xFF, 0xFF, 0xFF, 0xFF, 0xFF, 0xEA, 0x00, 0x00, 0x00, 0xFF, 0xEB, 0xF8,
0xFF, 0xFF, 0xFF, 0xFF, 0xFF, 0xFF, 0x05, 0x19, 0x07, 0x5C, 0x0D, 0x43, 0xFF, 0xFF, 0xFF, 0xFF,
0xFF, 0xFF, 0xD0, 0xFB, 0xBC, 0x00, 0x00, 0x18, 0xFF, 0xFF, 0xFF, 0xFF, 0xFF, 0xFF, 0xFF, 0xFF,
0xE7, 0xDA, 0x76, 0xA6, 0xFF, 0xFF, 0xFF, 0xFF, 0xFF, 0xFF, 0x56, 0x94, 0x59, 0xFF, 0xFF, 0xFF,
0xFF, 0xC1, 0x99, 0xED, 0xFF, 0xFF, 0x00, 0x00, 0x00, 0xFF, 0xFF, 0xFF, 0xE3, 0x02, 0x00, 0x66,
0xFF, 0xFF, 0x00, 0x00, 0x00, 0xEB, 0xFF, 0xFF, 0xFF, 0x3C, 0x00, 0xBE, 0xFF, 0xEB, 0x00, 0x00,
0x00, 0x37, 0x7F, 0x80, 0x7F, 0x2A, 0x00, 0x6B, 0x7F, 0x38, 0x00, 0x00, 0x00, 0x00, 0x00, 0x00,
0x36, 0x72, 0x35, 0x00, 0x00, 0x00, 0x00, 0x00, 0x50, 0xFE, 0xFF, 0xFD, 0x4E, 0x00, 0x00, 0x00,
0x00, 0xB1, 0xFF, 0xFF, 0xFF, 0xB0, 0x00, 0x00, 0x00, 0x00, 0xBF, 0xFF, 0xFF, 0xFF, 0xBF, 0x00,
0x00, 0x9C, 0x0A, 0xBF, 0xFF, 0xFF, 0xFF, 0xBF, 0x0A, 0x9C, 0xFE, 0x21, 0xBE, 0xFF, 0xFF, 0xFF,
0xBE, 0x21, 0xFE, 0xDD, 0x45, 0x91, 0xFF, 0xFF, 0xFF, 0x90, 0x46, 0xDB, 0x99, 0xAE, 0x13, 0xB5,
0xF3, 0xB4, 0x12, 0xAD, 0x97, 0x16, 0xEA, 0x9A, 0x15, 0x00, 0x15, 0x99, 0xE9, 0x15, 0x00, 0x1F,
0xBE, 0xFD, 0xEC, 0xFD, 0xBD, 0x1E, 0x00, 0x00, 0x00, 0x00, 0x26, 0xFF, 0x25, 0x00, 0x00, 0x00,
0x00, 0x00, 0x5F, 0xA5, 0xFF, 0xA5, 0x5F, 0x00, 0x00, 0x00, 0x00, 0x48, 0x7F, 0x7F, 0x7F, 0x48,
0x00, 0x00, 0x21, 0x00, 0x00, 0x00, 0x00, 0x00, 0x00, 0x00, 0x00, 0x00, 0x00, 0x00, 0x00, 0x00,
0xDD, 0x88, 0x00, 0x00, 0x00, 0x1E, 0x6F, 0x4F, 0x00, 0x00, 0x00, 0x00, 0x00, 0x00, 0x29, 0xE7,
0x89, 0x00, 0x1E, 0xEF, 0xFF, 0xFF, 0x8C, 0x00, 0x00, 0x00, 0x00, 0x00, 0x00, 0x29, 0xE7, 0x8A,
0x71, 0xFF, 0xFF, 0xFF, 0xF0, 0x00, 0x00, 0x00, 0x00, 0x00, 0x00, 0x00, 0x29, 0xE7, 0xE5, 0xFF,
0xFF, 0xFF, 0xFF, 0x00, 0x00, 0x00, 0x00, 0x00, 0x00, 0x00, 0x2B, 0x29, 0xE7, 0xFF, 0xFF, 0xFF,
0xFF, 0x00, 0x8A, 0x1C, 0x00, 0x00, 0x00, 0x00, 0xBC, 0x42, 0x29, 0xE7, 0xFF, 0xFF, 0xFE, 0x00,
0xE1, 0x3E, 0x00, 0x00, 0x00, 0x00, 0x9D, 0x85, 0x00, 0x29, 0xE7, 0xFF, 0xD1, 0x0A, 0xFC, 0x19,
0x00, 0x00, 0x00, 0x00, 0x59, 0xE0, 0x0D, 0x00, 0x29, 0xE7, 0x9E, 0x6E, 0xD6, 0x00, 0x00, 0x00,
0x00, 0x00, 0x01, 0xBF, 0xC4, 0x2B, 0x00, 0x29, 0xE7, 0xFB, 0x3D, 0x00, 0x00, 0x00, 0x00, 0x00,
0x00, 0x09, 0x9A, 0xF7, 0xED, 0x5C, 0x29, 0xE7, 0x86, 0x00, 0x00, 0x00, 0x00, 0x00, 0x00, 0x00,
0x00, 0x0C, 0xD9, 0x69, 0x00, 0x29, 0xE7, 0x86, 0x00, 0x00, 0x00, 0x00, 0x00, 0x00, 0x37, 0x9F,
0xED, 0xBD, 0x86, 0x00, 0x29, 0xE7, 0x86, 0x00, 0x00, 0x00, 0x00, 0x00, 0x28, 0x7F, 0x7F, 0x7F,
0x68, 0x00, 0x00, 0x29, 0xE7, 0x58, 0x00, 0x00, 0x00, 0x00, 0x00, 0x00, 0x00, 0x00, 0x00, 0x00,
0x00, 0x00, 0x18, 0x0E, 0x00, 0x00, 0x00, 0x00, 0x05, 0x55, 0x53, 0x04, 0x00, 0x00, 0x00, 0x00,
0x00, 0x00, 0x18, 0x7E, 0xE5, 0xFF, 0xFF, 0xE4, 0x7D, 0x17, 0x00, 0x00, 0x11, 0xA1, 0xF9, 0xFF,
0xFF, 0xFF, 0xFF, 0xFF, 0xFF, 0xF9, 0xA1, 0x11, 0x87, 0xFF, 0xFF, 0xFF, 0xFF, 0xFF, 0xFF, 0xFF,
0xFF, 0xFF, 0xFF, 0x86, 0x8D, 0xFF, 0xFF, 0xFF, 0xFF, 0xFF, 0xFF, 0xFF, 0xFF, 0xFF, 0xFF, 0x8C,
0x70, 0xFF, 0xFF, 0xFF, 0xFF, 0xFF, 0xFF, 0xFF, 0xFF, 0xFF, 0xFF, 0x70, 0x30, 0xFF, 0xFF, 0xFF,
0xFF, 0xFF, 0xFF, 0xFF, 0xFF, 0xFF, 0xFF, 0x30, 0x00, 0xDC, 0xFF, 0xFF, 0xFF, 0xFF, 0xFF, 0xFF,
0xFF, 0xFF, 0xDC, 0x00, 0x00, 0x6C, 0xFF, 0xFF, 0xFF, 0xFF, 0xFF, 0xFF, 0xFF, 0xFF, 0x6C, 0x00,
0x00, 0x01, 0xC1, 0xFF, 0xFF, 0xFF, 0xFF, 0xFF, 0xFF, 0xC1, 0x01, 0x00, 0x00, 0x00, 0x22, 0xE6,
0xFF, 0xFF, 0xFF, 0xFF, 0xE6, 0x22, 0x00, 0x00, 0x00, 0x00, 0x00, 0x1F, 0xC4, 0xFF, 0xFF, 0xC4,
0x20, 0x00, 0x00, 0x00, 0x00, 0x00, 0x00, 0x00, 0x00, 0x4B, 0x4C, 0x01, 0x00, 0x00, 0x00, 0x00,
0x00, 0x00, 0x39, 0x39, 0x00, 0x00, 0x06, 0x65, 0x06, 0x00, 0x00, 0x00, 0x00, 0xBC, 0xBC, 0x00,
0x00, 0x3C, 0xFF, 0x3C, 0x00, 0x00, 0x71, 0xF2, 0xFF, 0xFF, 0xFF, 0xFF, 0xFF, 0xFF, 0xFF, 0xC9,
0x18, 0xF2, 0xFF, 0xFF, 0xFF, 0xFF, 0xFF, 0xFF, 0xFF, 0xFF, 0xFF, 0x72, 0x9F, 0x9F, 0x9F, 0x9F,
0x9F, 0x9F, 0x9F, 0x9F, 0x9F, 0x9F, 0x4F, 0x3F, 0x3F, 0x3F, 0x3F, 0x3F, 0x3F, 0x3F, 0x3F, 0x3F,
0x3F, 0x1F, 0xFF, 0xFF, 0xFF, 0xFF, 0xFF, 0xFF, 0xFF, 0xFF, 0xFF, 0xFF, 0x7F, 0xFF, 0xFF, 0xFF,
0xFF, 0xFF, 0xFF, 0xFF, 0xFF, 0xFF, 0xFF, 0x7F, 0xFF, 0xFF, 0xFF, 0xFF, 0xFF, 0xFF, 0xFF, 0xFF,
0xFF, 0xFF, 0x7F, 0xFF, 0xFF, 0xFF, 0xFF, 0xFF, 0xFF, 0xFF, 0xFF, 0xFF, 0xFF, 0x7F, 0xE2, 0xFF,
0xFF, 0xFF, 0xFF, 0xFF, 0xFF, 0xFF, 0xFF, 0xFF, 0x61, 0x43, 0xB2, 0xBF, 0xBF, 0xBF, 0xBF, 0xBF,
0xBF, 0xBF, 0x8A, 0x09, 0x00, 0x00, 0x00, 0x59, 0x72, 0x06, 0x00, 0x00, 0x01, 0x24, 0x58, 0x51,
0x00, 0x00, 0x02, 0xFC, 0xFF, 0x60, 0x36, 0xB3, 0xF0, 0xFF, 0xFF, 0xFB, 0x00, 0x57, 0xD7, 0xFF,
0xFF, 0xF3, 0xF3, 0xFF, 0xFF, 0xFF, 0xFF, 0xFF, 0x57, 0xEC, 0x64, 0xFF, 0xFF, 0x47, 0x03, 0x77,
0xB6, 0xEA, 0xFF, 0xF0, 0xDC, 0x50, 0xC4, 0xFF, 0xFF, 0xE5, 0x27, 0x00, 0x00, 0x00, 0x1D, 0x20,
0x01, 0x51, 0xFF, 0xFF, 0xFF, 0xFF, 0x8F, 0x00, 0x00, 0x00, 0x00, 0x00, 0x00, 0x7F, 0xFF, 0xFF,
0xFF, 0xFF, 0xBF, 0x00, 0x00, 0x00, 0x00, 0x00, 0x00, 0x7F, 0xFF, 0xFF, 0xFF, 0xFF, 0xBF, 0x00,
0x00, 0x00, 0x00, 0x00, 0x00, 0x7F, 0xFF, 0xFF, 0xFF, 0xFF, 0xBF, 0x00, 0x00, 0x00, 0x00, 0x00,
0x00, 0x0F, 0x1F, 0x1F, 0x1F, 0x1F, 0x17, 0x00, 0x00, 0x00, 0x00, 0x00, 0x00, 0x5F, 0xBF, 0xBF,
0xBF, 0xBF, 0x8F, 0x00, 0x00, 0x00, 0x00, 0x00, 0x00, 0x4B, 0xFF, 0xFF, 0xFF, 0xFF, 0x89, 0x00,
0x00, 0x00, 0x00, 0x00, 0x00, 0x01, 0x4B, 0x7F, 0x7F, 0x62, 0x0A, 0x00, 0x00, 0x00, 0x00, 0x00,
0x00, 0x00, 0x00, 0x00, 0x00, 0x00, 0x00, 0x05, 0x62, 0x9D, 0xB5, 0x94, 0x06, 0x00, 0x00, 0x00,
0x00, 0x00, 0x00, 0x39, 0xDB, 0xFF, 0xFF, 0xFF, 0xFF, 0x2F, 0x00, 0x00, 0x00, 0x00, 0x00, 0x27,
0xF3, 0xFF, 0x92, 0x41, 0xE9, 0xFF, 0x30, 0x00, 0x00, 0x73, 0xBF, 0xC0, 0xE3, 0xFF, 0xFF, 0x3F,
0x00, 0xC1, 0xFC, 0x09, 0x00, 0x40, 0xFF, 0xFF, 0xFF, 0xFF, 0xFF, 0xFF, 0xE8, 0xC0, 0xFF, 0xA8,
0x00, 0x03, 0xD5, 0xFF, 0xFF, 0xFF, 0xFF, 0xFF, 0xFF, 0xFF, 0xFF, 0xF2, 0x21, 0x00, 0x0C, 0xE7,
0xFF, 0xFF, 0xFF, 0xFF, 0xFF, 0xFF, 0xFF, 0xE5, 0x39, 0x00, 0x00, 0x00, 0x00, 0x00, 0x00, 0x36,
0xE7, 0xFF, 0xFF, 0xFF, 0x43, 0x00, 0x00, 0x00, 0x00, 0x00, 0x00, 0x00, 0x00, 0x8D, 0xFF, 0xFF,
0xFF, 0x40, 0x00, 0x00, 0x00, 0x00, 0x00, 0x00, 0x00, 0x00, 0x80, 0xFF, 0xFF, 0xFF, 0x31, 0x00,
0x00, 0x00, 0x00, 0x00, 0x00, 0x00, 0x00, 0x7F, 0xFF, 0xF3, 0x6F, 0x00, 0x00, 0x00, 0x00, 0x00,
0x00, 0x00, 0x00, 0x00, 0x2B, 0x8A, 0x1B, 0x00, 0x00, 0x00, 0x00, 0x00, 0x00, 0x00, 0x00, 0x04,
0x30, 0x64, 0x65, 0x30, 0x04, 0x00, 0x00, 0x00, 0x00, 0x00, 0x3E, 0xDD, 0xFF, 0xFF, 0xFF, 0xFF,
0xDC, 0x3C, 0x00, 0x00, 0x00, 0x61, 0xFD, 0xFF, 0xFF, 0xFF, 0xFF, 0xFF, 0xFF, 0xFD, 0x5F, 0x00,
0x20, 0xF3, 0xFF, 0xFF, 0xFF, 0xFF, 0xAB, 0xED, 0xFF, 0xFF, 0xF2, 0x1F, 0x97, 0xFF, 0xFF, 0xFF,
0xFF, 0x83, 0x13, 0xE1, 0xFF, 0xFF, 0xFF, 0x95, 0xCC, 0xFF, 0xFF, 0xFF, 0x83, 0x13, 0xD0, 0xFF,
0xFF, 0xFF, 0xFF, 0xCA, 0xF3, 0xFF, 0xFF, 0xDB, 0x00, 0xA4, 0xFF, 0xFF, 0xFF, 0xFF, 0xFF, 0xF2,
0xCC, 0xFF, 0xFF, 0xFF, 0x7F, 0x14, 0xD1, 0xFF, 0xFF, 0xFF, 0xFF, 0xCA, 0x97, 0xFF, 0xFF, 0xFF,
0xFF, 0x7F, 0x14, 0xE2, 0xFF, 0xFF, 0xFF, 0x95, 0x21, 0xF3, 0xFF, 0xFF, 0xFF, 0xFF, 0xA8, 0xEC,
0xFF, 0xFF, 0xF2, 0x20, 0x00, 0x62, 0xFE, 0xFF, 0xFF, 0xFF, 0xFF, 0xFF, 0xFF, 0xFE, 0x60, 0x00,
0x00, 0x00, 0x40, 0xDF, 0xFF, 0xFF, 0xFF, 0xFF, 0xDE, 0x3F, 0x00, 0x00, 0x00, 0x00, 0x00, 0x05,
0x33, 0x66, 0x66, 0x32, 0x05, 0x00, 0x00, 0x00, 0x00, 0x00, 0x00, 0x04, 0x30, 0x64, 0x65, 0x30,
0x04, 0x00, 0x00, 0x00, 0x00, 0x00, 0x3E, 0xDD, 0xFF, 0xFF, 0xFF, 0xFF, 0xDC, 0x3C, 0x00, 0x00,
0x00, 0x61, 0xFD, 0xFF, 0xFF, 0xFF, 0xFF, 0xFF, 0xFF, 0xFD, 0x5F, 0x00, 0x20, 0xF3, 0xFF, 0xFF,
0xEC, 0xAD, 0xFF, 0xFF, 0xFF, 0xFF, 0xF2, 0x1F, 0x97, 0xFF, 0xFF, 0xFF, 0xDF, 0x12, 0x88, 0xFF,
0xFF, 0xFF, 0xFF, 0x95, 0xCC, 0xFF, 0xFF, 0xFF, 0xFF, 0xCE, 0x13, 0x88, 0xFF, 0xFF, 0xFF, 0xCA,
0xF3, 0xFF, 0xFF, 0xFF, 0xFF, 0xFF, 0xA3, 0x00, 0xDD, 0xFF, 0xFF, 0xF2, 0xCC, 0xFF, 0xFF, 0xFF,
0xFF, 0xD0, 0x13, 0x83, 0xFF, 0xFF, 0xFF, 0xCA, 0x97, 0xFF, 0xFF, 0xFF, 0xE0, 0x13, 0x83, 0xFF,
0xFF, 0xFF, 0xFF, 0x95, 0x21, 0xF3, 0xFF, 0xFF, 0xEB, 0xAA, 0xFF, 0xFF, 0xFF, 0xFF, 0xF2, 0x20,
0x00, 0x62, 0xFE, 0xFF, 0xFF, 0xFF, 0xFF, 0xFF, 0xFF, 0xFE, 0x60, 0x00, 0x00, 0x00, 0x40, 0xDF,
0xFF, 0xFF, 0xFF, 0xFF, 0xDE, 0x3F, 0x00, 0x00, 0x00, 0x00, 0x00, 0x05, 0x33, 0x66, 0x66, 0x32,
0x05, 0x00, 0x00, 0x00, 0x00, 0x00, 0x00, 0x04, 0x30, 0x64, 0x65, 0x30, 0x04, 0x00, 0x00, 0x00,
0x00, 0x00, 0x3E, 0xDD, 0xFF, 0xFF, 0xFF, 0xFF, 0xDC, 0x3C, 0x00, 0x00, 0x00, 0x61, 0xFD, 0xFF,
0xFF, 0xFF, 0xFF, 0xFF, 0xFF, 0xFD, 0x5F, 0x00, 0x20, 0xF3, 0xFF, 0xFF, 0xFF, 0xFF, 0xFF, 0xFF,
0xFF, 0xFF, 0xF2, 0x1F, 0x97, 0xFF, 0xFF, 0xFF, 0xFF, 0x90, 0x93, 0xFF, 0xFF, 0xFF, 0xFF, 0x95,
0xCC, 0xFF, 0xFF, 0xFF, 0x83, 0x13, 0x13, 0x88, 0xFF, 0xFF, 0xFF, 0xCA, 0xF3, 0xFF, 0xFF, 0x85,
0x13, 0xD0, 0xCF, 0x12, 0x89, 0xFF, 0xFF, 0xF2, 0xCC, 0xFF, 0xFF, 0x54, 0xD0, 0xFF, 0xFF, 0xCE,
0x55, 0xFF, 0xFF, 0xCA, 0x97, 0xFF, 0xFF, 0xFF, 0xFF, 0xFF, 0xFF, 0xFF, 0xFF, 0xFF, 0xFF, 0x95,
0x21, 0xF3, 0xFF, 0xFF, 0xFF, 0xFF, 0xFF, 0xFF, 0xFF, 0xFF, 0xF2, 0x20, 0x00, 0x62, 0xFE, 0xFF,
0xFF, 0xFF, 0xFF, 0xFF, 0xFF, 0xFE, 0x60, 0x00, 0x00, 0x00, 0x40, 0xDF, 0xFF, 0xFF, 0xFF, 0xFF,
0xDE, 0x3F, 0x00, 0x00, 0x00, 0x00, 0x00, 0x05, 0x33, 0x66, 0x66, 0x32, 0x05, 0x00, 0x00, 0x00,
0x00, 0x00, 0x00, 0x04, 0x30, 0x64, 0x65, 0x30, 0x04, 0x00, 0x00, 0x00, 0x00, 0x00, 0x3E, 0xDD,
0xFF, 0xFF, 0xFF, 0xFF, 0xDC, 0x3C, 0x00, 0x00, 0x00, 0x61, 0xFD, 0xFF, 0xFF, 0xFF, 0xFF, 0xFF,
0xFF, 0xFD, 0x5F, 0x00, 0x20, 0xF3, 0xFF, 0xFF, 0xFF, 0xFF, 0xFF, 0xFF, 0xFF, 0xFF, 0xF2, 0x1F,
0x97, 0xFF, 0xFF, 0xFF, 0xFF, 0xFF, 0xFF, 0xFF, 0xFF, 0xFF, 0xFF, 0x95, 0xCC, 0xFF, 0xFF, 0x56,
0xD2, 0xFF, 0xFF, 0xD0, 0x58, 0xFF, 0xFF, 0xCA, 0xF3, 0xFF, 0xFF, 0x81, 0x14, 0xD1, 0xD0, 0x13,
0x85, 0xFF, 0xFF, 0xF2, 0xCC, 0xFF, 0xFF, 0xFF, 0x7F, 0x13, 0x13, 0x83, 0xFF, 0xFF, 0xFF, 0xCA,
0x97, 0xFF, 0xFF, 0xFF, 0xFF, 0x8D, 0x90, 0xFF, 0xFF, 0xFF, 0xFF, 0x95, 0x21, 0xF3, 0xFF, 0xFF,
0xFF, 0xFF, 0xFF, 0xFF, 0xFF, 0xFF, 0xF2, 0x20, 0x00, 0x62, 0xFE, 0xFF, 0xFF, 0xFF, 0xFF, 0xFF,
0xFF, 0xFE, 0x60, 0x00, 0x00, 0x00, 0x40, 0xDF, 0xFF, 0xFF, 0xFF, 0xFF, 0xDE, 0x3F, 0x00, 0x00,
0x00, 0x00, 0x00, 0x05, 0x33, 0x66, 0x66, 0x32, 0x05, 0x00, 0x00, 0x00, 0x00, 0x00, 0x00, 0x00,
0x00, 0x1E, 0x6F, 0x4F, 0x00, 0x00, 0x00, 0x00, 0x00, 0x00, 0x00, 0x00, 0x00, 0x1E, 0xEF, 0xFF,
0xFF, 0x8C, 0x00, 0x00, 0x00, 0x00, 0x00, 0x00, 0x00, 0x00, 0x6F, 0xFF, 0x30, 0xAA, 0xEE, 0x00,
0x00, 0x00, 0x00, 0x00, 0x00, 0x00, 0x00, 0x43, 0xFF, 0xA9, 0xE3, 0xC1, 0x00, 0x00, 0x00, 0x00,
0x00, 0x00, 0x00, 0x00, 0x02, 0x83, 0xFF, 0xD9, 0x2A, 0x00, 0x00, 0x00, 0x00, 0x00, 0x00, 0x24,
0x01, 0x00, 0x00, 0xFF, 0x80, 0x00, 0x00, 0x1A, 0x0B, 0x00, 0x00, 0x73, 0xFE, 0xA9, 0x07, 0x00,
0xFF, 0x80, 0x00, 0x41, 0xF0, 0xD3, 0x1D, 0x50, 0xF2, 0xFF, 0xF6, 0x8F, 0x00, 0xFF, 0x80, 0x16,
0xF5, 0xFA, 0xF2, 0xCF, 0x05, 0x13, 0xF2, 0x8E, 0x10, 0x00, 0xFF, 0x80, 0x00, 0x23, 0xFD, 0x74,
0x16, 0x00, 0x00, 0xB3, 0xEA, 0x13, 0x00, 0xFF, 0x80, 0x00, 0x81, 0xFF, 0x33, 0x00, 0x00, 0x00,
0x23, 0xF4, 0xD6, 0x44, 0xFF, 0x98, 0x8D, 0xFF, 0x96, 0x00, 0x00, 0x00, 0x00, 0x00, 0x39, 0xD9,
0xFF, 0xFF, 0xFF, 0xFD, 0x8D, 0x08, 0x00, 0x00, 0x00, 0x00, 0x00, 0x00, 0x08, 0x41, 0x70, 0x5A,
0x21, 0x00, 0x00, 0x00, 0x00, 0x00, 0x00, 0x00, 0x0D, 0x33, 0x10, 0x00, 0x00, 0x00, 0x00, 0x00,
0x69, 0xF7, 0xFF, 0xF7, 0x69, 0x00, 0x00, 0x00, 0x2E, 0xFD, 0xBE, 0x59, 0xBB, 0xFD, 0x2C, 0x00,
0x00, 0x71, 0xFF, 0x1D, 0x00, 0x16, 0xF0, 0x5A, 0x00, 0x00, 0x80, 0xFF, 0x00, 0x00, 0x00, 0x0C,
0x00, 0x00, 0x41, 0xD2, 0xFF, 0xC0, 0xC0, 0xC0, 0xC0, 0xB2, 0x40, 0xE2, 0xFF, 0xFF, 0xFF, 0xFF,
0xFF, 0xFF, 0xFF, 0xE1, 0xFF, 0xFF, 0xFF, 0xFF, 0xFF, 0xFF, 0xFF, 0xFF, 0xFF, 0xFF, 0xFF, 0xFF,
0xE0, 0xD0, 0xE0, 0xFF, 0xFF, 0xFF, 0xFF, 0xFF, 0xFF, 0x2F, 0x10, 0x30, 0xFF, 0xFF, 0xFF, 0xFF,
0xFF, 0xFF, 0xFF, 0xFF, 0xFF, 0xFF, 0xFF, 0xFF, 0xFF, 0xFF, 0xFF, 0xFF, 0xFF, 0xFF, 0xFF, 0xFF,
0xFF, 0xCB, 0xFF, 0xFF, 0xFF, 0xFF, 0xFF, 0xFF, 0xFF, 0xC9, 0x1A, 0x73, 0x80, 0x80, 0x80, 0x80,
0x80, 0x72, 0x19, 0x00, 0x00, 0x00, 0x04, 0x31, 0x65, 0x65, 0x31, 0x04, 0x00, 0x00, 0x00, 0x00,
0x00, 0x3E, 0xDD, 0xFF, 0xFF, 0xFF, 0xFF, 0xDC, 0x3C, 0x00, 0x00, 0x00, 0x61, 0xFD, 0xD4, 0x51,
0x19, 0x1A, 0x52, 0xD5, 0xFD, 0x5F, 0x00, 0x20, 0xF3, 0xB5, 0x0B, 0x76, 0xC5, 0xC6, 0x76, 0x0B,
0xB6, 0xF2, 0x1F, 0x97, 0xF0, 0x18, 0xA6, 0xFF, 0xBE, 0xBE, 0xFF, 0xA5, 0x19, 0xF1, 0x95, 0xCD,
0xB3, 0x2B, 0xFF, 0x7A, 0x13, 0x13, 0x7B, 0xFF, 0x2A, 0xB5, 0xCB, 0xF3, 0x8C, 0x53, 0xFF, 0x2C,
0xA6, 0xA5, 0x2D, 0xFF, 0x53, 0x8D, 0xF2, 0xCD, 0xB2, 0x2B, 0xFF, 0x7A, 0x13, 0x13, 0x7B, 0xFF,
0x2A, 0xB4, 0xCB, 0x97, 0xF0, 0x17, 0xA6, 0xFF, 0xBD, 0xBD, 0xFF, 0xA5, 0x18, 0xF0, 0x95, 0x21,
0xF3, 0xB4, 0x0B, 0x77, 0xC7, 0xC7, 0x77, 0x0B, 0xB5, 0xF2, 0x20, 0x00, 0x62, 0xFE, 0xD3, 0x50,
0x19, 0x19, 0x50, 0xD4, 0xFE, 0x60, 0x00, 0x00, 0x00, 0x40, 0xDF, 0xFF, 0xFF, 0xFF, 0xFF, 0xDE,
0x3F, 0x00, 0x00, 0x00, 0x00, 0x00, 0x05, 0x33, 0x67, 0x66, 0x33, 0x05, 0x00, 0x00, 0x00, 0x61,
0xB1, 0x26, 0x00, 0x6C, 0xAE, 0x1E, 0x00, 0x78, 0xAA, 0x16, 0xE6, 0xFF, 0x85, 0x02, 0xF3, 0xFF,
0x75, 0x09, 0xFC, 0xFF, 0x65, 0x63, 0xB2, 0x27, 0x00, 0x6E, 0xAF, 0x1E, 0x00, 0x79, 0xAB, 0x17,
0x39, 0xA5, 0x38, 0xB5, 0xFF, 0xB4, 0x4D, 0xC6, 0x4C, 0x00, 0x00, 0x00, 0x42, 0xB5, 0x41, 0xB6,
0xFF, 0xB5, 0x44, 0xB6, 0x42, 0x00, 0x00, 0x00, 0x4C, 0xC5, 0x4B, 0xB5, 0xFF, 0xB4, 0x3A, 0xA6,
0x39, 0x41, 0xB2, 0xBF, 0xBF, 0xBF, 0xBF, 0xBF, 0xBF, 0xBF, 0x89, 0x09, 0xE2, 0xFF, 0xFF, 0xFF,
0xFF, 0xFF, 0xFF, 0xFF, 0xFF, 0xFF, 0x61, 0xFF, 0xFF, 0x76, 0x44, 0x78, 0xD7, 0xFF, 0xFF, 0xFF,
0xFF, 0x7F, 0xFF, 0xFF, 0xE1, 0x9B, 0x60, 0x0C, 0x8D, 0xFF, 0xFF, 0xFF, 0x7F, 0xFF, 0xFF, 0xA1,
0x83, 0xD7, 0xC8, 0x19, 0xA2, 0xFF, 0xFF, 0x7F, 0xFF, 0xFF, 0xB6, 0x57, 0x0A, 0xA7, 0xB5, 0x11,
0xEA, 0xFF, 0x7F, 0xFF, 0xFF, 0xFF, 0xFF, 0xB1, 0x0F, 0xEE, 0x33, 0xAB, 0xFF, 0x7F, 0xFF, 0xFF,
0x6D, 0x6D, 0xFF, 0x28, 0xB7, 0x68, 0x77, 0xFF, 0x7F, 0xFF, 0xFF, 0xC5, 0xC6, 0xFF, 0xB9, 0xE6,
0xD7, 0xC8, 0xFF, 0x7F, 0xE2, 0xFF, 0xFF, 0xFF, 0xFF, 0xFF, 0xFF, 0xFF, 0xFF, 0xFF, 0x61, 0x43,
0xB2, 0xBF, 0xBF, 0xBF, 0xBF, 0xBF, 0xBF, 0xBF, 0x8A, 0x09, 0x00, 0x00, 0x00, 0x04, 0x31, 0x65,
0x65, 0x31, 0x04, 0x00, 0x00, 0x00, 0x00, 0x00, 0x3E, 0xDD, 0xFF, 0xFF, 0xFF, 0xFF, 0xDC, 0x3C,
0x00, 0x00, 0x00, 0x61, 0xFD, 0xFF, 0xFF, 0xFF, 0xFF, 0xFF, 0xFF, 0xFD, 0x5F, 0x00, 0x20, 0xF3,
0xFF, 0xFF, 0xF8, 0xFF, 0xFF, 0xFF, 0xFF, 0xFF, 0xF2, 0x1F, 0x97, 0xFF, 0xFF, 0xFF, 0x2E, 0x45,
0xDA, 0xFF, 0xFF, 0xFF, 0xFF, 0x95, 0xCD, 0xFF, 0xFF, 0xFF, 0x20, 0x00, 0x07, 0x7E, 0xF7, 0xFF,
0xFF, 0xCB, 0xF3, 0xFF, 0xFF, 0xFF, 0x20, 0x00, 0x00, 0x00, 0x83, 0xFF, 0xFF, 0xF2, 0xCD, 0xFF,
0xFF, 0xFF, 0x20, 0x00, 0x08, 0x81, 0xF8, 0xFF, 0xFF, 0xCB, 0x97, 0xFF, 0xFF, 0xFF, 0x2D, 0x48,
0xDC, 0xFF, 0xFF, 0xFF, 0xFF, 0x95, 0x21, 0xF3, 0xFF, 0xFF, 0xF8, 0xFF, 0xFF, 0xFF, 0xFF, 0xFF,
0xF2, 0x20, 0x00, 0x62, 0xFE, 0xFF, 0xFF, 0xFF, 0xFF, 0xFF, 0xFF, 0xFE, 0x60, 0x00, 0x00, 0x00,
0x40, 0xDF, 0xFF, 0xFF, 0xFF, 0xFF, 0xDE, 0x3F, 0x00, 0x00, 0x00, 0x00, 0x00, 0x05, 0x33, 0x67,
0x66, 0x33, 0x05, 0x00, 0x00, 0x00, 0x71, 0xF2, 0xFF, 0xFF, 0xFF, 0xFF, 0xFF, 0xFF, 0xFF, 0xFF,
0xFF, 0xFF, 0xC9, 0x18, 0xF2, 0xFF, 0xEE, 0x87, 0x7F, 0x7F, 0x7F, 0x7F, 0x7F, 0x7F, 0xB6, 0xFF,
0xFF, 0x72, 0xFF, 0xFF, 0xA3, 0x17, 0x5F, 0x5F, 0x5F, 0x5F, 0x5F, 0x47, 0x23, 0xFF, 0xFF, 0x7F,
0x84, 0xFF, 0x9F, 0x3F, 0xFF, 0xFF, 0xFF, 0xFF, 0xFF, 0xBF, 0x1F, 0xFF, 0xDF, 0x25, 0x01, 0xF3,
0x9F, 0x3F, 0xFF, 0xFF, 0xFF, 0xFF, 0xFF, 0xBF, 0x1F, 0xFF, 0x74, 0x00, 0x81, 0xFF, 0x9F, 0x3F,
0xFF, 0xFF, 0xFF, 0xFF, 0xFF, 0xBF, 0x1F, 0xFF, 0xDD, 0x24, 0xFF, 0xFF, 0xA3, 0x17, 0x5F, 0x5F,
0x5F, 0x5F, 0x5F, 0x47, 0x23, 0xFF, 0xFF, 0x7F, 0xF2, 0xFF, 0xEE, 0x87, 0x7F, 0x7F, 0x7F, 0x7F,
0x7F, 0x7F, 0xB6, 0xFF, 0xFF, 0x72, 0x72, 0xF2, 0xFF, 0xFF, 0xFF, 0xFF, 0xFF, 0xFF, 0xFF, 0xFF,
0xFF, 0xFF, 0xCA, 0x18, 0x41, 0xB2, 0xBF, 0xBF, 0xBF, 0xBF, 0xBF, 0xBF, 0xBF, 0x89, 0x09, 0xE2,
0xFF, 0xFF, 0xFF, 0xFF, 0xFF, 0xFF, 0xFF, 0xFF, 0xFF, 0x61, 0xFF, 0xFF, 0xFF, 0xFF, 0xFF, 0xFF,
0xFF, 0xFF, 0xFF, 0xFF, 0x7F, 0xFF, 0xFF, 0xFF, 0xFF, 0xFF, 0xFF, 0xFF, 0xFF, 0xFF, 0xFF, 0x7F,
0xFF, 0xFF, 0xFF, 0xF1, 0xEF, 0xEF, 0xEF, 0xF9, 0xFF, 0xFF, 0x7F, 0xFF, 0xFF, 0xBF, 0x00, 0x00,
0x00, 0x00, 0x41, 0xFF, 0xFF, 0x7F, 0xFF, 0xFF, 0xFF, 0xF1, 0xEF, 0xEF, 0xEF, 0xF9, 0xFF, 0xFF,
0x7F, 0xFF, 0xFF, 0xFF, 0xFF, 0xFF, 0xFF, 0xFF, 0xFF, 0xFF, 0xFF, 0x7F, 0xFF, 0xFF, 0xFF, 0xFF,
0xFF, 0xFF, 0xFF, 0xFF, 0xFF, 0xFF, 0x7F, 0xE2, 0xFF, 0xFF, 0xFF, 0xFF, 0xFF, 0xFF, 0xFF, 0xFF,
0xFF, 0x61, 0x43, 0xB2, 0xBF, 0xBF, 0xBF, 0xBF, 0xBF, 0xBF, 0xBF, 0x8A, 0x09, 0x41, 0xB2, 0xBF,
0xBF, 0xBF, 0xBF, 0xBF, 0xBF, 0xBF, 0x89, 0x09, 0xE2, 0xFF, 0xFF, 0xFF, 0xFF, 0xFF, 0xFF, 0xFF,
0xFF, 0xFF, 0x61, 0xFF, 0xFF, 0xFF, 0xFF, 0xFF, 0xFF, 0xFF, 0xFF, 0xFF, 0xFF, 0x7F, 0xFF, 0xFF,
0xFF, 0xFF, 0xFF, 0xFF, 0xFF, 0xFF, 0xFF, 0xFF, 0x7F, 0xFF, 0xFF, 0xFF, 0xF1, 0xEF, 0xEF, 0xEF,
0xF9, 0xFF, 0xFF, 0x7F, 0xFF, 0xFF, 0xBF, 0x00, 0x00, 0x00, 0x00, 0x41, 0xFF, 0xFF, 0x7F, 0xFF,
0xFF, 0xFF, 0xF1, 0xEF, 0xEF, 0xEF, 0xF9, 0xFF, 0xFF, 0x7F, 0xFF, 0xFF, 0xFF, 0xFF, 0xFF, 0xFF,
0xFF, 0xFF, 0xFF, 0xFF, 0x7F, 0xFF, 0xFF, 0xFF, 0xFF, 0xFF, 0xFF, 0xFF, 0xFF, 0xFF, 0xFF, 0x7F,
0xE2, 0xFF, 0xFF, 0xFF, 0xFF, 0xFF, 0xFF, 0xFF, 0xFF, 0xFF, 0x61, 0x43, 0xB2, 0xBF, 0xBF, 0xBF,
0xBF, 0xBF, 0xBF, 0xBF, 0x8A, 0x09, 0x00, 0x00, 0x00, 0x0D, 0x64, 0x0C, 0x00, 0x00, 0x00, 0x00,
0x00, 0x0D, 0xC6, 0xFF, 0xC2, 0x0C, 0x00, 0x00, 0x00, 0x0D, 0xC6, 0xFF, 0xFF, 0xFF, 0xC2, 0x0C,
0x00, 0x07, 0xC6, 0xFB, 0x94, 0xFF, 0x95, 0xFC, 0xC2, 0x06, 0x22, 0xE9, 0x56, 0x3F, 0xFF, 0x3F,
0x59, 0xE9, 0x1F, 0x00, 0x00, 0x00, 0x3F, 0xFF, 0x3F, 0x00, 0x00, 0x00, 0x00, 0x00, 0x00, 0x3F,
0xFF, 0x3F, 0x00, 0x00, 0x00, 0x00, 0x00, 0x00, 0x3F, 0xFF, 0x3F, 0x00, 0x00, 0x00, 0x00, 0x00,
0x00, 0x3F, 0xFF, 0x3F, 0x00, 0x00, 0x00, 0x00, 0x00, 0x00, 0x3F, 0xFF, 0x3F, 0x00, 0x00, 0x00,
0x00, 0x00, 0x00, 0x69, 0xFF, 0x30, 0x00, 0x00, 0x00, 0xD3, 0xFF, 0xFF, 0xFF, 0xCA, 0x03, 0x00,
0x00, 0x00, 0x5A, 0x7F, 0x7F, 0x65, 0x0A, 0x00, 0x00, 0x00, 0x00, 0x59, 0x80, 0x80, 0x64, 0x0A,
0x00, 0x00, 0x00, 0x00, 0xD3, 0xFF, 0xFF, 0xFF, 0xC9, 0x03, 0x00, 0x00, 0x00, 0x00, 0x00, 0x00,
0x6A, 0xFF, 0x31, 0x00, 0x00, 0x00, 0x00, 0x00, 0x00, 0x40, 0xFF, 0x40, 0x00, 0x00, 0x00, 0x00,
0x00, 0x00, 0x40, 0xFF, 0x40, 0x00, 0x00, 0x00, 0x00, 0x00, 0x00, 0x40, 0xFF, 0x40, 0x00, 0x00,
0x00, 0x00, 0x00, 0x00, 0x40, 0xFF, 0x40, 0x00, 0x00, 0x00, 0x00, 0x00, 0x00, 0x40, 0xFF, 0x40,
0x00, 0x00, 0x00, 0x22, 0xE4, 0x53, 0x40, 0xFF, 0x40, 0x56, 0xE4, 0x1E, 0x08, 0xC9, 0xFB, 0x91,
0xFF, 0x92, 0xFB, 0xC6, 0x06, 0x00, 0x0F, 0xC9, 0xFF, 0xFF, 0xFF, 0xC6, 0x0D, 0x00, 0x00, 0x00,
0x0F, 0xC9, 0xFF, 0xC6, 0x0D, 0x00, 0x00, 0x00, 0x00, 0x00, 0x0F, 0x69, 0x0D, 0x00, 0x00, 0x00,
0x41, 0xB2, 0xC0, 0xC0, 0xC0, 0xC0, 0xC0, 0xC0, 0xC0, 0x89, 0x09, 0xE2, 0xFF, 0xFF, 0xFF, 0xFF,
0xFF, 0xFF, 0xFF, 0xFF, 0xFF, 0x61, 0xFF, 0xFF, 0xFF, 0xFF, 0xFF, 0xFF, 0xFF, 0xEB, 0xFF, 0xFF,
0x80, 0xFF, 0xFF, 0xFF, 0xFF, 0xFF, 0xFF, 0xDA, 0x0E, 0xDF, 0xFF, 0x80, 0xFF, 0xFF, 0xFF, 0xFF,
0xFF, 0xF9, 0x32, 0x75, 0xFF, 0xFF, 0x80, 0xFF, 0xFF, 0xBA, 0xDF, 0xFF, 0x70, 0x34, 0xFA, 0xFF,
0xFF, 0x80, 0xFF, 0xFF, 0x81, 0x1C, 0x93, 0x0E, 0xDC, 0xFF, 0xFF, 0xFF, 0x80, 0xFF, 0xFF, 0xFF,
0x6F, 0x00, 0xA3, 0xFF, 0xFF, 0xFF, 0xFF, 0x80, 0xFF, 0xFF, 0xFF, 0xFF, 0xCE, 0xFF, 0xFF, 0xFF,
0xFF, 0xFF, 0x80, 0xE2, 0xFF, 0xFF, 0xFF, 0xFF, 0xFF, 0xFF, 0xFF, 0xFF, 0xFF, 0x61, 0x43, 0xB3,
0xC0, 0xC0, 0xC0, 0xC0, 0xC0, 0xC0, 0xC0, 0x8B, 0x09, 0x41, 0xB2, 0xBF, 0xBF, 0xBF, 0xBF, 0xBF,
0xBF, 0xBF, 0x89, 0x09, 0xE2, 0xFF, 0xFF, 0xFF, 0xFF, 0xFF, 0xFF, 0xFF, 0xFF, 0xFF, 0x61, 0xFF,
0xFF, 0xFF, 0xFF, 0xFF, 0xFF, 0xB8, 0xC0, 0xFF, 0xFF, 0x7F, 0xFF, 0xFF, 0xFF, 0xFF, 0xFF, 0xED,
0x13, 0x02, 0xE1, 0xFF, 0x7F, 0xFF, 0xFF, 0xFF, 0xFF, 0x91, 0xAA, 0xCF, 0x3E, 0xF8, 0xFF, 0x7F,
0xFF, 0xFF, 0xFF, 0x94, 0x00, 0x04, 0xB5, 0xFF, 0xFF, 0xFF, 0x7F, 0xFF, 0xFF, 0xB5, 0x01, 0x00,
0x2E, 0xEC, 0xFF, 0xFF, 0xFF, 0x7F, 0xFF, 0xFF, 0x60, 0x00, 0x2D, 0xEB, 0xFF, 0xFF, 0xFF, 0xFF,
0x7F, 0xFF, 0xFF, 0xB1, 0xB6, 0xF7, 0xFF, 0xFF, 0xFF, 0xFF, 0xFF, 0x7F, 0xE2, 0xFF, 0xFF, 0xFF,
0xFF, 0xFF, 0xFF, 0xFF, 0xFF, 0xFF, 0x61, 0x43, 0xB2, 0xBF, 0xBF, 0xBF, 0xBF, 0xBF, 0xBF, 0xBF,
0x8A, 0x09, 0x41, 0xB2, 0xC0, 0xC0, 0xC0, 0xC0, 0xC0, 0xC0, 0xC0, 0x89, 0x09, 0xE2, 0xFF, 0xFF,
0xFF, 0xFF, 0xFF, 0xFF, 0xFF, 0xFF, 0xFF, 0x61, 0xFF, 0xFF, 0xFF, 0xFF, 0xFF, 0xFF, 0xFF, 0xFF,
0xFF, 0xFF, 0x80, 0xFF, 0xFF, 0xFF, 0xE4, 0x45, 0x40, 0x40, 0xB8, 0xFF, 0xFF, 0x80, 0xFF, 0xFF,
0xFF, 0xF8, 0xA4, 0x2B, 0x00, 0x80, 0xFF, 0xFF, 0x80, 0xFF, 0xFF, 0xFF, 0xFF, 0x74, 0x1A, 0x3D,
0x80, 0xFF, 0xFF, 0x80, 0xFF, 0xFF, 0xFF, 0x76, 0x1A, 0xD9, 0x77, 0x97, 0xFF, 0xFF, 0x80, 0xFF,
0xFF, 0xFF, 0x62, 0xD9, 0xFF, 0xFF, 0xFF, 0xFF, 0xFF, 0x80, 0xFF, 0xFF, 0xFF, 0xFF, 0xFF, 0xFF,
0xFF, 0xFF, 0xFF, 0xFF, 0x80, 0xE2, 0xFF, 0xFF, 0xFF, 0xFF, 0xFF, 0xFF, 0xFF, 0xFF, 0xFF, 0x61,
0x43, 0xB3, 0xC0, 0xC0, 0xC0, 0xC0, 0xC0, 0xC0, 0xC0, 0x8B, 0x09, 0x00, 0x00, 0x00, 0x00, 0x00,
0x00, 0x00, 0x00, 0x00, 0x52, 0x0C, 0x00, 0x00, 0x00, 0x00, 0x00, 0x00, 0x00, 0x00, 0x00, 0x00,
0x00, 0x00, 0xFB, 0xC2, 0x0C, 0x00, 0x00, 0x00, 0x04, 0x35, 0x14, 0x00, 0x00, 0x0D, 0x39, 0x3F,
0xFC, 0xFF, 0xC2, 0x0C, 0x00, 0x04, 0xC4, 0xFF, 0xA8, 0x00, 0x80, 0xFB, 0xFF, 0xFF, 0xFF, 0xFF,
0xFF, 0xC2, 0x0A, 0x32, 0xFF, 0x84, 0x14, 0x60, 0xFF, 0xFF, 0xFF, 0xFF, 0xFF, 0xFF, 0xFF, 0xFC,
0x2F, 0x3B, 0xFF, 0x43, 0x00, 0xBC, 0xFF, 0xFF, 0xED, 0xC2, 0xFE, 0xFF, 0xFC, 0x57, 0x00, 0x3B,
0xFF, 0x43, 0x00, 0xC7, 0xFF, 0xCC, 0x0D, 0x00, 0xFB, 0xFC, 0x57, 0x00, 0x00, 0x3B, 0xFF, 0x43,
0x00, 0x84, 0xFF, 0x72, 0x00, 0x00, 0xD1, 0x57, 0x00, 0x00, 0x00, 0x3B, 0xFF, 0x43, 0x00, 0x0A,
0xCB, 0xBD, 0x01, 0x00, 0x00, 0x00, 0x00, 0x00, 0x00, 0x3B, 0xFF, 0x43, 0x00, 0x00, 0x09, 0x63,
0x04, 0x00, 0xAF, 0x4C, 0x00, 0x00, 0x00, 0x38, 0xFF, 0x55, 0x00, 0x00, 0x00, 0x00, 0x00, 0x10,
0xFD, 0x80, 0x00, 0x00, 0x00, 0x0D, 0xE9, 0xFF, 0xFF, 0xFF, 0xFF, 0xFF, 0xFF, 0xFF, 0xFE, 0x3E,
0x00, 0x00, 0x00, 0x00, 0x20, 0x75, 0x7F, 0x7F, 0x7F, 0x7F, 0x7F, 0x7C, 0x3C, 0x00, 0x00, 0x00,
0x00, 0x00, 0x00, 0x00, 0x04, 0x30, 0x64, 0x65, 0x30, 0x04, 0x00, 0x00, 0x00, 0x00, 0x00, 0x3E,
0xDD, 0xFF, 0xFF, 0xFF, 0xFF, 0xDC, 0x3C, 0x00, 0x00, 0x00, 0x61, 0xFD, 0xFF, 0xFF, 0xFF, 0xFF,
0xFF, 0xFF, 0xFD, 0x5F, 0x00, 0x20, 0xF3, 0xFF, 0xFF, 0xFF, 0xFF, 0xFF, 0xD9, 0xB4, 0xFF, 0xF2,
0x1F, 0x97, 0xFF, 0xFF, 0xFF, 0xF6, 0x9E, 0x3C, 0x00, 0x2F, 0xFF, 0xFF, 0x95, 0xCC, 0xFF, 0xFF,
0xFF, 0x54, 0x13, 0x13, 0x00, 0x8B, 0xFF, 0xFF, 0xCA, 0xF3, 0xFF, 0xFF, 0xE6, 0x03, 0xA6, 0xA5,
0x04, 0xE8, 0xFF, 0xFF, 0xF2, 0xCC, 0xFF, 0xFF, 0x86, 0x00, 0x13, 0x13, 0x57, 0xFF, 0xFF, 0xFF,
0xCA, 0x97, 0xFF, 0xFF, 0x2A, 0x00, 0x38, 0x9B, 0xF6, 0xFF, 0xFF, 0xFF, 0x95, 0x21, 0xF3, 0xFF,
0xB0, 0xD5, 0xFF, 0xFF, 0xFF, 0xFF, 0xFF, 0xF2, 0x20, 0x00, 0x62, 0xFE, 0xFF, 0xFF, 0xFF, 0xFF,
0xFF, 0xFF, 0xFE, 0x60, 0x00, 0x00, 0x00, 0x40, 0xDF, 0xFF, 0xFF, 0xFF, 0xFF, 0xDE, 0x3F, 0x00,
0x00, 0x00, 0x00, 0x00, 0x05, 0x33, 0x66, 0x66, 0x32, 0x05, 0x00, 0x00, 0x00, 0x41, 0xB2, 0xBF,
0xBF, 0xBF, 0xBF, 0xBF, 0xBF, 0xBF, 0x89, 0x09, 0xE2, 0xFF, 0xFF, 0xFF, 0xFF, 0xFF, 0xFF, 0xFF,
0xFF, 0xFF, 0x61, 0xFF, 0xFF, 0xFF, 0xFF, 0xFF, 0xFF, 0xFF, 0xFF, 0xFF, 0xFF, 0x7F, 0xFF, 0xFF,
0xFF, 0xFF, 0xFF, 0xFF, 0xFF, 0xFF, 0xFF, 0xFF, 0x7F, 0xFF, 0xFF, 0x6A, 0x00, 0x00, 0x00, 0x00,
0x08, 0xE2, 0xFF, 0x7F, 0xFF, 0xFF, 0xD5, 0x13, 0x00, 0x00, 0x00, 0x69, 0xFF, 0xFF, 0x7F, 0xFF,
0xFF, 0xFF, 0xCA, 0x0C, 0x00, 0x59, 0xFD, 0xFF, 0xFF, 0x7F, 0xFF, 0xFF, 0xFF, 0xFF, 0xBF, 0x6C,
0xFA, 0xFF, 0xFF, 0xFF, 0x7F, 0xFF, 0xFF, 0xFF, 0xFF, 0xFF, 0xFF, 0xFF, 0xFF, 0xFF, 0xFF, 0x7F,
0xE2, 0xFF, 0xFF, 0xFF, 0xFF, 0xFF, 0xFF, 0xFF, 0xFF, 0xFF, 0x61, 0x43, 0xB2, 0xBF, 0xBF, 0xBF,
0xBF, 0xBF, 0xBF, 0xBF, 0x8A, 0x09, 0x41, 0xB2, 0xBF, 0xBF, 0xBF, 0xBF, 0xBF, 0xBF, 0xBF, 0x89,
0x09, 0xE2, 0xFF, 0xFF, 0xFF, 0xFF, 0xFF, 0xFF, 0xFF, 0xFF, 0xFF, 0x61, 0xFF, 0xFF, 0xFF, 0xFF,
0xFF, 0xFF, 0xFF, 0xFF, 0xFF, 0xFF, 0x7F, 0xFF, 0xFF, 0xFF, 0xFF, 0xBF, 0x6C, 0xFA, 0xFF, 0xFF,
0xFF, 0x7F, 0xFF, 0xFF, 0xFF, 0xCA, 0x0C, 0x00, 0x5A, 0xFE, 0xFF, 0xFF, 0x7F, 0xFF, 0xFF, 0xD6,
0x13, 0x00, 0x00, 0x00, 0x6A, 0xFF, 0xFF, 0x7F, 0xFF, 0xFF, 0x6A, 0x00, 0x00, 0x00, 0x00, 0x07,
0xE2, 0xFF, 0x7F, 0xFF, 0xFF, 0xFF, 0xFF, 0xFF, 0xFF, 0xFF, 0xFF, 0xFF, 0xFF, 0x7F, 0xFF, 0xFF,
0xFF, 0xFF, 0xFF, 0xFF, 0xFF, 0xFF, 0xFF, 0xFF, 0x7F, 0xE2, 0xFF, 0xFF, 0xFF, 0xFF, 0xFF, 0xFF,
0xFF, 0xFF, 0xFF, 0x61, 0x43, 0xB2, 0xBF, 0xBF, 0xBF, 0xBF, 0xBF, 0xBF, 0xBF, 0x8A, 0x09, 0x41,
0xB2, 0xBF, 0xBF, 0xBF, 0xBF, 0xBF, 0xBF, 0xBF, 0x89, 0x09, 0xE2, 0xFF, 0xFF, 0xFF, 0xFF, 0xFF,
0xFF, 0xFF, 0xFF, 0xFF, 0x61, 0xFF, 0xFF, 0xFF, 0xF7, 0xA7, 0xFF, 0xFF, 0xFF, 0xFF, 0xFF, 0x7F,
0xFF, 0xFF, 0xFF, 0xC0, 0x00, 0x66, 0xFD, 0xFF, 0xFF, 0xFF, 0x7F, 0xFF, 0xFF, 0xFF, 0xBF, 0x00,
0x00, 0x56, 0xF9, 0xFF, 0xFF, 0x7F, 0xFF, 0xFF, 0xFF, 0xBF, 0x00, 0x00, 0x00, 0x9D, 0xFF, 0xFF,
0x7F, 0xFF, 0xFF, 0xFF, 0xBF, 0x00, 0x00, 0x55, 0xF9, 0xFF, 0xFF, 0x7F, 0xFF, 0xFF, 0xFF, 0xC0,
0x00, 0x65, 0xFD, 0xFF, 0xFF, 0xFF, 0x7F, 0xFF, 0xFF, 0xFF, 0xF7, 0xA7, 0xFF, 0xFF, 0xFF, 0xFF,
0xFF, 0x7F, 0xE2, 0xFF, 0xFF, 0xFF, 0xFF, 0xFF, 0xFF, 0xFF, 0xFF, 0xFF, 0x61, 0x43, 0xB2, 0xBF,
0xBF, 0xBF, 0xBF, 0xBF, 0xBF, 0xBF, 0x8A, 0x09, 0x00, 0x00, 0x00, 0x00, 0x2E, 0x89, 0xB3, 0xC0,
0x96, 0x00, 0x00, 0x00, 0x8D, 0xFD, 0xF4, 0xCB, 0xC0, 0x96, 0x00, 0x00, 0x80, 0xFF, 0x9A, 0x0D,
0x00, 0x00, 0x00, 0x00, 0x17, 0xF6, 0xB5, 0x03, 0x00, 0x00, 0x00, 0x00, 0x7D, 0xFF, 0xFF, 0xFF,
0xFF, 0xFF, 0xCC, 0x00, 0x00, 0x0D, 0x9D, 0xFF, 0x41, 0x40, 0x40, 0x21, 0x00, 0x00, 0x7D, 0xFF,
0xFF, 0xFF, 0xFF, 0xFF, 0xCC, 0x00, 0x00, 0x00, 0x17, 0xF7, 0xB3, 0x02, 0x00, 0x00, 0x00, 0x00,
0x00, 0x00, 0x83, 0xFF, 0x98, 0x0C, 0x00, 0x00, 0x00, 0x00, 0x00, 0x01, 0x91, 0xFE, 0xF3, 0xCA,
0xC0, 0x96, 0x00, 0x00, 0x00, 0x00, 0x30, 0x8B, 0xB4, 0xC0, 0x96, 0x00, 0x00, 0x00, 0x26, 0x6A,
0x70, 0x29, 0x00, 0x00, 0x00, 0x00, 0x67, 0xFD, 0xFF, 0xFF, 0xFC, 0x77, 0x00, 0x00, 0x1B, 0xFD,
0xAA, 0x16, 0x23, 0x91, 0x9C, 0x00, 0x00, 0x62, 0xFF, 0x21, 0x00, 0x00, 0x00, 0x00, 0x00, 0x00,
0x47, 0xFF, 0x3A, 0x00, 0x00, 0x00, 0x00, 0x00, 0x1D, 0xDF, 0xFF, 0xED, 0xE0, 0xE0, 0xDF, 0x53,
0x00, 0x02, 0x3A, 0xEF, 0xAF, 0x40, 0x40, 0x3F, 0x0D, 0x00, 0x00, 0x2C, 0xFE, 0x6E, 0x00, 0x00,
0x00, 0x00, 0x00, 0x02, 0xC3, 0xEE, 0x10, 0x00, 0x00, 0x00, 0x00, 0x00, 0x61, 0xFF, 0xE7, 0xC0,
0xC0, 0xC0, 0xC0, 0xB2, 0x13, 0x45, 0xBE, 0xC0, 0xC0, 0xC0, 0xC0, 0xC0, 0xB3, 0x13, 0x00, 0x00,
0x00, 0x4C, 0x12, 0x00, 0x00, 0x00, 0x00, 0x00, 0x00, 0xCF, 0x4F, 0x00, 0x00, 0x00, 0x00, 0x7F,
0xE9, 0xFF, 0xFF, 0xF8, 0x3A, 0x00, 0x56, 0xFF, 0xB2, 0x80, 0x80, 0x78, 0x10, 0x00, 0x93, 0xF5,
0x03, 0x00, 0x00, 0x00, 0x00, 0x00, 0x65, 0xFF, 0x91, 0x48, 0x23, 0x00, 0x00, 0x00, 0x04, 0x9F,
0xFC, 0xFF, 0xFF, 0xDE, 0x38, 0x00, 0x00, 0x00, 0x10, 0x39, 0x61, 0xDC, 0xE1, 0x01, 0x00, 0x00,
0x00, 0x00, 0x00, 0x79, 0xFF, 0x13, 0x06, 0x72, 0x80, 0x80, 0x89, 0xE9, 0xD6, 0x00, 0x20, 0xF3,
0xFF, 0xFF, 0xFB, 0xC4, 0x29, 0x00, 0x00, 0x00, 0x00, 0xCF, 0x4F, 0x00, 0x00, 0x00, 0x00, 0x00,
0x00, 0x4D, 0x13, 0x00, 0x00, 0x00, 0x96, 0xC0, 0xBC, 0x91, 0x24, 0x00, 0x00, 0x00, 0x00, 0x00,
0x00, 0xFF, 0xE0, 0xC3, 0xF1, 0xF5, 0x33, 0x00, 0x00, 0x00, 0x00, 0x00, 0xFF, 0x80, 0x00, 0x15,
0xDF, 0xBF, 0x00, 0x00, 0x00, 0x00, 0x00, 0xFF, 0x80, 0x00, 0x00, 0x8E, 0xF0, 0x00, 0x00, 0x00,
0x00, 0x00, 0xFF, 0x80, 0x00, 0x01, 0xC5, 0xC1, 0x00, 0x17, 0x3F, 0x13, 0x00, 0xFF, 0xC0, 0x83,
0xC5, 0xFD, 0x56, 0x3C, 0xF6, 0xFF, 0xA5, 0x00, 0xFF, 0xFF, 0xFF, 0xFF, 0x76, 0x00, 0x8F, 0xFB,
0x4F, 0x13, 0x00, 0xFF, 0x80, 0x0F, 0xFB, 0x89, 0x00, 0x44, 0xFB, 0xF6, 0x92, 0x06, 0xFF, 0x80,
0x00, 0xBF, 0xD5, 0x00, 0x00, 0x2F, 0x95, 0xFF, 0x59, 0xFF, 0x80, 0x00, 0x73, 0xFF, 0x1F, 0x13,
0xB2, 0xCB, 0xFF, 0x5C, 0x93, 0x39, 0x00, 0x17, 0xA8, 0x13, 0x13, 0xB3, 0xBD, 0x81, 0x03, 0x4E,
0x81, 0x00, 0x00, 0x00, 0x00, 0x00, 0x83, 0x4D, 0x6A, 0xFF, 0x52, 0x00, 0x00, 0x00, 0x56, 0xFF,
0x66, 0x03, 0xCC, 0xE6, 0x10, 0x00, 0x11, 0xE8, 0xC8, 0x02, 0x00, 0x2E, 0xFA, 0x9C, 0x00, 0x9E,
0xFA, 0x2C, 0x00, 0x00, 0x00, 0x83, 0xFF, 0x83, 0xFF, 0x81, 0x00, 0x00, 0x00, 0x02, 0x27, 0xE4,
0xFF, 0xE4, 0x26, 0x02, 0x00, 0x00, 0x5D, 0xFF, 0xFF, 0xFF, 0xFF, 0xFF, 0x5C, 0x00, 0x00, 0x0D,
0x3F, 0x6F, 0xFF, 0x6F, 0x3F, 0x0C, 0x00, 0x00, 0x53, 0xDF, 0xE7, 0xFF, 0xE7, 0xDF, 0x52, 0x00,
0x00, 0x00, 0x00, 0x3F, 0xFF, 0x3F, 0x00, 0x00, 0x00, 0x00, 0x00, 0x00, 0x13, 0xA6, 0x13, 0x00,
0x00, 0x00, 0x00, 0x04, 0xA9, 0xBF, 0xBF, 0xBF, 0xA5, 0x54, 0x00, 0x00, 0x00, 0x1F, 0xFF, 0xD7,
0xBF, 0xBF, 0xDD, 0xFF, 0x89, 0x00, 0x00, 0x1F, 0xFF, 0x5F, 0x00, 0x00, 0x01, 0x93, 0xFD, 0x21,
0x00, 0x1F, 0xFF, 0x5F, 0x00, 0x00, 0x00, 0x2E, 0xFF, 0x51, 0x00, 0x1F, 0xFF, 0x5F, 0x00, 0x00,
0x00, 0x67, 0xFF, 0x32, 0x06, 0x3B, 0xFF, 0xAF, 0x7F, 0x7F, 0x9D, 0xFA, 0xBB, 0x00, 0x7D, 0xFF,
0xFF, 0xFF, 0xFF, 0xFF, 0xE6, 0x97, 0x0E, 0x00, 0x00, 0x1F, 0xFF, 0x5F, 0x00, 0x00, 0x00, 0x00,
0x00, 0x00, 0x6E, 0xE3, 0xFF, 0xEB, 0xDF, 0xDF, 0xDF, 0x51, 0x00, 0x00, 0x15, 0x57, 0xFF, 0x87,
0x3F, 0x3F, 0x3F, 0x0D, 0x00, 0x00, 0x00, 0x05, 0xA2, 0x25, 0x00, 0x00, 0x00, 0x00, 0x00, 0x00,
0x90, 0x3B, 0x00, 0x00, 0x00, 0x6B, 0x6A, 0x00, 0x00, 0x00, 0x3B, 0x8F, 0xDB, 0xB1, 0x00, 0x00,
0x00, 0xE7, 0xE3, 0x00, 0x00, 0x00, 0xB3, 0xDA, 0x89, 0xF8, 0x0E, 0x00, 0x28, 0xFF, 0xFF, 0x22,
0x00, 0x0F, 0xF9, 0x87, 0x35, 0xFF, 0x5C, 0x00, 0x68, 0xFF, 0xFF, 0x62, 0x00, 0x5D, 0xFF, 0x31,
0x00, 0xE0, 0xB1, 0x00, 0xA8, 0xE4, 0xE6, 0xA2, 0x00, 0xB3, 0xDC, 0x00, 0x98, 0xF6, 0xFC, 0xDF,
0xF9, 0xF7, 0xF8, 0xF8, 0xDF, 0xFC, 0xF5, 0x97, 0x21, 0x60, 0xFF, 0xB1, 0xFF, 0x84, 0x88, 0xFF,
0xAF, 0xFF, 0x5D, 0x21, 0x00, 0x00, 0xDF, 0xF7, 0xFF, 0x22, 0x28, 0xFF, 0xF7, 0xDC, 0x00, 0x00,
0x00, 0x00, 0x89, 0xFF, 0xE3, 0x00, 0x00, 0xE8, 0xFF, 0x87, 0x00, 0x00, 0x00, 0x00, 0x33, 0xFF,
0xA2, 0x00, 0x00, 0xA8, 0xFF, 0x31, 0x00, 0x00, 0x00, 0x00, 0x00, 0x99, 0x3D, 0x00, 0x00, 0x3F,
0x98, 0x00, 0x00, 0x00, 0x18, 0x72, 0x7F, 0x7F, 0x7F, 0x49, 0x01, 0x00, 0x00, 0xCA, 0xFF, 0xFF,
0xFF, 0xFE, 0xFF, 0x99, 0x01, 0x00, 0xFF, 0xFF, 0xFF, 0xFF, 0xE0, 0x82, 0xFF, 0x99, 0x01, 0xFF,
0xFF, 0xFF, 0xFF, 0xDF, 0x00, 0x7F, 0xFF, 0x84, 0xFF, 0xFF, 0xFF, 0xFF, 0xF9, 0x6A, 0x5F, 0xCC,
0xF1, 0xFF, 0xFF, 0xFF, 0xFF, 0xFF, 0xFF, 0xFF, 0xFF, 0xFF, 0xFF, 0xFF, 0xFF, 0xFF, 0xFF, 0xFF,
0xFF, 0xFF, 0xFF, 0xFF, 0xFF, 0xFF, 0xFF, 0xFF, 0xFF, 0xFF, 0xFF, 0xFF, 0xFF, 0xFF, 0xFF, 0xFF,
0xFF, 0xFF, 0xFF, 0xFF, 0xFF, 0xFF, 0xFF, 0xFF, 0xFF, 0xFF, 0xFF, 0xFF, 0xFF, 0xFF, 0xFF, 0xFF,
0xFF, 0xFF, 0xFF, 0xFF, 0xFF, 0xFF, 0xFF, 0xCB, 0xFF, 0xFF, 0xFF, 0xFF, 0xFF, 0xFF, 0xFF, 0xCA,
0x1A, 0x72, 0x7F, 0x7F, 0x7F, 0x7F, 0x7F, 0x72, 0x19, 0x18, 0x72, 0x80, 0x80, 0x80, 0x49, 0x01,
0x00, 0x00, 0xCB, 0xFF, 0xFF, 0xFF, 0xFE, 0xFF, 0x99, 0x01, 0x00, 0xFF, 0xFF, 0xFF, 0xFF, 0xE0,
0x82, 0xFF, 0x99, 0x01, 0xFF, 0xFF, 0xFF, 0xFF, 0xE0, 0x00, 0x7F, 0xFF, 0x84, 0xFF, 0xFF, 0xFF,
0xFF, 0xF9, 0x6A, 0x60, 0xCC, 0xF1, 0xFF, 0xFF, 0xFF, 0xFF, 0xFF, 0xFF, 0xFF, 0xFF, 0xFF, 0xFF,
0xFF, 0xB7, 0x80, 0x80, 0x80, 0xB8, 0xFF, 0xFF, 0xFF, 0xFF, 0x9F, 0x60, 0x60, 0x60, 0xA0, 0xFF,
0xFF, 0xFF, 0xFF, 0xE2, 0xC0, 0xC0, 0xC0, 0xE3, 0xFF, 0xFF, 0xFF, 0xFF, 0x74, 0x20, 0x20, 0x20,
0x75, 0xFF, 0xFF, 0xFF, 0xFF, 0xFF, 0xFF, 0xFF, 0xFF, 0xFF, 0xFF, 0xFF, 0xCB, 0xFF, 0xFF, 0xFF,
0xFF, 0xFF, 0xFF, 0xFF, 0xC9, 0x1A, 0x73, 0x80, 0x80, 0x80, 0x80, 0x80, 0x72, 0x19, 0x00, 0x00,
0x66, 0x66, 0x00, 0x00, 0x00, 0x00, 0x65, 0x63, 0x00, 0x00, 0x00, 0x00, 0xC0, 0xC0, 0x00, 0x00,
0x00, 0x1E, 0xFA, 0xF8, 0x1B, 0x00, 0x00, 0x00, 0xC0, 0xC0, 0x00, 0x00, 0x00, 0x98, 0xF9, 0xF9,
0x94, 0x00, 0x00, 0x00, 0xC0, 0xC0, 0x00, 0x00, 0x1E, 0xF9, 0xCD, 0xCE, 0xF8, 0x1C, 0x00, 0x00,
0xC0, 0xC0, 0x00, 0x00, 0x85, 0xF9, 0xC0, 0xC0, 0xFA, 0x83, 0x00, 0x00, 0xC0, 0xC0, 0x00, 0x00,
0x2C, 0x49, 0x00, 0x00, 0x4A, 0x2C, 0x00, 0x00, 0xC0, 0xC0, 0x00, 0x00, 0x13, 0xB2, 0xC0, 0xC0,
0xAA, 0x0F, 0x3C, 0x6C, 0xC0, 0xC0, 0x6E, 0x3A, 0x13, 0xB3, 0xDC, 0xFF, 0xE8, 0x0C, 0x73, 0xFF,
0xFA, 0xFB, 0xFF, 0x6E, 0x00, 0x29, 0xE7, 0xE6, 0x28, 0x00, 0x01, 0x97, 0xFF, 0xFF, 0x93, 0x00,
0x17, 0xE8, 0xFF, 0xDB, 0xB2, 0x13, 0x00, 0x01, 0x80, 0x7E, 0x00, 0x00, 0x13, 0xAA, 0xC0, 0xC0,
0xB3, 0x13, 0x00, 0x00, 0x7C, 0x79, 0x00, 0x00, 0x00, 0x00, 0x65, 0x63, 0x00, 0x00, 0x00, 0x93,
0xFF, 0xFF, 0x8E, 0x00, 0x00, 0x1E, 0xFA, 0xF8, 0x1B, 0x00, 0x71, 0xFF, 0xFB, 0xFB, 0xFF, 0x6C,
0x00, 0x98, 0xF9, 0xF9, 0x93, 0x00, 0x3F, 0x70, 0xC0, 0xC0, 0x72, 0x3C, 0x1E, 0xF9, 0xCD, 0xCE,
0xF8, 0x1C, 0x00, 0x00, 0xBF, 0xBF, 0x00, 0x00, 0x85, 0xF9, 0xBF, 0xBF, 0xFA, 0x83, 0x00, 0x00,
0xBF, 0xBF, 0x00, 0x00, 0x2C, 0x49, 0x00, 0x00, 0x4A, 0x2C, 0x00, 0x00, 0xBF, 0xBF, 0x00, 0x00,
0x13, 0xB2, 0xBF, 0xBF, 0xAA, 0x0F, 0x00, 0x00, 0xBF, 0xBF, 0x00, 0x00, 0x13, 0xB3, 0xDC, 0xFF,
0xE8, 0x0C, 0x00, 0x00, 0xBF, 0xBF, 0x00, 0x00, 0x00, 0x29, 0xE7, 0xE6, 0x28, 0x00, 0x00, 0x00,
0xBF, 0xBF, 0x00, 0x00, 0x17, 0xE8, 0xFF, 0xDB, 0xB2, 0x13, 0x00, 0x00, 0x67, 0x66, 0x00, 0x00,
0x13, 0xAA, 0xBF, 0xBF, 0xB3, 0x13, 0x00, 0x00, 0x66, 0x66, 0x00, 0x00, 0x13, 0xB2, 0xC0, 0xC0,
0xC0, 0xC0, 0xBC, 0x39, 0x00, 0x00, 0xC0, 0xC0, 0x00, 0x00, 0x13, 0xB3, 0xC0, 0xC0, 0xC0, 0xC0,
0xBC, 0x39, 0x00, 0x00, 0xC0, 0xC0, 0x00, 0x00, 0x00, 0x00, 0x00, 0x00, 0x00, 0x00, 0x00, 0x00,
0x00, 0x00, 0xC0, 0xC0, 0x00, 0x00, 0x13, 0xB2, 0xC0, 0xC0, 0xC0, 0x96, 0x00, 0x00, 0x00, 0x00,
0xC0, 0xC0, 0x00, 0x00, 0x13, 0xB3, 0xC0, 0xC0, 0xC0, 0x96, 0x00, 0x00, 0x00, 0x00, 0xC0, 0xC0,
0x00, 0x00, 0x00, 0x00, 0x00, 0x00, 0x00, 0x00, 0x00, 0x00, 0x00, 0x00, 0xC0, 0xC0, 0x00, 0x00,
0x13, 0xB2, 0xC0, 0xBC, 0x39, 0x00, 0x00, 0x00, 0xD1, 0x88, 0xC0, 0xC0, 0x8A, 0xCD, 0x13, 0xB3,
0xC0, 0xBC, 0x39, 0x00, 0x00, 0x00, 0x91, 0xFF, 0xFA, 0xFA, 0xFF, 0x8C, 0x00, 0x00, 0x00, 0x00,
0x00, 0x00, 0x00, 0x00, 0x01, 0x97, 0xFF, 0xFF, 0x93, 0x00, 0x13, 0xB2, 0x96, 0x00, 0x00, 0x00,
0x00, 0x00, 0x00, 0x01, 0x80, 0x7E, 0x00, 0x00, 0x13, 0xB3, 0x96, 0x00, 0x00, 0x00, 0x00, 0x00,
0x00, 0x00, 0x7C, 0x79, 0x00, 0x00, 0x13, 0xB2, 0xBF, 0xBF, 0xBF, 0xBF, 0xBC, 0x39, 0x00, 0x93,
0xFF, 0xFF, 0x8E, 0x00, 0x13, 0xB3, 0xBF, 0xBF, 0xBF, 0xBF, 0xBC, 0x39, 0x8E, 0xFF, 0xFB, 0xFB,
0xFF, 0x89, 0x00, 0x00, 0x00, 0x00, 0x00, 0x00, 0x00, 0x00, 0xD5, 0x8D, 0xC0, 0xC0, 0x8F, 0xD1,
0x13, 0xB2, 0xBF, 0xBF, 0xBF, 0x95, 0x00, 0x00, 0x00, 0x00, 0xBF, 0xBF, 0x00, 0x00, 0x13, 0xB3,
0xBF, 0xBF, 0xBF, 0x96, 0x00, 0x00, 0x00, 0x00, 0xBF, 0xBF, 0x00, 0x00, 0x00, 0x00, 0x00, 0x00,
0x00, 0x00, 0x00, 0x00, 0x00, 0x00, 0xBF, 0xBF, 0x00, 0x00, 0x13, 0xB2, 0xBF, 0xBC, 0x39, 0x00,
0x00, 0x00, 0x00, 0x00, 0xBF, 0xBF, 0x00, 0x00, 0x13, 0xB3, 0xBF, 0xBC, 0x39, 0x00, 0x00, 0x00,
0x00, 0x00, 0xBF, 0xBF, 0x00, 0x00, 0x00, 0x00, 0x00, 0x00, 0x00, 0x00, 0x00, 0x00, 0x00, 0x00,
0xBF, 0xBF, 0x00, 0x00, 0x13, 0xB2, 0x95, 0x00, 0x00, 0x00, 0x00, 0x00, 0x00, 0x00, 0x67, 0x66,
0x00, 0x00, 0x13, 0xB3, 0x96, 0x00, 0x00, 0x00, 0x00, 0x00, 0x00, 0x00, 0x66, 0x66, 0x00, 0x00,
0x00, 0x0E, 0x7C, 0x9D, 0x03, 0x00, 0x00, 0x00, 0xC0, 0xC0, 0x00, 0x00, 0x00, 0x61, 0xFF, 0xFF,
0x20, 0x00, 0x00, 0x00, 0xC0, 0xC0, 0x00, 0x00, 0x00, 0x01, 0x6A, 0xFF, 0x20, 0x00, 0x00, 0x00,
0xC0, 0xC0, 0x00, 0x00, 0x00, 0x39, 0xD4, 0xFF, 0xBA, 0x13, 0x00, 0x00, 0xC0, 0xC0, 0x00, 0x00,
0x00, 0x3A, 0xBC, 0xC0, 0xB3, 0x13, 0x00, 0x00, 0xC0, 0xC0, 0x00, 0x00, 0x00, 0x00, 0x3A, 0x71,
0x20, 0x00, 0x00, 0x00, 0xC0, 0xC0, 0x00, 0x00, 0x00, 0x3A, 0xFE, 0xEB, 0xEA, 0x0E, 0xD1, 0x88,
0xC0, 0xC0, 0x8A, 0xCD, 0x00, 0x6C, 0xEA, 0x46, 0xFF, 0x2D, 0x91, 0xFF, 0xFA, 0xFA, 0xFF, 0x8C,
0x00, 0x1D, 0xE3, 0xFF, 0xE8, 0x01, 0x01, 0x97, 0xFF, 0xFF, 0x93, 0x00, 0x00, 0x00, 0x61, 0xFF,
0x68, 0x00, 0x00, 0x01, 0x80, 0x7E, 0x00, 0x00, 0x00, 0x00, 0x46, 0x8F, 0x01, 0x00, 0x00, 0x00,
0x7C, 0x79, 0x00, 0x00, 0x00, 0x0E, 0x7C, 0x9D, 0x03, 0x00, 0x00, 0x93, 0xFF, 0xFF, 0x8E, 0x00,
0x00, 0x61, 0xFF, 0xFF, 0x1F, 0x00, 0x8E, 0xFF, 0xFB, 0xFB, 0xFF, 0x89, 0x00, 0x01, 0x6A, 0xFF,
0x1F, 0x00, 0xD5, 0x8D, 0xC0, 0xC0, 0x8F, 0xD1, 0x00, 0x39, 0xD4, 0xFF, 0xBA, 0x13, 0x00, 0x00,
0xBF, 0xBF, 0x00, 0x00, 0x00, 0x3A, 0xBC, 0xBF, 0xB3, 0x13, 0x00, 0x00, 0xBF, 0xBF, 0x00, 0x00,
0x00, 0x00, 0x3A, 0x71, 0x20, 0x00, 0x00, 0x00, 0xBF, 0xBF, 0x00, 0x00, 0x00, 0x3A, 0xFE, 0xEB,
0xEA, 0x0E, 0x00, 0x00, 0xBF, 0xBF, 0x00, 0x00, 0x00, 0x6C, 0xEA, 0x46, 0xFF, 0x2D, 0x00, 0x00,
0xBF, 0xBF, 0x00, 0x00, 0x00, 0x1D, 0xE3, 0xFF, 0xE8, 0x01, 0x00, 0x00, 0xBF, 0xBF, 0x00, 0x00,
0x00, 0x00, 0x61, 0xFF, 0x68, 0x00, 0x00, 0x00, 0x67, 0x66, 0x00, 0x00, 0x00, 0x00, 0x45, 0x91,
0x01, 0x00, 0x00, 0x00, 0x00, 0x00, 0x00, 0x00, 0x0B, 0x00, 0x00, 0x00, 0x00, 0x00, 0x00, 0x00,
0x00, 0x00, 0x00, 0xA2, 0xF9, 0x42, 0x00, 0x00, 0x00, 0x00, 0x00, 0x00, 0x00, 0x00, 0x32, 0xFF,
0xFF, 0x68, 0x00, 0x00, 0x00, 0x00, 0x00, 0x00, 0x00, 0x00, 0xB1, 0xFF, 0xF8, 0x13, 0x00, 0x00,
0x00, 0x00, 0x96, 0xBF, 0x4E, 0x18, 0xFF, 0xFF, 0xF3, 0xC0, 0xC0, 0xC0, 0xB2, 0x2D, 0xFF, 0xFF,
0xA0, 0x3F, 0xFF, 0xFF, 0xFF, 0xFF, 0xFF, 0xFF, 0xFF, 0x89, 0xFF, 0xFF, 0xA0, 0x40, 0xFF, 0xFF,
0xFF, 0xFF, 0xFF, 0xFF, 0xFF, 0x3E, 0xFF, 0xFF, 0xA0, 0x40, 0xFF, 0xFF, 0xFF, 0xFF, 0xFF, 0xFF,
0xFF, 0x89, 0xFF, 0xFF, 0xA0, 0x40, 0xFF, 0xFF, 0xFF, 0xFF, 0xFF, 0xFF, 0xDE, 0x19, 0xFF, 0xFF,
0xA0, 0x39, 0xFF, 0xFF, 0xFF, 0xFF, 0xFF, 0xFF, 0xB8, 0x00, 0xFF, 0xFF, 0xA0, 0x07, 0xCB, 0xFF,
0xFF, 0xFF, 0xFF, 0xFF, 0x18, 0x00, 0x96, 0xBF, 0x4F, 0x00, 0x06, 0x6A, 0xAD, 0xC0, 0xC0, 0x81,
0x00, 0x00, 0x00, 0x00, 0x00, 0x00, 0x05, 0x68, 0xAC, 0xC0, 0xC0, 0x7F, 0x00, 0x00, 0x23, 0x3F,
0x0B, 0x07, 0xC8, 0xFF, 0xFF, 0xFF, 0xFF, 0xFF, 0x18, 0x00, 0xF3, 0xFF, 0x92, 0x39, 0xFF, 0xFF,
0xFF, 0xFF, 0xFF, 0xFF, 0xB7, 0x00, 0xFF, 0xFF, 0xA0, 0x40, 0xFF, 0xFF, 0xFF, 0xFF, 0xFF, 0xFF,
0xDD, 0x17, 0xFF, 0xFF, 0xA0, 0x40, 0xFF, 0xFF, 0xFF, 0xFF, 0xFF, 0xFF, 0xFF, 0x89, 0xFF, 0xFF,
0xA0, 0x40, 0xFF, 0xFF, 0xFF, 0xFF, 0xFF, 0xFF, 0xFF, 0x3E, 0xFF, 0xFF, 0xA0, 0x3F, 0xFF, 0xFF,
0xFF, 0xFF, 0xFF, 0xFF, 0xFF, 0x88, 0xFF, 0xFF, 0xA0, 0x18, 0xFF, 0xFF, 0xF3, 0xC0, 0xC0, 0xC0,
0xB3, 0x2E, 0xF3, 0xFF, 0x92, 0x00, 0xB1, 0xFF, 0xF8, 0x13, 0x00, 0x00, 0x00, 0x00, 0x23, 0x3F,
0x0C, 0x00, 0x33, 0xFF, 0xFF, 0x68, 0x00, 0x00, 0x00, 0x00, 0x00, 0x00, 0x00, 0x00, 0x00, 0xA4,
0xF9, 0x43, 0x00, 0x00, 0x00, 0x00, 0x00, 0x00, 0x00, 0x00, 0x00, 0x00, 0x0B, 0x00, 0x00, 0x00,
0x00, 0x00, 0x00, 0x00, 0x00, 0x1F, 0x06, 0x00, 0x00, 0x00, 0x00, 0x00, 0x00, 0xF3, 0x72, 0x00,
0x00, 0x00, 0x00, 0x00, 0x00, 0xFF, 0x7F, 0x00, 0x00, 0x00, 0x00, 0x00, 0x00, 0xFF, 0x7F, 0x00,
0x00, 0x00, 0x00, 0x00, 0x00, 0xFF, 0x7F, 0x00, 0x00, 0x00, 0x00, 0x00, 0x00, 0xFF, 0x7F, 0x00,
0x00, 0x00, 0x00, 0x00, 0x00, 0xFF, 0x7F, 0x00, 0x00, 0x00, 0x00, 0x00, 0x00, 0xFF, 0x7F, 0x00,
0x00, 0x00, 0x00, 0x00, 0x00, 0xFF, 0x7F, 0x00, 0x00, 0x00, 0x1F, 0x06, 0x00, 0xFF, 0x7F, 0x00,
0x1F, 0x06, 0xE9, 0xC2, 0x0B, 0xFF, 0x7F, 0x55, 0xFC, 0x64, 0x5B, 0xFD, 0xC0, 0xFF, 0xC6, 0xFB,
0xC6, 0x0D, 0x00, 0x5B, 0xFD, 0xFF, 0xFF, 0xC6, 0x0D, 0x00, 0x00, 0x00, 0x5B, 0xFD, 0xC6, 0x0D,
0x00, 0x00, 0x00, 0x00, 0x00, 0x23, 0x07, 0x00, 0x00, 0x00, 0x00, 0x00, 0x00, 0x1F, 0x06, 0x00,
0x00, 0x00, 0x00, 0x00, 0x57, 0xFC, 0xC2, 0x0C, 0x00, 0x00, 0x00, 0x57, 0xFC, 0xFF, 0xFF, 0xC2,
0x0C, 0x00, 0x57, 0xFC, 0xC4, 0xFF, 0xC8, 0xFC, 0xC2, 0x0C, 0xE9, 0xC5, 0x0D, 0xFF, 0x7F, 0x59,
0xFC, 0x64, 0x22, 0x07, 0x00, 0xFF, 0x7F, 0x00, 0x23, 0x07, 0x00, 0x00, 0x00, 0xFF, 0x7F, 0x00,
0x00, 0x00, 0x00, 0x00, 0x00, 0xFF, 0x7F, 0x00, 0x00, 0x00, 0x00, 0x00, 0x00, 0xFF, 0x7F, 0x00,
0x00, 0x00, 0x00, 0x00, 0x00, 0xFF, 0x7F, 0x00, 0x00, 0x00, 0x00, 0x00, 0x00, 0xFF, 0x7F, 0x00,
0x00, 0x00, 0x00, 0x00, 0x00, 0xFF, 0x7F, 0x00, 0x00, 0x00, 0x00, 0x00, 0x00, 0xFF, 0x7F, 0x00,
0x00, 0x00, 0x00, 0x00, 0x00, 0xF3, 0x72, 0x00, 0x00, 0x00, 0x00, 0x00, 0x00, 0x20, 0x06, 0x00,
0x00, 0x00, 0x00, 0x00, 0x00, 0x1F, 0x06, 0x00, 0x00, 0x00, 0x00, 0x00, 0x00, 0x00, 0x00, 0x00,
0x00, 0x00, 0x57, 0xFC, 0x64, 0x00, 0x00, 0x00, 0x00, 0x00, 0x00, 0x00, 0x00, 0x00, 0x00, 0x57,
0xFC, 0xC4, 0x0D, 0x00, 0x00, 0x00, 0x00, 0x00, 0x00, 0x00, 0x00, 0x00, 0x57, 0xFC, 0xE6, 0x4C,
0x3F, 0x3F, 0x3F, 0x3F, 0x3F, 0x3F, 0x3F, 0x3F, 0x3C, 0x06, 0xE9, 0xFF, 0xFF, 0xFF, 0xFF, 0xFF,
0xFF, 0xFF, 0xFF, 0xFF, 0xFF, 0xFF, 0xFF, 0x65, 0x5B, 0xFD, 0xE5, 0x4B, 0x3F, 0x3F, 0x3F, 0x3F,
0x3F, 0x3F, 0x3F, 0x3F, 0x3C, 0x06, 0x00, 0x5B, 0xFD, 0xC2, 0x0C, 0x00, 0x00, 0x00, 0x00, 0x00,
0x00, 0x00, 0x00, 0x00, 0x00, 0x00, 0x5B, 0xFD, 0x64, 0x00, 0x00, 0x00, 0x00, 0x00, 0x00, 0x00,
0x00, 0x00, 0x00, 0x00, 0x00, 0x23, 0x07, 0x00, 0x00, 0x00, 0x00, 0x00, 0x00, 0x00, 0x00, 0x00,
0x00, 0x00, 0x00, 0x00, 0x00, 0x00, 0x00, 0x00, 0x00, 0x1F, 0x06, 0x00, 0x00, 0x00, 0x00, 0x00,
0x00, 0x00, 0x00, 0x00, 0x00, 0x00, 0x00, 0xE9, 0xC2, 0x0C, 0x00, 0x00, 0x00, 0x00, 0x00, 0x00,
0x00, 0x00, 0x00, 0x00, 0x00, 0x59, 0xFC, 0xC2, 0x0C, 0x00, 0x23, 0x3F, 0x3F, 0x3F, 0x3F, 0x3F,
0x3F, 0x3F, 0x3F, 0x3F, 0x95, 0xFF, 0xC2, 0x0C, 0xE6, 0xFF, 0xFF, 0xFF, 0xFF, 0xFF, 0xFF, 0xFF,
0xFF, 0xFF, 0xFF, 0xFF, 0xFF, 0x64, 0x23, 0x3F, 0x3F, 0x3F, 0x3F, 0x3F, 0x3F, 0x3F, 0x3F, 0x3F,
0x94, 0xFF, 0xC6, 0x0D, 0x00, 0x00, 0x00, 0x00, 0x00, 0x00, 0x00, 0x00, 0x00, 0x56, 0xFB, 0xC6,
0x0D, 0x00, 0x00, 0x00, 0x00, 0x00, 0x00, 0x00, 0x00, 0x00, 0x00, 0xE9, 0xC6, 0x0D, 0x00, 0x00,
0x00, 0x00, 0x00, 0x00, 0x00, 0x00, 0x00, 0x00, 0x00, 0x22, 0x07, 0x00, 0x00, 0x00, 0x00, 0x00,
0x00, 0x00, 0x25, 0x00, 0x00, 0x00, 0x00, 0x00, 0x00, 0x00, 0x90, 0xFF, 0x8E, 0x00, 0x00, 0x00,
0x00, 0x00, 0x00, 0xA2, 0xFF, 0xA1, 0x00, 0x00, 0x00, 0x00, 0x00, 0x00, 0x09, 0x46, 0x09, 0x00,
0x00, 0x00, 0x00, 0x00, 0x20, 0xA1, 0xD0, 0xA1, 0x1F, 0x00, 0x00, 0x00, 0x25, 0xEA, 0xFF, 0xFF,
0xFF, 0xE8, 0x23, 0x00, 0x07, 0xCF, 0xFF, 0xFF, 0xFF, 0xFF, 0xFF, 0xCC, 0x07, 0x8B, 0xFF, 0xCD,
0xFF, 0xFF, 0xFF, 0xCB, 0xFF, 0x8A, 0x7F, 0x76, 0xD6, 0xFF, 0xFF, 0xFF, 0xD3, 0x77, 0x7D, 0x00,
0x2C, 0xFF, 0xFF, 0xFF, 0xFF, 0xFF, 0x28, 0x00, 0x00, 0x21, 0xAF, 0xFF, 0xA0, 0xFF, 0xAF, 0x20,
0x00, 0x00, 0x00, 0x60, 0xFF, 0x40, 0xFF, 0x60, 0x00, 0x00, 0x00, 0x00, 0x60, 0xFF, 0x40, 0xFF,
0x60, 0x00, 0x00, 0x00, 0x00, 0x53, 0xFD, 0x29, 0xFE, 0x52, 0x00, 0x00, 0x00, 0x00, 0x02, 0x24,
0x00, 0x24, 0x02, 0x00, 0x00, 0x00, 0x00, 0x00, 0x00, 0x24, 0x00, 0x00, 0x00, 0x00, 0x00, 0x00,
0x00, 0x90, 0xFF, 0x8E, 0x00, 0x00, 0x00, 0x00, 0x00, 0x00, 0xA2, 0xFF, 0xA1, 0x00, 0x00, 0x00,
0x00, 0x00, 0x00, 0x09, 0x46, 0x09, 0x00, 0x00, 0x00, 0x00, 0x00, 0x20, 0xA1, 0xD0, 0xA1, 0x1F,
0x00, 0x00, 0x00, 0x25, 0xEA, 0xFF, 0xFF, 0xFF, 0xE8, 0x23, 0x00, 0x07, 0xCF, 0xFF, 0xFF, 0xFF,
0xFF, 0xFF, 0xCC, 0x07, 0x8B, 0xFF, 0xAD, 0xFF, 0xFF, 0xFF, 0xAD, 0xFF, 0x8A, 0x7F, 0x76, 0x5F,
0xFF, 0xFF, 0xFF, 0x5F, 0x77, 0x7D, 0x00, 0x00, 0x5F, 0xFF, 0xAB, 0xFF, 0x5F, 0x00, 0x00, 0x00,
0x00, 0x5F, 0xFF, 0x3F, 0xFF, 0x5F, 0x00, 0x00, 0x00, 0x00, 0x5F, 0xFF, 0x3F, 0xFF, 0x5F, 0x00,
0x00, 0x00, 0x00, 0x5F, 0xFF, 0x3F, 0xFF, 0x5F, 0x00, 0x00, 0x00, 0x00, 0x53, 0xFD, 0x29, 0xFE,
0x52, 0x00, 0x00, 0x00, 0x00, 0x02, 0x24, 0x00, 0x24, 0x02, 0x00, 0x00, 0x00, 0x00, 0x00, 0x00,
0x00, 0x00, 0x1B, 0x02, 0x00, 0x00, 0x00, 0x00, 0x00, 0x00, 0x00, 0x00, 0x00, 0x00, 0x00, 0x16,
0xF0, 0x83, 0x00, 0x00, 0x00, 0x00, 0x00, 0x00, 0x00, 0x04, 0x5B, 0x2C, 0x01, 0xA0, 0xFF, 0xF8,
0x25, 0x10, 0x4C, 0x31, 0x00, 0x00, 0x00, 0x18, 0xFF, 0xFF, 0xEC, 0xFE, 0xFF, 0xFF, 0xED, 0xFD,
0xFF, 0x98, 0x00, 0x00, 0x00, 0x00, 0xDE, 0xFF, 0xEC, 0x6B, 0x30, 0x47, 0xAE, 0xFF, 0xFF, 0x5D,
0x00, 0x00, 0x00, 0x00, 0xB1, 0xF4, 0x24, 0x4F, 0xAF, 0x8F, 0x11, 0x9A, 0xFF, 0x30, 0x00, 0x00,
0x24, 0xB7, 0xFF, 0x94, 0x36, 0xFE, 0xFF, 0xFF, 0xB2, 0x16, 0xFF, 0xEE, 0x6A, 0x02, 0xDB, 0xFF,
0xFF, 0x6C, 0x73, 0xFF, 0xFF, 0xFF, 0xF2, 0x00, 0xED, 0xFF, 0xFF, 0x5B, 0x27, 0xB9, 0xFF, 0x94,
0x37, 0xFE, 0xFF, 0xFF, 0xB4, 0x15, 0xFF, 0xEF, 0x6E, 0x03, 0x00, 0x00, 0xB1, 0xF4, 0x24, 0x51,
0xB0, 0x90, 0x12, 0x9A, 0xFF, 0x31, 0x00, 0x00, 0x00, 0x00, 0xDD, 0xFF, 0xEC, 0x6A, 0x2F, 0x45,
0xAD, 0xFF, 0xFF, 0x5C, 0x00, 0x00, 0x00, 0x18, 0xFF, 0xFF, 0xEC, 0xFE, 0xFF, 0xFF, 0xED, 0xFD,
0xFF, 0x97, 0x00, 0x00, 0x00, 0x05, 0x5C, 0x2D, 0x01, 0x9D, 0xFF, 0xF8, 0x25, 0x10, 0x4D, 0x32,
0x00, 0x00, 0x00, 0x00, 0x00, 0x00, 0x00, 0x14, 0xEC, 0x83, 0x00, 0x00, 0x00, 0x00, 0x00, 0x00,
0x00, 0x00, 0x00, 0x00, 0x00, 0x00, 0x18, 0x02, 0x00, 0x00, 0x00, 0x00, 0x00, 0x00, 0x00, 0x00,
0x00, 0x04, 0x30, 0x64, 0x71, 0x2D, 0x00, 0x00, 0x00, 0x00, 0x00, 0x3E, 0xDD, 0xFF, 0xFF, 0xFF,
0x81, 0x00, 0x00, 0x00, 0x00, 0x61, 0xFD, 0xFF, 0xFF, 0xFF, 0x6A, 0x00, 0x00, 0x00, 0x00, 0x20,
0xF3, 0xFF, 0xFF, 0xFF, 0xA2, 0x00, 0x00, 0x00, 0x00, 0x00, 0x97, 0xFF, 0xFF, 0xFF, 0xFF, 0x3B,
0x00, 0x00, 0x00, 0x00, 0x00, 0xCC, 0xFF, 0xFF, 0xFF, 0xFF, 0x1A, 0x00, 0x00, 0x00, 0x00, 0x00,
0xF3, 0xFF, 0xFF, 0xFF, 0xFF, 0x3F, 0x00, 0x00, 0x00, 0x00, 0x00, 0xCC, 0xFF, 0xFF, 0xFF, 0xFF,
0x95, 0x00, 0x00, 0x00, 0x00, 0x00, 0x97, 0xFF, 0xFF, 0xFF, 0xFF, 0xFE, 0x4E, 0x00, 0x00, 0x00,
0x00, 0x21, 0xF3, 0xFF, 0xFF, 0xFF, 0xFF, 0xFE, 0x9C, 0x4C, 0x1F, 0x00, 0x00, 0x62, 0xFE, 0xFF,
0xFF, 0xFF, 0xFF, 0xFF, 0xFF, 0xFE, 0x2A, 0x00, 0x00, 0x40, 0xDF, 0xFF, 0xFF, 0xFF, 0xFF, 0xDE,
0x43, 0x00, 0x00, 0x00, 0x00, 0x05, 0x33, 0x66, 0x67, 0x35, 0x06, 0x00, 0x00, 0x96, 0xC0, 0xC0,
0xC0, 0xC0, 0xC0, 0xC0, 0xC0, 0xC0, 0xC0, 0xC0, 0x96, 0xFC, 0xFF, 0xFF, 0xFF, 0xFF, 0xFF, 0xFF,
0xFF, 0xFF, 0xFF, 0xFF, 0xFC, 0x5A, 0x80, 0x80, 0x80, 0x80, 0x80, 0x80, 0x80, 0x80, 0x80, 0x80,
0x59, 0x18, 0x60, 0x60, 0x60, 0x60, 0x60, 0x60, 0x60, 0x60, 0x60, 0x60, 0x18, 0x40, 0xFF, 0xFF,
0xFF, 0xFF, 0xFF, 0xFF, 0xFF, 0xFF, 0xFF, 0xFF, 0x40, 0x40, 0xFF, 0xFF, 0xDF, 0x25, 0x20, 0x20,
0x25, 0xE0, 0xFF, 0xFF, 0x40, 0x40, 0xFF, 0xFF, 0xFD, 0xC5, 0xC0, 0xC0, 0xC5, 0xFD, 0xFF, 0xFF,
0x40, 0x40, 0xFF, 0xFF, 0xFF, 0xFF, 0xFF, 0xFF, 0xFF, 0xFF, 0xFF, 0xFF, 0x40, 0x40, 0xFF, 0xFF,
0xFF, 0xFF, 0xFF, 0xFF, 0xFF, 0xFF, 0xFF, 0xFF, 0x40, 0x23, 0xFE, 0xFF, 0xFF, 0xFF, 0xFF, 0xFF,
0xFF, 0xFF, 0xFF, 0xFE, 0x23, 0x00, 0x69, 0xBC, 0xC0, 0xC0, 0xC0, 0xC0, 0xC0, 0xC0, 0xBC, 0x68,
0x00, 0x00, 0x00, 0x00, 0x00, 0x00, 0x1E, 0x6F, 0x4F, 0x00, 0x00, 0x00, 0x00, 0x00, 0x00, 0x00,
0x00, 0x00, 0x00, 0x1E, 0xEF, 0xFF, 0xFF, 0x8C, 0x00, 0x00, 0x00, 0x00, 0x00, 0x00, 0x25, 0x00,
0x00, 0x70, 0xFF, 0xFF, 0xFF, 0xEF, 0x00, 0x00, 0x14, 0x11, 0x00, 0x26, 0xFF, 0xAE, 0x10, 0x22,
0x7E, 0x80, 0x80, 0x60, 0x00, 0x52, 0xF0, 0xA4, 0x00, 0x00, 0x72, 0xFA, 0xDE, 0x4E, 0x5A, 0x60,
0x60, 0x49, 0x90, 0xFF, 0xC9, 0x1F, 0x00, 0x00, 0x00, 0x38, 0xE7, 0xFF, 0xFF, 0xFF, 0xFF, 0xFF,
0xFF, 0x95, 0x05, 0x00, 0x00, 0x59, 0x80, 0x80, 0xEA, 0xFF, 0xFF, 0xB3, 0xED, 0xFF, 0xFF, 0xA8,
0x80, 0x7C, 0x1C, 0xD3, 0xFF, 0xFF, 0xFF, 0xFF, 0xFF, 0x30, 0xB0, 0xFF, 0xFF, 0xFF, 0xFF, 0xFC,
0x56, 0x00, 0x00, 0x00, 0xFF, 0xFF, 0xFF, 0x30, 0xB0, 0xFF, 0xFF, 0x80, 0x00, 0x00, 0x00, 0x00,
0x11, 0xB0, 0xFF, 0xFF, 0xFF, 0x30, 0xB0, 0xFF, 0xFF, 0xEF, 0x4F, 0x00, 0x00, 0x13, 0xE0, 0xF9,
0xBC, 0xFF, 0xFF, 0x30, 0xB0, 0xFF, 0xEB, 0xCA, 0xFF, 0x71, 0x00, 0x13, 0xA7, 0x35, 0x02, 0xA9,
0xFF, 0x30, 0xB0, 0xF0, 0x3B, 0x06, 0x85, 0x66, 0x00, 0x00, 0x00, 0x00, 0x00, 0x00, 0x2E, 0x13,
0x38, 0x0A, 0x00, 0x00, 0x00, 0x00, 0x00, 0x00, 0x00, 0x00, 0x04, 0x30, 0x64, 0x65, 0x30, 0x04,
0x00, 0x00, 0x00, 0x00, 0x00, 0x3E, 0xDD, 0xFF, 0xFF, 0xFF, 0xFF, 0xDC, 0x3C, 0x00, 0x00, 0x00,
0x61, 0xFD, 0xFF, 0xFF, 0xFF, 0xFF, 0xFF, 0xFF, 0xFD, 0x5F, 0x00, 0x20, 0xF3, 0xFF, 0xFF, 0xFF,
0xFF, 0xDD, 0xFF, 0xFF, 0xFF, 0xF2, 0x1F, 0x97, 0xFF, 0xFF, 0xFF, 0xFF, 0xFF, 0x05, 0xAC, 0xFF,
0xFF, 0xFF, 0x95, 0xCC, 0xFF, 0xFF, 0x88, 0x5F, 0x5F, 0x00, 0x04, 0xAC, 0xFF, 0xFF, 0xCA, 0xF3,
0xFF, 0xFF, 0x01, 0x00, 0x00, 0x00, 0x00, 0x08, 0xEE, 0xFF, 0xF2, 0xCC, 0xFF, 0xFF, 0x88, 0x5F,
0x5F, 0x00, 0x03, 0xA8, 0xFF, 0xFF, 0xCA, 0x97, 0xFF, 0xFF, 0xFF, 0xFF, 0xFF, 0x04, 0xA8, 0xFF,
0xFF, 0xFF, 0x95, 0x21, 0xF3, 0xFF, 0xFF, 0xFF, 0xFF, 0xDA, 0xFF, 0xFF, 0xFF, 0xF2, 0x20, 0x00,
0x62, 0xFE, 0xFF, 0xFF, 0xFF, 0xFF, 0xFF, 0xFF, 0xFE, 0x60, 0x00, 0x00, 0x00, 0x40, 0xDF, 0xFF,
0xFF, 0xFF, 0xFF, 0xDE, 0x3F, 0x00, 0x00, 0x00, 0x00, 0x00, 0x05, 0x33, 0x66, 0x66, 0x32, 0x05,
0x00, 0x00, 0x00, 0x00, 0x00, 0x00, 0x04, 0x30, 0x64, 0x65, 0x30, 0x04, 0x00, 0x00, 0x00, 0x00,
0x00, 0x3E, 0xDD, 0xFF, 0xFF, 0xFF, 0xFF, 0xDC, 0x3C, 0x00, 0x00, 0x00, 0x61, 0xFD, 0xFF, 0xFF,
0xFF, 0xFF, 0xFF, 0xFF, 0xFD, 0x5F, 0x00, 0x20, 0xF3, 0xFF, 0xFF, 0xFF, 0xDC, 0xFF, 0xFF, 0xFF,
0xFF, 0xF2, 0x1F, 0x97, 0xFF, 0xFF, 0xFF, 0xA8, 0x04, 0xFF, 0xFF, 0xFF, 0xFF, 0xFF, 0x95, 0xCC,
0xFF, 0xFF, 0xA8, 0x03, 0x00, 0x5F, 0x5F, 0x89, 0xFF, 0xFF, 0xCA, 0xF3, 0xFF, 0xF4, 0x06, 0x00,
0x00, 0x00, 0x00, 0x01, 0xFF, 0xFF, 0xF2, 0xCC, 0xFF, 0xFF, 0xA4, 0x02, 0x00, 0x5F, 0x5F, 0x88,
0xFF, 0xFF, 0xCA, 0x97, 0xFF, 0xFF, 0xFF, 0xA4, 0x03, 0xFF, 0xFF, 0xFF, 0xFF, 0xFF, 0x95, 0x21,
0xF3, 0xFF, 0xFF, 0xFF, 0xD9, 0xFF, 0xFF, 0xFF, 0xFF, 0xF2, 0x20, 0x00, 0x62, 0xFE, 0xFF, 0xFF,
0xFF, 0xFF, 0xFF, 0xFF, 0xFE, 0x60, 0x00, 0x00, 0x00, 0x40, 0xDF, 0xFF, 0xFF, 0xFF, 0xFF, 0xDE,
0x3F, 0x00, 0x00, 0x00, 0x00, 0x00, 0x05, 0x33, 0x66, 0x66, 0x32, 0x05, 0x00, 0x00, 0x00, 0x41,
0xB2, 0xBF, 0xBF, 0xBF, 0xBF, 0xBF, 0xBF, 0xBF, 0x89, 0x09, 0xE2, 0xFF, 0xFF, 0xFF, 0xFF, 0xFF,
0xFF, 0xFF, 0xFF, 0xFF, 0x61, 0xFF, 0xFF, 0xFF, 0xFF, 0xFF, 0xDC, 0xC2, 0xFF, 0xFF, 0xFF, 0x7F,
0xFF, 0xFF, 0xFF, 0xFF, 0xCD, 0x15, 0x40, 0xFF, 0xFF, 0xFF, 0x7F, 0xFF, 0xFF, 0xFF, 0xC0, 0x0E,
0x00, 0x3F, 0xFF, 0xFF, 0xFF, 0x7F, 0xFF, 0xFF, 0xFF, 0x1D, 0x00, 0x00, 0x3F, 0xFF, 0xFF, 0xFF,
0x7F, 0xFF, 0xFF, 0xFF, 0xC0, 0x0E, 0x00, 0x3F, 0xFF, 0xFF, 0xFF, 0x7F, 0xFF, 0xFF, 0xFF, 0xFF,
0xCD, 0x15, 0x40, 0xFF, 0xFF, 0xFF, 0x7F, 0xFF, 0xFF, 0xFF, 0xFF, 0xFF, 0xDC, 0xC1, 0xFF, 0xFF,
0xFF, 0x7F, 0xE2, 0xFF, 0xFF, 0xFF, 0xFF, 0xFF, 0xFF, 0xFF, 0xFF, 0xFF, 0x61, 0x43, 0xB2, 0xBF,
0xBF, 0xBF, 0xBF, 0xBF, 0xBF, 0xBF, 0x8A, 0x09, 0x00, 0x00, 0x00, 0x04, 0x30, 0x64, 0x65, 0x30,
0x04, 0x00, 0x00, 0x00, 0x00, 0x00, 0x3E, 0xDD, 0xFF, 0xFF, 0xFF, 0xFF, 0xDC, 0x3C, 0x00, 0x00,
0x00, 0x61, 0xFD, 0xFF, 0xFF, 0xFF, 0xFF, 0xFF, 0xFF, 0xFD, 0x5F, 0x00, 0x20, 0xF3, 0xFF, 0xFF,
0xFF, 0xFF, 0xFF, 0xFF, 0xFF, 0xFF, 0xF2, 0x1F, 0x97, 0xFF, 0xFF, 0xFF, 0xD4, 0x5B, 0x5B, 0xD4,
0xFF, 0xFF, 0xFF, 0x95, 0xCC, 0xFF, 0xFF, 0xF4, 0x17, 0x00, 0x00, 0x18, 0xF4, 0xFF, 0xFF, 0xCA,
0xF3, 0xFF, 0xFF, 0xCC, 0x00, 0x00, 0x00, 0x00, 0xCD, 0xFF, 0xFF, 0xF2, 0xCC, 0xFF, 0xFF, 0xF3,
0x16, 0x00, 0x00, 0x17, 0xF4, 0xFF, 0xFF, 0xCA, 0x97, 0xFF, 0xFF, 0xFF, 0xD2, 0x59, 0x5A, 0xD3,
0xFF, 0xFF, 0xFF, 0x95, 0x21, 0xF3, 0xFF, 0xFF, 0xFF, 0xFF, 0xFF, 0xFF, 0xFF, 0xFF, 0xF2, 0x20,
0x00, 0x62, 0xFE, 0xFF, 0xFF, 0xFF, 0xFF, 0xFF, 0xFF, 0xFE, 0x60, 0x00, 0x00, 0x00, 0x40, 0xDF,
0xFF, 0xFF, 0xFF, 0xFF, 0xDE, 0x3F, 0x00, 0x00, 0x00, 0x00, 0x00, 0x05, 0x33, 0x66, 0x66, 0x32,
0x05, 0x00, 0x00, 0x00, 0x00, 0x00, 0x00, 0x4C, 0xC5, 0x4B, 0x00, 0x00, 0x00, 0x00, 0x00, 0x00,
0x00, 0x00, 0x00, 0xB5, 0xFF, 0xB4, 0x00, 0x00, 0x00, 0x00, 0x00, 0x00, 0x00, 0x00, 0x00, 0x3A,
0xA6, 0x39, 0x00, 0x00, 0x00, 0x00, 0x00, 0x00, 0x00, 0x00, 0x00, 0x00, 0x3B, 0x52, 0x00, 0x00,
0x00, 0x00, 0x00, 0x00, 0x00, 0x00, 0x00, 0x0B, 0xFB, 0xFF, 0x35, 0x00, 0x00, 0x00, 0x00, 0x00,
0x00, 0x37, 0x98, 0x0B, 0xFD, 0xFF, 0x73, 0x00, 0x00, 0x00, 0x00, 0x00, 0x38, 0xF7, 0xE9, 0x02,
0xD6, 0xFF, 0xA5, 0x00, 0x00, 0x00, 0x00, 0x00, 0xBD, 0xE8, 0x19, 0x00, 0x99, 0xFF, 0xF1, 0xC0,
0xA7, 0x32, 0x00, 0x00, 0xF2, 0x99, 0x00, 0x00, 0x18, 0x9F, 0xC0, 0xC0, 0xE5, 0xE7, 0x0A, 0x00,
0xDA, 0xAE, 0x00, 0x00, 0x00, 0x0B, 0x20, 0x09, 0x3B, 0xFF, 0x5D, 0x09, 0x7F, 0xFE, 0x70, 0x10,
0x34, 0xD5, 0xF1, 0x12, 0x00, 0xDC, 0xFE, 0xE0, 0x05, 0xAA, 0xFF, 0xFF, 0xFF, 0xF1, 0x46, 0x00,
0x00, 0x54, 0xA2, 0x43, 0x00, 0x00, 0x3A, 0x70, 0x61, 0x13, 0x00, 0x00, 0x00, 0x00, 0x00, 0x00,
0x00, 0x00, 0x00, 0x2A, 0x6D, 0x70, 0x29, 0x00, 0x00, 0x00, 0x00, 0x6D, 0xFC, 0xFF, 0xFF, 0xFC,
0x77, 0x00, 0x00, 0x22, 0xFA, 0xAA, 0x14, 0x23, 0x91, 0x9C, 0x00, 0x00, 0x5F, 0xFF, 0x20, 0x00,
0x00, 0x00, 0x00, 0x00, 0x13, 0xC0, 0xFF, 0xAB, 0xA0, 0xA0, 0x9F, 0x38, 0x00, 0x0C, 0x7A, 0xFC,
0xC7, 0x80, 0x80, 0x7F, 0x29, 0x00, 0x19, 0xBA, 0xF9, 0xE6, 0xC0, 0xC0, 0xBF, 0x46, 0x00, 0x06,
0x82, 0xFF, 0x9B, 0x60, 0x60, 0x5F, 0x1A, 0x00, 0x02, 0xC3, 0xEE, 0x0F, 0x00, 0x00, 0x00, 0x00,
0x00, 0x61, 0xFF, 0xE7, 0xC0, 0xC0, 0xC0, 0xC0, 0xB3, 0x15, 0x45, 0xBE, 0xC0, 0xC0, 0xC0, 0xC0,
0xC0, 0xB3, 0x14, 0x41, 0xB2, 0xBF, 0xBF, 0xBF, 0xBF, 0xBF, 0xBF, 0xBF, 0x89, 0x09, 0xE2, 0xFF,
0xFF, 0xFF, 0xFF, 0xFF, 0xFF, 0xFF, 0xFF, 0xFF, 0x61, 0xFF, 0xFF, 0xFF, 0xFF, 0xFF, 0xF6, 0xFF,
0xFF, 0xFF, 0xFF, 0x7F, 0xFF, 0xFF, 0xFF, 0xFF, 0xBA, 0x3B, 0xFF, 0xFF, 0xFF, 0xFF, 0x7F, 0xFF,
0xFF, 0xFF, 0xF1, 0xA4, 0x2C, 0xEF, 0xF9, 0xFF, 0xFF, 0x7F, 0xFF, 0xFF, 0xBF, 0x00, 0x00, 0x00,
0x00, 0x41, 0xFF, 0xFF, 0x7F, 0xFF, 0xFF, 0xFF, 0xF1, 0xA4, 0x2C, 0xEF, 0xF9, 0xFF, 0xFF, 0x7F,
0xFF, 0xFF, 0xFF, 0xFF, 0xBA, 0x3A, 0xFF, 0xFF, 0xFF, 0xFF, 0x7F, 0xFF, 0xFF, 0xFF, 0xFF, 0xFF,
0xF6, 0xFF, 0xFF, 0xFF, 0xFF, 0x7F, 0xE2, 0xFF, 0xFF, 0xFF, 0xFF, 0xFF, 0xFF, 0xFF, 0xFF, 0xFF,
0x61, 0x43, 0xB2, 0xBF, 0xBF, 0xBF, 0xBF, 0xBF, 0xBF, 0xBF, 0x8A, 0x09, 0x68, 0xBF, 0xB6, 0x91,
0x35, 0x00, 0x00, 0x00, 0x00, 0x00, 0x00, 0x00, 0x00, 0xF8, 0x73, 0xD7, 0xC8, 0xF2, 0xB0, 0x20,
0x00, 0x00, 0x00, 0x00, 0x00, 0x00, 0xFF, 0x3B, 0xC7, 0x5F, 0x15, 0x9E, 0xD6, 0x5E, 0x01, 0x00,
0x00, 0x00, 0x00, 0xFF, 0xFF, 0xFF, 0xC0, 0x5F, 0x5F, 0x5F, 0x5F, 0x5B, 0x34, 0x09, 0x00, 0x00,
0xFF, 0xFF, 0xFF, 0xFF, 0xFF, 0xFF, 0xFF, 0xFF, 0xFF, 0xEF, 0xFA, 0x77, 0x02, 0xFF, 0xFF, 0xFF,
0xFF, 0xFF, 0xFF, 0xFF, 0xFF, 0xFF, 0x63, 0xE3, 0xFF, 0x77, 0xFF, 0xFF, 0xFF, 0xFF, 0xFF, 0xFF,
0xFF, 0xFF, 0xFF, 0xEF, 0xFB, 0x7E, 0x03, 0xFF, 0xFF, 0xFF, 0xC2, 0x5F, 0x5F, 0x5F, 0x5F, 0x5C,
0x37, 0x0D, 0x00, 0x00, 0xFF, 0x3B, 0xC7, 0x5F, 0x13, 0x9C, 0xD7, 0x5F, 0x01, 0x00, 0x00, 0x00,
0x00, 0xF8, 0x73, 0xD7, 0xC7, 0xF0, 0xB1, 0x21, 0x00, 0x00, 0x00, 0x00, 0x00, 0x00, 0x6A, 0xBF,
0xB7, 0x93, 0x35, 0x00, 0x00, 0x00, 0x00, 0x00, 0x00, 0x00, 0x00, 0x41, 0xB2, 0xBF, 0xBF, 0xBF,
0xBF, 0xBF, 0xBF, 0xBF, 0x89, 0x09, 0xE2, 0xFF, 0xFF, 0xFF, 0xFF, 0xFF, 0xFF, 0xFF, 0xFF, 0xFF,
0x61, 0xFF, 0xFF, 0xFF, 0xFF, 0xFF, 0xFF, 0xFF, 0xFF, 0xFF, 0xFF, 0x7F, 0xFF, 0xFF, 0x8C, 0x3F,
0x3F, 0x3F, 0x3F, 0x46, 0xE6, 0xFF, 0x7F, 0xFF, 0xFF, 0xBA, 0x1B, 0x00, 0x00, 0x00, 0x5C, 0xF9,
0xFF, 0x7F, 0xFF, 0xFF, 0x77, 0xC1, 0x74, 0x3C, 0xBA, 0x82, 0xC8, 0xFF, 0x7F, 0xFF, 0xFF, 0x3F,
0x02, 0x60, 0x89, 0x23, 0x00, 0xBF, 0xFF, 0x7F, 0xFF, 0xFF, 0x98, 0x3F, 0x3F, 0x3F, 0x3F, 0x4C,
0xEC, 0xFF, 0x7F, 0xFF, 0xFF, 0xFF, 0xFF, 0xFF, 0xFF, 0xFF, 0xFF, 0xFF, 0xFF, 0x7F, 0xE2, 0xFF,
0xFF, 0xFF, 0xFF, 0xFF, 0xFF, 0xFF, 0xFF, 0xFF, 0x61, 0x43, 0xB2, 0xBF, 0xBF, 0xBF, 0xBF, 0xBF,
0xBF, 0xBF, 0x8A, 0x09, 0x00, 0x00, 0x00, 0x00, 0x00, 0x03, 0x03, 0x00, 0x00, 0x00, 0x00, 0x00,
0x00, 0x00, 0x00, 0x02, 0x62, 0xE8, 0xE7, 0x62, 0x02, 0x00, 0x00, 0x00, 0x00, 0x00, 0x3F, 0xCE,
0xFF, 0xEC, 0xEC, 0xFF, 0xCE, 0x3E, 0x00, 0x00, 0x21, 0xAB, 0xFF, 0xFF, 0xFF, 0x59, 0x5A, 0xFF,
0xFF, 0xFF, 0xAB, 0x21, 0xE6, 0xFF, 0xFF, 0xFF, 0xFF, 0xEC, 0xEC, 0xFF, 0xFF, 0xFF, 0xFF, 0xE4,
0x3E, 0xAF, 0xC3, 0x5F, 0xEB, 0x87, 0x87, 0xEB, 0x5F, 0xC3, 0xAF, 0x3E, 0x00, 0x7F, 0x9F, 0x00,
0xDF, 0x3F, 0x3F, 0xDF, 0x00, 0x9F, 0x7F, 0x00, 0x00, 0x7F, 0x9F, 0x00, 0xDF, 0x3F, 0x3F, 0xDF,
0x00, 0x9F, 0x7F, 0x00, 0x00, 0x7F, 0x9F, 0x00, 0xDF, 0x3F, 0x3F, 0xDF, 0x00, 0x9F, 0x7F, 0x00,
0x00, 0x7F, 0x9F, 0x00, 0xDF, 0x3F, 0x3F, 0xDF, 0x00, 0x9F, 0x7F, 0x00, 0x19, 0xC8, 0xE7, 0xBF,
0xF7, 0xCF, 0xCF, 0xF7, 0xBF, 0xE7, 0xC7, 0x17, 0xD7, 0xFF, 0xFF, 0xFF, 0xFF, 0xFF, 0xFF, 0xFF,
0xFF, 0xFF, 0xFF, 0xD5, 0x5A, 0x7F, 0x7F, 0x7F, 0x7F, 0x7F, 0x7F, 0x7F, 0x7F, 0x7F, 0x7F, 0x59,
0x00, 0x00, 0x00, 0x00, 0x0B, 0x64, 0xB0, 0x92, 0x2E, 0x00, 0x00, 0x00, 0x00, 0x00, 0x00, 0x00,
0x28, 0x90, 0xF0, 0xFF, 0xFF, 0xFF, 0xFF, 0xC4, 0x5A, 0x06, 0x00, 0x00, 0x49, 0xBD, 0xFF, 0xFF,
0xFF, 0xFF, 0xFF, 0xFF, 0xFF, 0xFF, 0xFF, 0xEA, 0x86, 0x10, 0xFA, 0xFF, 0xFF, 0xFF, 0xFF, 0xFF,
0xFF, 0xFF, 0xFF, 0xFF, 0xFF, 0xFF, 0xF6, 0x45, 0xFF, 0x5D, 0xA9, 0xFA, 0xFF, 0xFF, 0xFF, 0xFF,
0xFF, 0xFF, 0xDA, 0x71, 0x11, 0x00, 0xFF, 0x1F, 0x10, 0x18, 0x7C, 0xE2, 0xFF, 0xFC, 0xAF, 0x45,
0x06, 0x0B, 0x00, 0x00, 0xFF, 0x1F, 0xBE, 0xB7, 0x4E, 0x06, 0x30, 0x16, 0x1E, 0x84, 0xE8, 0x3F,
0x00, 0x00, 0xFF, 0x1F, 0xBF, 0xFF, 0xFF, 0xE6, 0xAF, 0xC7, 0xFD, 0xFF, 0xFF, 0x3F, 0x00, 0x00,
0xFF, 0x1F, 0xB3, 0xFF, 0xFF, 0xFF, 0xFF, 0xFF, 0xFF, 0xFF, 0xFF, 0x32, 0x00, 0x00, 0xFF, 0x1F,
0x3D, 0xED, 0xFF, 0xFF, 0xFF, 0xFF, 0xFF, 0xFF, 0xA8, 0x00, 0x00, 0x00, 0x9D, 0x0A, 0x00, 0x14,
0x68, 0xA0, 0xB8, 0xAC, 0x8B, 0x3C, 0x00, 0x00, 0x00, 0x00, 0x00, 0x00, 0x00, 0x56, 0x1C, 0x00,
0x00, 0x00, 0x00, 0x00, 0x00, 0x00, 0x00, 0x00, 0x00, 0x00, 0x00, 0xFC, 0x7C, 0x00, 0x00, 0x00,
0x00, 0x00, 0x00, 0x00, 0x00, 0x00, 0xD3, 0xFF, 0xFF, 0xFF, 0xFF, 0xFF, 0xFF, 0xF2, 0x1F, 0x00,
0x00, 0x00, 0x00, 0x00, 0x5A, 0x80, 0x80, 0x80, 0x80, 0xB7, 0xFF, 0x8A, 0x06, 0x00, 0x00, 0x00,
0x00, 0x00, 0x00, 0x04, 0x5B, 0x06, 0x00, 0xCA, 0xDA, 0x02, 0x01, 0x8A, 0x34, 0x00, 0x00, 0x00,
0x00, 0x24, 0xFE, 0xAB, 0x75, 0xFF, 0x5D, 0x00, 0x4B, 0xFF, 0xC6, 0x00, 0x00, 0x00, 0x00, 0x00,
0x6E, 0xFF, 0xFF, 0xB1, 0x00, 0x00, 0xBC, 0xFD, 0xFF, 0x38, 0x00, 0x00, 0x00, 0x1D, 0xA5, 0xFF,
0xFF, 0xF2, 0x81, 0x44, 0xFF, 0x81, 0xED, 0xAA, 0x00, 0x00, 0x1E, 0xF6, 0xF7, 0x7A, 0x27, 0xA7,
0xFD, 0xFF, 0xF4, 0x11, 0x86, 0xFC, 0x1F, 0x00, 0x07, 0x6B, 0x1E, 0x00, 0x00, 0x00, 0x3C, 0xFF,
0xD8, 0x80, 0x98, 0xFF, 0x8D, 0x00, 0x00, 0x00, 0x00, 0x00, 0x00, 0x00, 0x83, 0xFF, 0xFF, 0xFF,
0xFF, 0xFF, 0xF1, 0x0D, 0x00, 0x00, 0x00, 0x00, 0x00, 0x00, 0xE5, 0xAB, 0x00, 0x00, 0x00, 0x30,
0xFF, 0x61, 0x00, 0x00, 0x00, 0x00, 0x00, 0x00, 0x56, 0x1C, 0x00, 0x00, 0x00, 0x00, 0x57, 0x1C,
0x00, 0x00, 0x00, 0x00, 0x2E, 0x7C, 0x7F, 0x7F, 0x7A, 0x27, 0x00, 0x00, 0x00, 0x00, 0x00, 0x13,
0xF7, 0xFF, 0xFF, 0xFF, 0xFF, 0xFA, 0x50, 0x00, 0x00, 0x00, 0x00, 0x3F, 0xFF, 0x3F, 0x00, 0x00,
0x0C, 0xC4, 0xF3, 0x0E, 0x59, 0x7F, 0x29, 0x37, 0xDF, 0x37, 0x00, 0x00, 0x00, 0x38, 0xDF, 0x37,
0xFC, 0xFF, 0x9C, 0x00, 0x00, 0x00, 0x00, 0x00, 0x00, 0x00, 0x00, 0x00, 0xFF, 0xFF, 0x9F, 0x3F,
0xFF, 0xFF, 0xFF, 0xFF, 0xFF, 0xFF, 0xFF, 0xD5, 0xFF, 0xFF, 0x9F, 0x3F, 0xFF, 0xDA, 0xF5, 0xDE,
0xF1, 0xE3, 0xED, 0xFF, 0xFF, 0xFF, 0x9F, 0x3F, 0xFF, 0x80, 0xCB, 0x8C, 0xBF, 0x99, 0xB3, 0xFF,
0xFF, 0xFF, 0x9F, 0x3F, 0xFF, 0xFD, 0xFF, 0xFD, 0xFF, 0xFE, 0xFF, 0xFF, 0xFF, 0xFF, 0x9F, 0x3F,
0xFF, 0x60, 0xC1, 0x70, 0xB1, 0x80, 0xA1, 0xFF, 0xFF, 0xFF, 0x9F, 0x3F, 0xFF, 0xFD, 0xFF, 0xFD,
0xFF, 0xFD, 0xFF, 0xFF, 0x96, 0xBF, 0x4F, 0x13, 0xB3, 0xBF, 0xBF, 0xBF, 0xBF, 0xBF, 0xBF, 0x96,
0x18, 0x72, 0x7F, 0x7F, 0x7F, 0x7F, 0x7F, 0x72, 0x18, 0xCA, 0xFF, 0xFF, 0xFF, 0xFF, 0xFF, 0xFF,
0xFF, 0xC9, 0xFF, 0xFF, 0xDF, 0xE0, 0xFF, 0xDF, 0xE0, 0xFF, 0xFF, 0xFF, 0xFF, 0x43, 0x44, 0xFF,
0x43, 0x44, 0xFF, 0xFF, 0xFF, 0xFF, 0xDF, 0xE0, 0xFF, 0xDF, 0xE0, 0xFF, 0xFF, 0xFF, 0xFF, 0xDF,
0xE0, 0xFF, 0xDF, 0xE0, 0xFF, 0xFF, 0xFF, 0xFF, 0x43, 0x44, 0xFF, 0x43, 0x44, 0xFF, 0xFF, 0xFF,
0xFF, 0xDF, 0xE0, 0xFF, 0xDF, 0xE0, 0xFF, 0xFF, 0xFF, 0xFF, 0xFF, 0xF4, 0xC1, 0xF4, 0xFF, 0xFF,
0xFF, 0xFF, 0xFF, 0xFF, 0x6C, 0x00, 0x6D, 0xFF, 0xFF, 0xFF, 0xFF, 0xFF, 0xFF, 0x5F, 0x00, 0x5F,
0xFF, 0xFF, 0xFF, 0xCB, 0xFF, 0xFF, 0xC3, 0x9F, 0xC3, 0xFF, 0xFF, 0xCA, 0x1A, 0x72, 0x7F, 0x7F,
0x7F, 0x7F, 0x7F, 0x72, 0x19, 0x00, 0x00, 0x09, 0x5E, 0x2E, 0x00, 0x00, 0x00, 0x00, 0x00, 0x8B,
0xFF, 0xF6, 0x12, 0x00, 0x00, 0x00, 0x00, 0x8C, 0xFF, 0xF7, 0x12, 0x00, 0x00, 0x00, 0x00, 0x0A,
0x5F, 0x2F, 0x00, 0x00, 0x00, 0x00, 0x03, 0x69, 0xAB, 0x8D, 0x2C, 0x00, 0x00, 0x02, 0xAB, 0xFF,
0xFF, 0xFF, 0xF1, 0x38, 0x00, 0x6E, 0xFF, 0xFF, 0xFF, 0xFF, 0xFF, 0xDE, 0x0A, 0xE8, 0xD1, 0xFF,
0xFF, 0xFF, 0xD5, 0xFE, 0x64, 0x3B, 0x30, 0xFF, 0xFF, 0xFF, 0xA0, 0x3B, 0x10, 0x00, 0x20, 0xFF,
0xB0, 0xF0, 0xA0, 0x00, 0x00, 0x00, 0x20, 0xFF, 0x60, 0xE0, 0xA0, 0x00, 0x00, 0x00, 0x1C, 0xFF,
0x5C, 0xDC, 0x9C, 0x00, 0x00, 0x00, 0x00, 0x62, 0x10, 0x49, 0x2A, 0x00, 0x00, 0x00, 0x00, 0x02,
0x90, 0x7D, 0x00, 0x00, 0x7D, 0x8F, 0x02, 0x00, 0x00, 0x00, 0x00, 0x41, 0xFF, 0xFF, 0x54, 0x51,
0xFF, 0xFF, 0x40, 0x00, 0x00, 0x00, 0x00, 0x2D, 0xFF, 0xFF, 0x82, 0x83, 0xFF, 0xFF, 0x30, 0x00,
0x00, 0x6C, 0x82, 0x03, 0x87, 0xEC, 0x33, 0x33, 0xEC, 0x88, 0x03, 0x82, 0x6B, 0xE8, 0xFF, 0x67,
0x00, 0x00, 0x25, 0x25, 0x00, 0x00, 0x69, 0xFF, 0xE5, 0x80, 0xFF, 0x73, 0x1F, 0xBD, 0xFF, 0xFF,
0xBC, 0x1E, 0x77, 0xFF, 0x7F, 0x00, 0x23, 0x1F, 0xDD, 0xFF, 0xFF, 0xFF, 0xFF, 0xDB, 0x1E, 0x23,
0x00, 0x00, 0x00, 0xA7, 0xFF, 0xFF, 0xFF, 0xFF, 0xFF, 0xFF, 0xA3, 0x00, 0x00, 0x00, 0x2E, 0xFE,
0xFF, 0xFF, 0xFF, 0xFF, 0xFF, 0xFF, 0xFD, 0x2B, 0x00, 0x00, 0x72, 0xFF, 0xFF, 0xFF, 0xFF, 0xFF,
0xFF, 0xFF, 0xFF, 0x70, 0x00, 0x00, 0x20, 0xAB, 0x9E, 0x62, 0x2A, 0x2B, 0x63, 0x9F, 0xAA, 0x1E,
0x00, 0x00, 0x00, 0x00, 0x00, 0x00, 0x00, 0x00, 0x03, 0x40, 0x70, 0x4F, 0x00, 0x00, 0x00, 0x00,
0x00, 0x00, 0x00, 0x31, 0xCF, 0xFF, 0xFF, 0xFF, 0x8C, 0x00, 0x00, 0x00, 0x00, 0x00, 0x20, 0xEA,
0xFF, 0xFF, 0xFF, 0xFF, 0xEF, 0x00, 0x00, 0x00, 0x00, 0x00, 0x8B, 0xFF, 0xFF, 0xFF, 0xFF, 0xFF,
0xDA, 0x00, 0x00, 0x00, 0x00, 0x00, 0xB2, 0xFF, 0xFF, 0xFF, 0xFF, 0xFF, 0x96, 0x00, 0x00, 0x00,
0x00, 0x00, 0x6B, 0xFF, 0xFF, 0xFF, 0xFF, 0xEF, 0x17, 0x00, 0x00, 0x00, 0x00, 0x27, 0xE6, 0xEC,
0xFA, 0xFF, 0xDB, 0x2C, 0x00, 0x00, 0x00, 0x00, 0x27, 0xE6, 0xE6, 0x26, 0x19, 0x2A, 0x00, 0x00,
0x00, 0x00, 0x00, 0x28, 0xE7, 0xE7, 0x27, 0x00, 0x00, 0x00, 0x00, 0x00, 0x00, 0x00, 0x29, 0xE7,
0xE7, 0x28, 0x00, 0x00, 0x00, 0x00, 0x00, 0x00, 0x00, 0x2A, 0xE8, 0xE8, 0x29, 0x00, 0x00, 0x00,
0x00, 0x00, 0x00, 0x00, 0x00, 0xDE, 0xE8, 0x29, 0x00, 0x00, 0x00, 0x00, 0x00, 0x00, 0x00, 0x00,
0x00, 0x5A, 0x24, 0x00, 0x00, 0x00, 0x00, 0x00, 0x00, 0x00, 0x00, 0x00, 0x00, 0x00, 0x00, 0x00,
0x00, 0x26, 0x9E, 0x9E, 0x26, 0x00, 0x00, 0x00, 0x00, 0x00, 0x00, 0x0E, 0x8A, 0xF9, 0xFF, 0xFF,
0xFA, 0x8C, 0x0E, 0x00, 0x00, 0x00, 0x5F, 0xE8, 0xFF, 0xFF, 0xFF, 0xFF, 0xFF, 0xFF, 0xE8, 0x62,
0x00, 0x63, 0xFF, 0xFF, 0xFF, 0xFF, 0xFF, 0xFF, 0xFF, 0xFF, 0xFF, 0xFF, 0x68, 0x9B, 0xFF, 0xFF,
0xFF, 0xFF, 0xFF, 0xFF, 0xFF, 0xFF, 0xFF, 0xFF, 0x9F, 0x9C, 0xFF, 0xFF, 0xFF, 0xFF, 0xFF, 0xFF,
0xFF, 0xE1, 0x58, 0xE0, 0xA0, 0x9C, 0xFF, 0xFF, 0xFF, 0xFF, 0xFF, 0xF6, 0x7E, 0x09, 0x00, 0xE0,
0xA0, 0x9C, 0xFF, 0xFF, 0xFF, 0xFF, 0xFF, 0xC0, 0x00, 0x00, 0x00, 0xE0, 0xA0, 0x9B, 0xFF, 0xFF,
0xFF, 0xFF, 0xFF, 0xC0, 0x00, 0x00, 0x00, 0xE2, 0x9F, 0x65, 0xFF, 0xFF, 0xFF, 0xFF, 0xFF, 0xC0,
0x00, 0x2E, 0xBF, 0xFF, 0x68, 0x00, 0x64, 0xEA, 0xFF, 0xFF, 0xFF, 0xCE, 0x97, 0xFC, 0xEB, 0x66,
0x00, 0x00, 0x00, 0x10, 0x8F, 0xFB, 0xFF, 0xFF, 0xFB, 0x91, 0x10, 0x00, 0x00, 0x00, 0x00, 0x00,
0x00, 0x29, 0xA1, 0xA1, 0x29, 0x00, 0x00, 0x00, 0x00, 0x00, 0x00, 0x00, 0x00, 0x00, 0x16, 0x8A,
0x89, 0x16, 0x00, 0x00, 0x00, 0x00, 0x00, 0x00, 0x00, 0x00, 0x00, 0x6E, 0xF1, 0xFF, 0xFF, 0xF1,
0x6E, 0x00, 0x00, 0x00, 0x00, 0x00, 0x00, 0x00, 0x33, 0xFF, 0xFF, 0xFF, 0xFF, 0xF0, 0xF3, 0x34,
0x00, 0x00, 0x00, 0x00, 0x00, 0x00, 0x47, 0xFF, 0xFF, 0xFF, 0x9C, 0x16, 0xD7, 0x47, 0x00, 0x00,
0x00, 0x00, 0x00, 0x00, 0x47, 0xFF, 0xFF, 0xFF, 0x00, 0x00, 0xD7, 0x47, 0x00, 0x00, 0x00, 0x00,
0x00, 0x2A, 0xBF, 0xFF, 0xFF, 0xFF, 0x07, 0x79, 0xF8, 0xBF, 0x2B, 0x00, 0x00, 0x00, 0x79, 0xFB,
0xFF, 0xFF, 0xFF, 0xFF, 0xDE, 0xFF, 0xFF, 0xFF, 0xFB, 0x7A, 0x00, 0x04, 0xFB, 0xFF, 0xFF, 0xFF,
0xE0, 0xC8, 0xFF, 0xFF, 0xFF, 0xFC, 0xA7, 0xF9, 0x02, 0x07, 0xFF, 0xFF, 0xFF, 0x92, 0x08, 0x8F,
0xFF, 0xFF, 0xDE, 0x2C, 0x1B, 0xFF, 0x03, 0x06, 0xFF, 0xFF, 0xFF, 0x47, 0x00, 0x94, 0xFF, 0xFF,
0xB7, 0x00, 0x21, 0xFE, 0x03, 0x00, 0xB0, 0xFF, 0xFF, 0x5D, 0x99, 0xF7, 0xFA, 0xFF, 0xB8, 0x58,
0xE2, 0xAF, 0x00, 0x00, 0x01, 0x61, 0xE8, 0xFE, 0xB5, 0x27, 0x27, 0xB5, 0xFE, 0xE8, 0x62, 0x02,
0x00, 0x00, 0x00, 0x00, 0x08, 0x20, 0x00, 0x00, 0x00, 0x00, 0x20, 0x08, 0x00, 0x00, 0x00, 0x00,
0x00, 0x00, 0x00, 0x00, 0x15, 0x5E, 0x5F, 0x15, 0x00, 0x00, 0x00, 0x00, 0x00, 0x00, 0x00, 0x00,
0x00, 0x23, 0xE2, 0xFF, 0xFF, 0xE2, 0x23, 0x00, 0x00, 0x00, 0x00, 0x00, 0x00, 0x00, 0x00, 0x91,
0xE8, 0x2F, 0x30, 0xE8, 0xC6, 0x01, 0x00, 0x00, 0x00, 0x00, 0x00, 0x00, 0x00, 0x0F, 0x18, 0x00,
0x00, 0x61, 0xFF, 0xC8, 0xA7, 0x00, 0x00, 0x00, 0x32, 0x99, 0xDB, 0x5C, 0x00, 0x00, 0x00, 0x73,
0xFF, 0xFF, 0x90, 0x00, 0x00, 0x00, 0x73, 0xFE, 0xFF, 0xB0, 0x00, 0x00, 0x00, 0x78, 0xDA, 0xFF,
0x47, 0x00, 0x00, 0x00, 0x1E, 0xF7, 0xEF, 0xE1, 0x00, 0x00, 0x00, 0x00, 0x00, 0x12, 0x00, 0x00,
0x00, 0x00, 0x9F, 0xF4, 0x1B, 0x18, 0x00, 0x00, 0x00, 0x00, 0x00, 0x00, 0xB0, 0x96, 0x00, 0x01,
0xEB, 0x91, 0x00, 0x00, 0x00, 0x00, 0x00, 0x00, 0x00, 0x00, 0x93, 0xED, 0x02, 0x01, 0xE8, 0xA7,
0x00, 0x00, 0x00, 0x10, 0xC5, 0x69, 0x00, 0x00, 0xA5, 0xE9, 0x01, 0x00, 0x7C, 0xFF, 0xD4, 0x66,
0x04, 0xCB, 0xFF, 0xE0, 0xC0, 0xD4, 0xFF, 0x7B, 0x00, 0x00, 0x00, 0x5F, 0xAB, 0x66, 0x05, 0xCE,
0xFF, 0xE0, 0xC0, 0xAC, 0x5F, 0x00, 0x00, 0x00, 0x00, 0x00, 0x00, 0x00, 0x00, 0x12, 0xC9, 0x69,
0x00, 0x00, 0x00, 0x00, 0x00, 0x00, 0x00, 0x36, 0xA1, 0xC0, 0xC0, 0xC0, 0xC0, 0xA0, 0x35, 0x00,
0x00, 0x00, 0x1D, 0xEE, 0xEB, 0xC0, 0xC0, 0xC0, 0xC0, 0xEC, 0xED, 0x1B, 0x00, 0x00, 0x82, 0xFB,
0x1E, 0x00, 0x00, 0x00, 0x00, 0x21, 0xFD, 0x7E, 0x00, 0x00, 0xD9, 0xB8, 0x00, 0x00, 0x00, 0x00,
0x00, 0x00, 0xBD, 0xD7, 0x00, 0x7E, 0xFF, 0xFF, 0xFF, 0xFF, 0xFF, 0xFF, 0xFF, 0xFF, 0xFF, 0xFF,
0x7D, 0xF6, 0xFF, 0xF6, 0xFF, 0xFF, 0xFF, 0xFF, 0xFF, 0xFF, 0xF6, 0xFF, 0xF5, 0xFF, 0x9D, 0x1E,
0xFF, 0xFF, 0xFF, 0xFF, 0xFF, 0xFF, 0x1D, 0x9E, 0xFF, 0xFF, 0xEE, 0xC5, 0xFF, 0xFF, 0xFF, 0xFF,
0xFF, 0xFF, 0xC5, 0xEE, 0xFF, 0xFF, 0xFF, 0xFF, 0xFF, 0xFF, 0xFF, 0xFF, 0xFF, 0xFF, 0xFF, 0xFF,
0xFF, 0xFF, 0xFF, 0x70, 0x40, 0x40, 0x40, 0x40, 0x40, 0x40, 0x70, 0xFF, 0xFF, 0x96, 0xB3, 0x13,
0x00, 0x00, 0x00, 0x00, 0x00, 0x00, 0x13, 0xB3, 0x96, 0x00, 0x00, 0x00, 0x06, 0x72, 0x7F, 0x7F,
0x72, 0x06, 0x00, 0x00, 0x00, 0x00, 0x00, 0x00, 0x3C, 0xFF, 0xFF, 0xFF, 0xFF, 0x3C, 0x00, 0x00,
0x00, 0x00, 0x06, 0xA3, 0xF4, 0xFF, 0xFF, 0xFF, 0xFF, 0xF3, 0xA2, 0x06, 0x00, 0x00, 0x81, 0xFC,
0x8D, 0x7F, 0x7F, 0x7F, 0x7F, 0x8E, 0xFC, 0x84, 0x00, 0x00, 0xE2, 0xAF, 0x00, 0x00, 0x00, 0x00,
0x00, 0x00, 0xAB, 0xE4, 0x01, 0x59, 0xFF, 0xFF, 0xFF, 0xFF, 0xFF, 0xFF, 0xFF, 0xFF, 0xFF, 0xFF,
0x5C, 0xE6, 0xFF, 0xF6, 0xFF, 0xFF, 0xFF, 0xFF, 0xFF, 0xFF, 0xF6, 0xFF, 0xE6, 0xFF, 0x9D, 0x1E,
0xFF, 0xFF, 0xFF, 0xFF, 0xFF, 0xFF, 0x1D, 0x9E, 0xFF, 0xFF, 0xEE, 0xC5, 0xFF, 0xFF, 0xFF, 0xFF,
0xFF, 0xFF, 0xC5, 0xEE, 0xFF, 0xFF, 0xFF, 0xFF, 0xFF, 0xFF, 0xFF, 0xFF, 0xFF, 0xFF, 0xFF, 0xFF,
0xFF, 0xFF, 0xFF, 0x6F, 0x3F, 0x3F, 0x3F, 0x3F, 0x3F, 0x3F, 0x6F, 0xFF, 0xFF, 0x96, 0xB3, 0x13,
0x00, 0x00, 0x00, 0x00, 0x00, 0x00, 0x13, 0xB3, 0x96, 0x00, 0x00, 0x00, 0x00, 0x04, 0x1D, 0x00,
0x00, 0x00, 0x00, 0x00, 0x00, 0x00, 0x00, 0x00, 0xA4, 0xF4, 0x30, 0x00, 0x00, 0x00, 0x00, 0x00,
0x00, 0x00, 0x7E, 0xFF, 0xFF, 0xE3, 0x19, 0x00, 0x00, 0x00, 0x00, 0x00, 0x55, 0xFE, 0xFF, 0xFF,
0xFF, 0xCA, 0x09, 0x00, 0x00, 0x00, 0x2F, 0xF6, 0xFF, 0xFF, 0xFF, 0xFF, 0xFF, 0xA5, 0x00, 0x00,
0x00, 0x31, 0xD1, 0xFF, 0xFF, 0xFF, 0xFF, 0xFC, 0x84, 0x00, 0x00, 0x00, 0x27, 0xEF, 0xFF, 0xFF,
0xFF, 0xFF, 0xFF, 0x94, 0x00, 0x00, 0x0B, 0xDB, 0xFF, 0xFF, 0xFF, 0xFF, 0xFF, 0xFF, 0xFF, 0x65,
0x00, 0x11, 0x99, 0xF8, 0xFF, 0xFF, 0xFF, 0xFF, 0xFF, 0xCB, 0x58, 0x00, 0x00, 0x85, 0xFF, 0xFF,
0xFF, 0xFF, 0xFF, 0xFF, 0xE8, 0x1E, 0x00, 0x5C, 0xFF, 0xFF, 0xFF, 0xFF, 0xFF, 0xFF, 0xFF, 0xFF,
0xD0, 0x0B, 0xD4, 0xFF, 0xFF, 0xFF, 0xFF, 0xFF, 0xFF, 0xFF, 0xFF, 0xFF, 0x54, 0x00, 0x00, 0x00,
0x00, 0x80, 0xFF, 0x00, 0x00, 0x00, 0x00, 0x00, 0x00, 0x00, 0x00, 0x00, 0x73, 0xF2, 0x00, 0x00,
0x00, 0x00, 0x00, 0x00, 0x00, 0x00, 0x00, 0x06, 0x20, 0x00, 0x00, 0x00, 0x00, 0x00, 0x00, 0x01,
0x2D, 0x5E, 0x71, 0x7A, 0x68, 0x4B, 0x11, 0x00, 0x00, 0x55, 0xE4, 0xFF, 0xFF, 0xFF, 0xFF, 0xFF,
0xFF, 0xFE, 0xA9, 0x11, 0xF5, 0xFF, 0xFF, 0xFF, 0xFF, 0xFF, 0xFF, 0xFF, 0xFF, 0xFF, 0x75, 0xEE,
0xFF, 0xFF, 0xFF, 0xFF, 0xFF, 0xFF, 0xFF, 0xFF, 0xFF, 0x6D, 0x3E, 0xC6, 0xFD, 0xFF, 0xFF, 0xFF,
0xFF, 0xFF, 0xED, 0x8A, 0x09, 0x6E, 0x0C, 0x11, 0x3F, 0x52, 0x5A, 0x49, 0x2C, 0x02, 0x32, 0x46,
0xFF, 0xFB, 0xC7, 0x9E, 0x8C, 0x85, 0x95, 0xAD, 0xE7, 0xFF, 0x7F, 0xD7, 0xFF, 0xFF, 0xFF, 0xFF,
0xFF, 0xFF, 0xFF, 0xFF, 0xFF, 0x57, 0x14, 0x86, 0xCF, 0xFD, 0xFF, 0xFF, 0xFF, 0xEC, 0xB0, 0x4A,
0x00, 0xAE, 0x47, 0x0C, 0x02, 0x12, 0x1A, 0x09, 0x00, 0x26, 0x72, 0x66, 0xF6, 0xFF, 0xFB, 0xDE,
0xCC, 0xC5, 0xD5, 0xED, 0xFF, 0xFF, 0x75, 0x56, 0xE4, 0xFF, 0xFF, 0xFF, 0xFF, 0xFF, 0xFF, 0xFE,
0xAA, 0x11, 0x00, 0x02, 0x2F, 0x5F, 0x72, 0x7A, 0x69, 0x4C, 0x12, 0x00, 0x00, 0x00, 0x2E, 0x7C,
0x7F, 0x7F, 0x7C, 0x2E, 0x00, 0x00, 0x00, 0x00, 0x00, 0x00, 0x00, 0x13, 0xF7, 0xFF, 0xFF, 0xFF,
0xFE, 0xFD, 0x5D, 0x00, 0x00, 0x00, 0x00, 0x00, 0x00, 0x3F, 0xFF, 0xFF, 0xFF, 0xFF, 0xA8, 0xB9,
0xFD, 0x5D, 0x00, 0x00, 0x00, 0x00, 0x00, 0x3F, 0xFF, 0xFF, 0xFF, 0xFF, 0x9F, 0x08, 0xB7, 0xFD,
0x46, 0x00, 0x00, 0x00, 0x00, 0x3F, 0xFF, 0xFF, 0xFF, 0xFF, 0xD9, 0x61, 0x67, 0xEC, 0xB1, 0x00,
0x00, 0x00, 0x00, 0x3F, 0xFF, 0xFF, 0xFF, 0xFF, 0xFF, 0xFF, 0xFF, 0xFF, 0xBF, 0x00, 0x00, 0x00,
0x00, 0x3F, 0xFF, 0xFF, 0xFF, 0xFF, 0xFF, 0xFF, 0xFF, 0xFF, 0xBF, 0x00, 0x00, 0x00, 0x00, 0x3F,
0xFF, 0xFF, 0xFF, 0xFF, 0xFF, 0xFF, 0xFF, 0xFF, 0xBF, 0x00, 0x00, 0x00, 0x00, 0x3F, 0xFF, 0xFF,
0xFF, 0xE0, 0x75, 0x5F, 0x5F, 0x5F, 0x47, 0x00, 0x00, 0x00, 0x00, 0x3F, 0xFF, 0xFF, 0xFF, 0x48,
0x64, 0x82, 0x19, 0x64, 0x83, 0x13, 0x64, 0x8F, 0x0A, 0x3F, 0xFF, 0xFF, 0xFF, 0x1F, 0xD7, 0xA2,
0xA2, 0xD7, 0xAB, 0x83, 0xD7, 0x70, 0x01, 0x13, 0xF7, 0xFF, 0xFF, 0x1F, 0xD7, 0xE1, 0x75, 0xD7,
0x6F, 0x97, 0xD7, 0xD0, 0x0C, 0x00, 0x30, 0x7C, 0x7F, 0x0F, 0xD5, 0x34, 0x00, 0xD6, 0xCF, 0x6F,
0xD5, 0x16, 0x00, 0x00, 0x00, 0x00, 0x00, 0x00, 0x1E, 0x00, 0x00, 0x30, 0x43, 0x02, 0x1E, 0x00,
0x00, 0x18, 0x72, 0x80, 0x80, 0x80, 0x49, 0x01, 0x00, 0x00, 0xCB, 0xFF, 0xFF, 0xFF, 0xFE, 0xFF,
0x99, 0x01, 0x00, 0xFF, 0xFF, 0xFF, 0xFF, 0xE0, 0x82, 0xFF, 0x99, 0x01, 0xFF, 0xFF, 0xFF, 0xFF,
0xE0, 0x00, 0x7F, 0xFF, 0x84, 0xFF, 0xFF, 0xFF, 0xFF, 0xF9, 0x6A, 0x60, 0xCC, 0xF1, 0xFF, 0xFF,
0xFF, 0xFF, 0xFF, 0xFF, 0xFF, 0xFF, 0xFF, 0xFF, 0xFF, 0xA9, 0xF6, 0xAC, 0xF6, 0xAA, 0xFF, 0xFF,
0xFF, 0xFF, 0x27, 0x77, 0x00, 0x77, 0x2B, 0xFF, 0xFF, 0xFF, 0xFF, 0x5E, 0x07, 0x02, 0x07, 0x63,
0xFF, 0xFF, 0xFF, 0xFF, 0x97, 0x00, 0x6E, 0x00, 0x9C, 0xFF, 0xFF, 0xFF, 0xFF, 0xDA, 0x34, 0xF4,
0x32, 0xDE, 0xFF, 0xFF, 0xCB, 0xFF, 0xFF, 0xFF, 0xFF, 0xFF, 0xFF, 0xFF, 0xC9, 0x1A, 0x73, 0x80,
0x80, 0x80, 0x80, 0x80, 0x72, 0x19, 0x18, 0x72, 0x80, 0x80, 0x80, 0x49, 0x01, 0x00, 0x00, 0xCB,
0xFF, 0xFF, 0xFF, 0xFE, 0xFF, 0x99, 0x01, 0x00, 0xFF, 0xFF, 0xFF, 0xFF, 0xE0, 0x82, 0xFF, 0x99,
0x01, 0xFF, 0xFF, 0xFF, 0xFF, 0xE0, 0x00, 0x7F, 0xFF, 0x84, 0xFF, 0xFF, 0xFF, 0xFF, 0xF9, 0x6A,
0x60, 0xCC, 0xF1, 0xFF, 0xFF, 0xFF, 0xFF, 0xFF, 0xFF, 0xFF, 0xFF, 0xFF, 0xFF, 0xFF, 0xF7, 0xA5,
0xFF, 0xA5, 0xF8, 0xFF, 0xFF, 0xFF, 0xFF, 0xF1, 0x13, 0x5F, 0x14, 0xF2, 0xFF, 0xFF, 0xFF, 0xFF,
0xFF, 0x9B, 0x00, 0x9E, 0xFF, 0xFF, 0xFF, 0xFF, 0xFF, 0xFF, 0x53, 0x09, 0x55, 0xFF, 0xFF, 0xFF,
0xFF, 0xFF, 0xEA, 0x22, 0xD2, 0x22, 0xEB, 0xFF, 0xFF, 0xCB, 0xFF, 0xFF, 0xFF, 0xFF, 0xFF, 0xFF,
0xFF, 0xC9, 0x1A, 0x73, 0x80, 0x80, 0x80, 0x80, 0x80, 0x72, 0x19, 0x18, 0x72, 0x80, 0x80, 0x80,
0x49, 0x01, 0x00, 0x00, 0xCB, 0xFF, 0xFF, 0xFF, 0xFE, 0xFF, 0x99, 0x01, 0x00, 0xFF, 0xFF, 0xFF,
0xFF, 0xE0, 0x82, 0xFF, 0x99, 0x01, 0xFF, 0xFF, 0xFF, 0xFF, 0xE0, 0x00, 0x7F, 0xFF, 0x84, 0xFF,
0xFF, 0xFF, 0xFF, 0xF9, 0x6A, 0x60, 0xCC, 0xF1, 0xFF, 0xFF, 0xFF, 0xFF, 0xFF, 0xFF, 0xFF, 0xFF,
0xFF, 0xFF, 0xFF, 0xFF, 0x97, 0x85, 0xD5, 0xFF, 0xFF, 0xFF, 0xFF, 0xFF, 0xFF, 0x00, 0x4E, 0x0A,
0xE4, 0xFF, 0xFF, 0xFF, 0xFF, 0xFF, 0x00, 0xA2, 0x1B, 0xC4, 0xFF, 0xFF, 0xFF, 0xFF, 0xFF, 0x00,
0x21, 0x78, 0xFF, 0xFF, 0xFF, 0xFF, 0xFF, 0xFF, 0x22, 0xED, 0xFF, 0xFF, 0xFF, 0xFF, 0xCB, 0xFF,
0xFF, 0xFF, 0xFF, 0xFF, 0xFF, 0xFF, 0xC9, 0x1A, 0x73, 0x80, 0x80, 0x80, 0x80, 0x80, 0x72, 0x19,
0x18, 0x72, 0x80, 0x80, 0x80, 0x49, 0x01, 0x00, 0x00, 0xCB, 0xFF, 0xFF, 0xFF, 0xFE, 0xFF, 0x99,
0x01, 0x00, 0xFF, 0xFF, 0xFF, 0xFF, 0xE0, 0x82, 0xFF, 0x99, 0x01, 0xFF, 0xFF, 0xFF, 0xFF, 0xE0,
0x00, 0x7F, 0xFF, 0x84, 0xFF, 0xFF, 0xFF, 0xFF, 0xF9, 0x6A, 0x60, 0xCC, 0xF1, 0xFF, 0xF9, 0xE0,
0xFF, 0xFF, 0xFF, 0xFF, 0xFF, 0xFF, 0xFF, 0x99, 0x1A, 0xFF, 0xFF, 0xFF, 0xFF, 0xFF, 0xFF, 0xFF,
0xF9, 0xDF, 0xD9, 0x5C, 0xDB, 0xFF, 0xFF, 0xFF, 0xFF, 0xFF, 0xE0, 0x1D, 0x00, 0x1E, 0xE1, 0xFF,
0xFF, 0xFF, 0xE8, 0x24, 0x00, 0x00, 0x00, 0x24, 0xE8, 0xFF, 0xFF, 0xA5, 0x01, 0x00, 0x00, 0x00,
0x01, 0xA6, 0xFF, 0xCB, 0xFF, 0xFF, 0xFF, 0xFF, 0xFF, 0xFF, 0xFF, 0xC9, 0x1A, 0x73, 0x80, 0x80,
0x80, 0x80, 0x80, 0x72, 0x19, 0x18, 0x72, 0x80, 0x80, 0x80, 0x49, 0x01, 0x00, 0x00, 0xCB, 0xE6,
0xA0, 0xCE, 0xFE, 0xFF, 0x99, 0x01, 0x00, 0xFF, 0xB9, 0x40, 0x8A, 0xE0, 0x82, 0xFF, 0x99, 0x01,
0xFF, 0xFD, 0xE0, 0xF5, 0xE0, 0x00, 0x7F, 0xFF, 0x84, 0xFF, 0xA2, 0x00, 0x63, 0xF9, 0x6A, 0x60,
0xCC, 0xF1, 0xFF, 0xFF, 0xFF, 0xFF, 0xFF, 0xFF, 0xFF, 0xFF, 0xFF, 0xFF, 0xB6, 0x23, 0x82, 0xFF,
0xFF, 0xFF, 0xFF, 0xFF, 0xFF, 0x80, 0x24, 0x40, 0xFF, 0xFF, 0xFF, 0xFF, 0xFF, 0xFF, 0xB9, 0x29,
0x7E, 0xFF, 0xFF, 0xFF, 0xFF, 0xFF, 0xFF, 0xFF, 0xF6, 0xFF, 0xFF, 0xFF, 0xFF, 0xFF, 0xFF, 0xFF,
0xFF, 0xFF, 0xFF, 0xFF, 0xFF, 0xFF, 0xFF, 0xFF, 0xCB, 0xFF, 0xFF, 0xFF, 0xFF, 0xFF, 0xFF, 0xFF,
0xC9, 0x1A, 0x73, 0x80, 0x80, 0x80, 0x80, 0x80, 0x72, 0x19, 0x18, 0x72, 0x80, 0x80, 0x80, 0x49,
0x01, 0x00, 0x00, 0xCB, 0xFF, 0xFF, 0xFF, 0xFE, 0xFF, 0x99, 0x01, 0x00, 0xFF, 0xFF, 0xFF, 0xFF,
0xE0, 0x82, 0xFF, 0x99, 0x01, 0xFF, 0xFF, 0xFF, 0xFF, 0xE0, 0x00, 0x7F, 0xFF, 0x84, 0xFF, 0xFF,
0xFF, 0xFF, 0xF9, 0x6A, 0x60, 0xCC, 0xF1, 0xFF, 0xFF, 0xFF, 0xFF, 0xFF, 0xFF, 0xFF, 0xFF, 0xFF,
0xFF, 0xFF, 0xFF, 0xF9, 0xFF, 0x95, 0x9F, 0xFF, 0xFF, 0xFF, 0xF5, 0x9C, 0x49, 0xFC, 0xCC, 0x21,
0xDE, 0xFF, 0xFF, 0x84, 0x00, 0x40, 0xE0, 0x57, 0x70, 0xA0, 0xFF, 0xFF, 0xBA, 0x2C, 0x40, 0xEC,
0x9B, 0x50, 0xBB, 0xFF, 0xFF, 0xFF, 0xEF, 0xA2, 0xFF, 0xA9, 0x35, 0xF8, 0xFF, 0xCB, 0xFF, 0xFF,
0xFF, 0xFF, 0xD7, 0xEC, 0xFF, 0xC9, 0x1A, 0x73, 0x80, 0x80, 0x80, 0x80, 0x80, 0x72, 0x19, 0x18,
0x72, 0x80, 0x80, 0x80, 0x49, 0x01, 0x00, 0x00, 0xCB, 0xFF, 0xFF, 0xFF, 0xFE, 0xFF, 0x99, 0x01,
0x00, 0xFF, 0xFF, 0xFF, 0xFF, 0xE0, 0x82, 0xFF, 0x99, 0x01, 0xFF, 0xFF, 0xFF, 0xFF, 0xE0, 0x00,
0x7F, 0xFF, 0x84, 0xFF, 0xFF, 0xFF, 0xFF, 0xF9, 0x6A, 0x60, 0xCC, 0xF1, 0xFF, 0xFF, 0xFF, 0xFF,
0xFF, 0xFF, 0xFF, 0xFF, 0xFF, 0xFF, 0xFF, 0xEF, 0xE0, 0xE0, 0xFE, 0xFF, 0xFF, 0xFF, 0xFF, 0xEF,
0x07, 0x00, 0x00, 0x72, 0x75, 0xF3, 0xFF, 0xFF, 0xE0, 0x00, 0x00, 0x00, 0x04, 0x00, 0xE0, 0xFF,
0xFF, 0xE0, 0x00, 0x00, 0x00, 0x30, 0x0B, 0xE2, 0xFF, 0xFF, 0xFE, 0x76, 0x60, 0x60, 0xC3, 0xE7,
0xFF, 0xFF, 0xCB, 0xFF, 0xFF, 0xFF, 0xFF, 0xFF, 0xFF, 0xFF, 0xC9, 0x1A, 0x73, 0x80, 0x80, 0x80,
0x80, 0x80, 0x72, 0x19, 0x18, 0x72, 0x80, 0x80, 0x80, 0x49, 0x01, 0x00, 0x00, 0xCB, 0xFF, 0xFF,
0xFF, 0xFE, 0xFF, 0x99, 0x01, 0x00, 0xFF, 0xFF, 0xFF, 0xFF, 0xE0, 0x82, 0xFF, 0x99, 0x01, 0xFF,
0xFF, 0xFF, 0xFF, 0xE0, 0x00, 0x7F, 0xFF, 0x84, 0xFF, 0xFF, 0xFF, 0xFF, 0xF9, 0x6A, 0x60, 0xCC,
0xF1, 0xFF, 0xFF, 0xFF, 0xFF, 0xFF, 0xFF, 0xFF, 0xFF, 0xFF, 0xFF, 0xFF, 0xDF, 0xB8, 0xFF, 0xB8,
0xDF, 0xFF, 0xFF, 0xFF, 0xEC, 0x24, 0x7E, 0xFF, 0x7D, 0x25, 0xEC, 0xFF, 0xFF, 0x9D, 0x0A, 0xEB,
0xFF, 0xEB, 0x0A, 0x9D, 0xFF, 0xFF, 0xFC, 0x4B, 0x62, 0xFF, 0x61, 0x4B, 0xFC, 0xFF, 0xFF, 0xFF,
0xF8, 0xE3, 0xFF, 0xE3, 0xF8, 0xFF, 0xFF, 0xCB, 0xFF, 0xFF, 0xFF, 0xFF, 0xFF, 0xFF, 0xFF, 0xC9,
0x1A, 0x73, 0x80, 0x80, 0x80, 0x80, 0x80, 0x72, 0x19, 0x00, 0x00, 0x00, 0x05, 0x3E, 0x69, 0x69,
0x3E, 0x05, 0x00, 0x00, 0x00, 0x00, 0x32, 0x60, 0xDC, 0xFF, 0xFF, 0xFF, 0xFF, 0xDA, 0x5F, 0x31,
0x00, 0x00, 0xCD, 0xFF, 0xD2, 0x4E, 0x14, 0x14, 0x4E, 0xD4, 0xFF, 0xCC, 0x00, 0x21, 0xF9, 0xFE,
0xE5, 0x25, 0x07, 0x07, 0x28, 0xE7, 0xFE, 0xF9, 0x20, 0x9C, 0xF3, 0x3E, 0xE7, 0xEF, 0xF6, 0xF6,
0xF0, 0xE7, 0x3E, 0xF4, 0x9B, 0xD5, 0xA7, 0x00, 0x67, 0xFF, 0x9C, 0x9D, 0xFF, 0x66, 0x00, 0xAA,
0xD3, 0xF5, 0x89, 0x00, 0x8F, 0xF5, 0x03, 0x04, 0xF6, 0x8E, 0x00, 0x8A, 0xF4, 0xD5, 0xA7, 0x00,
0x67, 0xFF, 0x9A, 0x9C, 0xFF, 0x66, 0x00, 0xA9, 0xD3, 0x9D, 0xF2, 0x3A, 0xE5, 0xF3, 0xF9, 0xF9,
0xF3, 0xE5, 0x39, 0xF2, 0x9C, 0x22, 0xF9, 0xFD, 0xE9, 0x2A, 0x08, 0x08, 0x2D, 0xEB, 0xFD, 0xF9,
0x22, 0x00, 0xCE, 0xFF, 0xCF, 0x49, 0x12, 0x12, 0x4A, 0xD1, 0xFF, 0xCC, 0x00, 0x00, 0x34, 0x61,
0xDD, 0xFF, 0xFF, 0xFF, 0xFF, 0xDB, 0x60, 0x33, 0x00, 0x00, 0x00, 0x00, 0x06, 0x40, 0x6B, 0x6A,
0x3F, 0x05, 0x00, 0x00, 0x00, 0x00, 0x00, 0x00, 0x02, 0x2E, 0x00, 0x00, 0x2D, 0x02, 0x00, 0x00,
0x00, 0x00, 0x00, 0x50, 0xD9, 0xFF, 0x26, 0x24, 0xFF, 0xD7, 0x4E, 0x00, 0x00, 0x00, 0x65, 0xFD,
0xCB, 0x46, 0x00, 0x00, 0x48, 0xCD, 0xFD, 0x62, 0x00, 0x24, 0xFA, 0xB2, 0x06, 0x00, 0x00, 0x00,
0x00, 0x07, 0xB4, 0xFA, 0x21, 0x9E, 0xF2, 0x15, 0x00, 0x00, 0x00, 0x00, 0x00, 0x00, 0x16, 0xF3,
0x9B, 0xD7, 0xAA, 0x00, 0x00, 0x00, 0x00, 0x00, 0x00, 0x00, 0x00, 0xAB, 0xD4, 0xF4, 0x8B, 0x00,
0x00, 0x00, 0x00, 0x00, 0x00, 0x00, 0x00, 0x8C, 0xF3, 0xCD, 0xB2, 0x00, 0x00, 0x00, 0x00, 0x00,
0x00, 0x00, 0x00, 0xB4, 0xCB, 0x97, 0xF0, 0x17, 0x00, 0x00, 0x00, 0x00, 0x00, 0x00, 0x18, 0xF0,
0x95, 0x21, 0xF3, 0xB4, 0x06, 0x00, 0x00, 0x00, 0x00, 0x07, 0xB5, 0xF2, 0x20, 0x00, 0x62, 0xFE,
0xD3, 0x50, 0x19, 0x19, 0x50, 0xD4, 0xFE, 0x60, 0x00, 0x00, 0x00, 0x40, 0xDF, 0xFF, 0xFF, 0xFF,
0xFF, 0xDE, 0x3F, 0x00, 0x00, 0x00, 0x00, 0x00, 0x05, 0x33, 0x67, 0x66, 0x33, 0x05, 0x00, 0x00,
0x00, 0x00, 0x00, 0x00, 0x00, 0x00, 0x00, 0x00, 0x00, 0x00, 0x00, 0x00, 0x00, 0x0B, 0x00, 0x00,
0x00, 0x00, 0x00, 0x00, 0x00, 0x00, 0x00, 0x00, 0x0C, 0x5E, 0xBA, 0xFC, 0x4C, 0x00, 0x00, 0x00,
0x00, 0x00, 0x00, 0x04, 0x4A, 0xA6, 0xF5, 0xFF, 0xFF, 0xFC, 0x18, 0x00, 0x00, 0x00, 0x00, 0x37,
0x93, 0xEA, 0xFF, 0xFF, 0xFF, 0xFF, 0xFF, 0xB9, 0x00, 0x00, 0x24, 0x7F, 0xDA, 0xFF, 0xFF, 0xFF,
0xFF, 0xFF, 0xFF, 0xFF, 0xFF, 0x5E, 0x00, 0x6F, 0xFF, 0xFF, 0xFF, 0xFF, 0xFF, 0xFF, 0xF8, 0xE4,
0xFF, 0xFF, 0xF5, 0x0C, 0x00, 0x3F, 0xD6, 0xFF, 0xFF, 0xFF, 0xFF, 0xE8, 0x3A, 0xB7, 0xFF, 0xFF,
0xA6, 0x00, 0x00, 0x00, 0x00, 0x3E, 0xA6, 0xF8, 0xCE, 0x1D, 0x88, 0xFF, 0xFF, 0xFF, 0x4B, 0x00,
0x00, 0x00, 0x00, 0x00, 0x00, 0x09, 0x00, 0x5C, 0xFF, 0xFF, 0xFF, 0xEA, 0x04, 0x00, 0x00, 0x00,
0x00, 0x00, 0x00, 0x00, 0x00, 0xC7, 0xFF, 0xFF, 0xFF, 0x93, 0x00, 0x00, 0x00, 0x00, 0x00, 0x00,
0x00, 0x00, 0x00, 0x7F, 0xFF, 0xFF, 0xFF, 0x38, 0x00, 0x00, 0x00, 0x00, 0x00, 0x00, 0x00, 0x00,
0x00, 0x19, 0xFB, 0xFF, 0xDC, 0x00, 0x00, 0x00, 0x00, 0x00, 0x00, 0x00, 0x00, 0x00, 0x00, 0x00,
0xAB, 0xFF, 0x81, 0x00, 0x00, 0x00, 0x00, 0x00, 0x00, 0x00, 0x00, 0x00, 0x00, 0x00, 0x33, 0xCB,
0x1E, 0x00, 0x00, 0x00, 0x00, 0x00, 0x00, 0x00, 0x00, 0x00, 0x00, 0x00, 0x00, 0x00, 0x00, 0x00,
0x00, 0x0B, 0x00, 0x00, 0x00, 0x00, 0x00, 0x00, 0x00, 0x00, 0x00, 0x00, 0x0C, 0x5E, 0xBA, 0xFC,
0x4C, 0x00, 0x00, 0x00, 0x00, 0x00, 0x00, 0x04, 0x4A, 0xA6, 0xF5, 0xFF, 0xFF, 0xFC, 0x18, 0x00,
0x00, 0x00, 0x00, 0x37, 0x93, 0xEA, 0xFF, 0xFF, 0xFF, 0xFF, 0xFF, 0xB9, 0x00, 0x00, 0x24, 0x7F,
0xDA, 0xFF, 0xFF, 0xFF, 0xFF, 0xFF, 0xFF, 0xFF, 0xFF, 0x5E, 0x00, 0x6F, 0xFF, 0xFF, 0xFF, 0xFF,
0xFF, 0xFF, 0xF8, 0xE4, 0xFF, 0xFF, 0xF5, 0x0C, 0x00, 0x3F, 0xD6, 0xFF, 0xFF, 0xFF, 0xFF, 0xE8,
0x3A, 0xB7, 0xFF, 0xFF, 0xA6, 0x00, 0x00, 0x00, 0x00, 0x3E, 0xA6, 0xF8, 0xCE, 0x1D, 0x88, 0xFF,
0xFF, 0xFF, 0x4B, 0x00, 0x00, 0x00, 0x00, 0x00, 0x00, 0x09, 0x00, 0x5C, 0xFF, 0xFF, 0xFF, 0xEA,
0x04, 0x00, 0x00, 0x00, 0x00, 0x00, 0x00, 0x00, 0x00, 0xC7, 0xFF, 0xFF, 0xFF, 0x93, 0x00, 0x00,
0x00, 0x00, 0x00, 0x00, 0x00, 0x00, 0x00, 0x7F, 0xFF, 0xFF, 0xFF, 0x38, 0x00, 0x00, 0x00, 0x00,
0x00, 0x00, 0x00, 0x00, 0x00, 0x19, 0xFB, 0xFF, 0xDC, 0x00, 0x00, 0x00, 0x00, 0x00, 0x00, 0x00,
0x00, 0x00, 0x00, 0x00, 0xAB, 0xFF, 0x81, 0x00, 0x00, 0x00, 0x00, 0x00, 0x00, 0x00, 0x00, 0x00,
0x00, 0x00, 0x33, 0xCB, 0x1E, 0x00, 0x00, 0x00, 0x00, 0x00, 0x00, 0x00, 0x00, 0x0E, 0x55, 0x75,
0x57, 0x23, 0x00, 0x00, 0x00, 0x00, 0x1A, 0x30, 0x04, 0x7F, 0xF6, 0xFF, 0xFF, 0xFF, 0xFF, 0xBB,
0x1E, 0x00, 0x00, 0x98, 0xDA, 0xA7, 0xFF, 0xAC, 0x37, 0x0B, 0x27, 0x6A, 0xEE, 0xF1, 0x2B, 0x00,
0x9F, 0xFF, 0xFF, 0x99, 0x01, 0x00, 0x4C, 0x12, 0x00, 0x1A, 0xE3, 0xCC, 0x04, 0x9F, 0xFF, 0xFD,
0xBE, 0x39, 0x00, 0xCF, 0x4F, 0x00, 0x00, 0x4A, 0xFF, 0x55, 0x4F, 0xBF, 0xBF, 0xBC, 0x39, 0x00,
0xCF, 0x4F, 0x00, 0x00, 0x02, 0xF2, 0x8A, 0x00, 0x00, 0x00, 0x00, 0x00, 0x00, 0xC3, 0x94, 0x00,
0x00, 0x00, 0xCD, 0xB2, 0x00, 0x00, 0x00, 0x00, 0x00, 0x00, 0x29, 0xE7, 0x85, 0x00, 0x01, 0xF2,
0x8A, 0x00, 0x00, 0x22, 0x00, 0x00, 0x00, 0x00, 0x29, 0x9B, 0x00, 0x49, 0xFF, 0x55, 0x00, 0x35,
0xFF, 0x84, 0x00, 0x00, 0x00, 0x00, 0x00, 0x19, 0xE2, 0xCD, 0x04, 0x00, 0x01, 0xA9, 0xFF, 0xAA,
0x33, 0x09, 0x25, 0x68, 0xED, 0xF2, 0x2C, 0x00, 0x00, 0x00, 0x04, 0x81, 0xF6, 0xFF, 0xFF, 0xFF,
0xFF, 0xBD, 0x1F, 0x00, 0x00, 0x00, 0x00, 0x00, 0x00, 0x0F, 0x56, 0x75, 0x59, 0x26, 0x00, 0x00,
0x00, 0x00, 0x00, 0x00, 0x00, 0x04, 0x31, 0x65, 0x65, 0x31, 0x04, 0x00, 0x00, 0x00, 0x00, 0x00,
0x3E, 0xDD, 0xFF, 0xFF, 0xFF, 0xFF, 0xDC, 0x3C, 0x00, 0x00, 0x00, 0x61, 0xFD, 0xFF, 0xFF, 0xFF,
0xFF, 0xFF, 0xFF, 0xFD, 0x5F, 0x00, 0x20, 0xF3, 0xFF, 0xFF, 0xFF, 0xFF, 0xFF, 0xFF, 0xFF, 0xFF,
0xF2, 0x1F, 0x97, 0xFF, 0xFF, 0xFF, 0xFF, 0xFF, 0xFF, 0xFF, 0xFF, 0xFF, 0xFF, 0x95, 0xCD, 0xFF,
0xFF, 0xFF, 0xFF, 0xFF, 0xFF, 0xFF, 0xFF, 0xFF, 0xFF, 0xCB, 0xF3, 0xFF, 0xFF, 0xFF, 0xFF, 0xFF,
0xFF, 0xFF, 0xFF, 0xFF, 0xFF, 0xF2, 0xCD, 0xFF, 0xFF, 0xFF, 0xFF, 0xFF, 0xFF, 0xFF, 0xFF, 0xFF,
0xFF, 0xCB, 0x97, 0xFF, 0xFF, 0xFF, 0xFF, 0xFF, 0xFF, 0xFF, 0xFF, 0xFF, 0xFF, 0x95, 0x21, 0xF3,
0xFF, 0xFF, 0xFF, 0xFF, 0xFF, 0xFF, 0xFF, 0xFF, 0xF2, 0x20, 0x00, 0x62, 0xFE, 0xFF, 0xFF, 0xFF,
0xFF, 0xFF, 0xFF, 0xFE, 0x60, 0x00, 0x00, 0x00, 0x40, 0xDF, 0xFF, 0xFF, 0xFF, 0xFF, 0xDE, 0x3F,
0x00, 0x00, 0x00, 0x00, 0x00, 0x05, 0x33, 0x67, 0x66, 0x33, 0x05, 0x00, 0x00, 0x00, 0x96, 0xC0,
0xC0, 0x66, 0x00, 0x00, 0x13, 0xB2, 0xC0, 0xBC, 0x39, 0x96, 0xF8, 0xE8, 0x66, 0x00, 0x00, 0x13,
0xBB, 0xFF, 0xD4, 0x39, 0x00, 0xE0, 0xA0, 0x00, 0x00, 0x00, 0x00, 0x20, 0xFF, 0x60, 0x00, 0x00,
0xE0, 0xA0, 0x00, 0x00, 0x00, 0x00, 0x20, 0xFF, 0x60, 0x00, 0x00, 0xE0, 0xDC, 0xA0, 0xA0, 0xA0,
0xA0, 0xAC, 0xFF, 0x60, 0x00, 0x00, 0xE0, 0xF4, 0xE0, 0xE0, 0xE0, 0xE0, 0xE4, 0xFF, 0x60, 0x00,
0x00, 0xE0, 0xA0, 0x00, 0x00, 0x00, 0x00, 0x20, 0xFF, 0x60, 0x00, 0x00, 0xE0, 0xA0, 0x00, 0x00,
0x00, 0x00, 0x20, 0xFF, 0x60, 0x00, 0x00, 0xE0, 0xA0, 0x00, 0x00, 0x00, 0x00, 0x20, 0xFF, 0x60,
0x00, 0x96, 0xF8, 0xE8, 0x66, 0x00, 0x00, 0x13, 0xBA, 0xFF, 0xD4, 0x39, 0x96, 0xC0, 0xC0, 0x66,
0x00, 0x00, 0x13, 0xB3, 0xC0, 0xBC, 0x39, 0x00, 0x00, 0x39, 0x71, 0x80, 0x80, 0x80, 0x80, 0x80,
0x7C, 0x1C, 0x05, 0xA9, 0xFF, 0xFF, 0xFF, 0xFF, 0xFF, 0xFF, 0xFF, 0xFC, 0x56, 0x7F, 0xFF, 0xFF,
0xFF, 0xFF, 0xFF, 0x60, 0x80, 0xFF, 0x00, 0x00, 0xDA, 0xFF, 0xFF, 0xFF, 0xFF, 0xFF, 0x60, 0x80,
0xFF, 0x00, 0x00, 0xF0, 0xFF, 0xFF, 0xFF, 0xFF, 0xFF, 0x60, 0x80, 0xFF, 0x00, 0x00, 0xBA, 0xFF,
0xFF, 0xFF, 0xFF, 0xFF, 0x60, 0x80, 0xFF, 0x00, 0x00, 0x31, 0xF9, 0xFF, 0xFF, 0xFF, 0xFF, 0x60,
0x80, 0xFF, 0x00, 0x00, 0x00, 0x31, 0xBA, 0xF1, 0xFF, 0xFF, 0x60, 0x80, 0xFF, 0x00, 0x00, 0x00,
0x00, 0x00, 0x00, 0x20, 0xFF, 0x60, 0x80, 0xFF, 0x00, 0x00, 0x00, 0x00, 0x00, 0x00, 0x20, 0xFF,
0x60, 0x80, 0xFF, 0x00, 0x00, 0x00, 0x00, 0x00, 0x00, 0x20, 0xFF, 0x60, 0x80, 0xFF, 0x00, 0x00,
0x00, 0x00, 0x00, 0x00, 0x1C, 0xFF, 0x5C, 0x7C, 0xFC, 0x00, 0x00, 0x00, 0x00, 0x00, 0x00, 0x00,
0x62, 0x10, 0x1D, 0x56, 0x00, 0x00, 0x00, 0x00, 0x00, 0x00, 0x0D, 0x00, 0x00, 0x00, 0x00, 0x00,
0x00, 0x00, 0x00, 0x00, 0x07, 0xBA, 0xFF, 0xB7, 0x06, 0x00, 0x00, 0x00, 0x00, 0x00, 0xD3, 0xFF,
0xFF, 0xFF, 0xFF, 0xFF, 0xFF, 0xFF, 0xFF, 0xFF, 0xFF, 0xD2, 0x5A, 0x7F, 0x87, 0xFA, 0xFF, 0xF9,
0x86, 0x7F, 0x7F, 0x7F, 0x7F, 0x59, 0x00, 0x00, 0x00, 0x41, 0x8C, 0x3F, 0x00, 0x24, 0x47, 0x07,
0x00, 0x00, 0x23, 0x3F, 0x3F, 0x3F, 0x3F, 0x3F, 0x61, 0xFC, 0xFF, 0xBA, 0x3F, 0x23, 0xE6, 0xFF,
0xFF, 0xFF, 0xFF, 0xFF, 0xFF, 0xFF, 0xFF, 0xFF, 0xFF, 0xE5, 0x23, 0x3F, 0x3F, 0x3F, 0x3F, 0x3F,
0x61, 0xFC, 0xFF, 0xBA, 0x3F, 0x23, 0x00, 0x00, 0x24, 0x87, 0x5F, 0x00, 0x00, 0x25, 0x47, 0x07,
0x00, 0x00, 0x59, 0x7F, 0xE1, 0xFF, 0xFF, 0x9F, 0x7F, 0x7F, 0x7F, 0x7F, 0x7F, 0x59, 0xD3, 0xFF,
0xFF, 0xFF, 0xFF, 0xFF, 0xFF, 0xFF, 0xFF, 0xFF, 0xFF, 0xD3, 0x00, 0x00, 0x86, 0xFB, 0xDE, 0x1F,
0x00, 0x00, 0x00, 0x00, 0x00, 0x00, 0x00, 0x00, 0x00, 0x0C, 0x01, 0x00, 0x00, 0x00, 0x00, 0x00,
0x00, 0x00, 0x00, 0x00, 0x00, 0x00, 0x00, 0x00, 0x00, 0x0A, 0x64, 0x64, 0x0A, 0x00, 0x00, 0x00,
0x00, 0x00, 0x00, 0x00, 0x03, 0xCA, 0xFF, 0xFF, 0xC9, 0x03, 0x00, 0x00, 0x00, 0x00, 0x00, 0x00,
0x31, 0xFF, 0xFF, 0xFF, 0xFF, 0x2F, 0x00, 0x00, 0x00, 0x00, 0x00, 0x2D, 0xBD, 0xFF, 0xFF, 0xFF,
0xF9, 0x16, 0x12, 0x90, 0xB0, 0x5E, 0x9A, 0xFD, 0xED, 0x95, 0xE7, 0xE5, 0x5B, 0x00, 0xB4, 0xFF,
0xFF, 0xFF, 0xF9, 0x8D, 0x11, 0x00, 0x00, 0x00, 0x00, 0x00, 0xF3, 0xFF, 0xFF, 0xFF, 0x82, 0x00,
0x00, 0x00, 0x00, 0x00, 0x00, 0x00, 0xB5, 0xFF, 0xFF, 0xFF, 0xF9, 0x8C, 0x10, 0x00, 0x00, 0x00,
0x00, 0x00, 0x13, 0x91, 0xB1, 0x5F, 0x9B, 0xFD, 0xED, 0x94, 0xE6, 0xE4, 0x59, 0x00, 0x00, 0x00,
0x00, 0x00, 0x00, 0x2E, 0xBD, 0xFF, 0xFF, 0xFF, 0xF9, 0x16, 0x00, 0x00, 0x00, 0x00, 0x00, 0x00,
0x31, 0xFF, 0xFF, 0xFF, 0xFF, 0x2F, 0x00, 0x00, 0x00, 0x00, 0x00, 0x00, 0x03, 0xCB, 0xFF, 0xFF,
0xCA, 0x03, 0x00, 0x00, 0x00, 0x00, 0x00, 0x00, 0x00, 0x0B, 0x66, 0x65, 0x0A, 0x00, 0x41, 0xB2,
0xBF, 0xBF, 0xBF, 0xBF, 0xBF, 0xBF, 0xBF, 0x89, 0x09, 0xE2, 0xFF, 0xFF, 0xFF, 0xFF, 0xFF, 0xF4,
0xE5, 0xFF, 0xFF, 0x61, 0xFF, 0xFF, 0xFF, 0xFF, 0xFF, 0xE9, 0x0F, 0x04, 0xB6, 0xFF, 0x7F, 0xFF,
0xFF, 0xFF, 0xFF, 0xF3, 0x62, 0x00, 0x00, 0x81, 0xFF, 0x7F, 0xFF, 0xA7, 0x1D, 0x56, 0x17, 0x39,
0x73, 0x68, 0xEA, 0xFF, 0x7F, 0xFF, 0x3A, 0x00, 0x00, 0x60, 0xFF, 0xFF, 0xFF, 0xFF, 0xFF, 0x7F,
0xFF, 0xA5, 0x1B, 0x55, 0x16, 0x3E, 0x78, 0x6A, 0xEB, 0xFF, 0x7F, 0xFF, 0xFF, 0xFF, 0xFF, 0xF2,
0x60, 0x00, 0x00, 0x82, 0xFF, 0x7F, 0xFF, 0xFF, 0xFF, 0xFF, 0xFF, 0xE8, 0x0F, 0x03, 0xB5, 0xFF,
0x7F, 0xE2, 0xFF, 0xFF, 0xFF, 0xFF, 0xFF, 0xF3, 0xE5, 0xFF, 0xFF, 0x61, 0x43, 0xB2, 0xBF, 0xBF,
0xBF, 0xBF, 0xBF, 0xBF, 0xBF, 0x8A, 0x09, 0x00, 0x00, 0x00, 0x00, 0x00, 0x00, 0x00, 0x00, 0x00,
0x00, 0x22, 0x83, 0x00, 0x00, 0x00, 0x00, 0x00, 0x00, 0x00, 0x00, 0x00, 0x00, 0x00, 0x32, 0xBD,
0xF4, 0x75, 0x02, 0x00, 0x00, 0x00, 0x00, 0x09, 0x32, 0x19, 0x2C, 0x38, 0x34, 0xC0, 0xF4, 0x7A,
0x02, 0x00, 0x00, 0x1B, 0xB1, 0xFB, 0xFF, 0xFF, 0xFF, 0xFB, 0x53, 0x24, 0x85, 0x00, 0x00, 0x00,
0x1B, 0xEC, 0xF2, 0x81, 0x52, 0xEE, 0xFF, 0xFF, 0xFB, 0x4A, 0x00, 0x00, 0x00, 0x00, 0xB3, 0xF2,
0x25, 0x44, 0x9D, 0xFC, 0xFF, 0xFF, 0xFF, 0x86, 0x00, 0x00, 0x00, 0x0A, 0xFC, 0x80, 0x44, 0xFF,
0xFF, 0xFF, 0xFF, 0xFF, 0xFF, 0x4E, 0x00, 0x00, 0x00, 0x32, 0xFF, 0x51, 0x9D, 0xFF, 0xFF, 0xFF,
0xFF, 0xFF, 0xFF, 0x73, 0x00, 0x00, 0x00, 0x13, 0xFF, 0xEE, 0xFC, 0xFF, 0xFF, 0xFF, 0xFF, 0xFF,
0xFF, 0x52, 0x00, 0x00, 0x00, 0x00, 0xD2, 0xFF, 0xFF, 0xFF, 0xFF, 0xFF, 0xFF, 0xFF, 0xF8, 0x18,
0x00, 0x00, 0x00, 0x00, 0x3A, 0xFD, 0xFF, 0xFF, 0xFF, 0xFF, 0xFF, 0xFF, 0x75, 0x00, 0x00, 0x00,
0x00, 0x00, 0x00, 0x4C, 0xE6, 0xFF, 0xFF, 0xFF, 0xF8, 0x77, 0x02, 0x00, 0x00, 0x00, 0x00, 0x00,
0x00, 0x00, 0x0D, 0x47, 0x72, 0x53, 0x19, 0x00, 0x00, 0x00, 0x00, 0x00, 0x00, 0x00, 0x00, 0x00,
0x04, 0x30, 0x64, 0x65, 0x30, 0x04, 0x00, 0x00, 0x00, 0x00, 0x00, 0x3E, 0xDD, 0xFF, 0xFF, 0xFF,
0xFF, 0xDC, 0x3C, 0x00, 0x00, 0x00, 0x61, 0xFD, 0xCA, 0x83, 0xFB, 0xFB, 0x82, 0xCB, 0xFD, 0x5F,
0x00, 0x20, 0xF3, 0xBD, 0x05, 0x00, 0x3D, 0x3C, 0x00, 0x06, 0xC0, 0xF2, 0x1F, 0x97, 0xFF, 0xD6,
0x00, 0x00, 0x0F, 0x0F, 0x00, 0x00, 0xD8, 0xFF, 0x95, 0xCC, 0xFF, 0xF7, 0x14, 0x3C, 0xEA, 0xE9,
0x3B, 0x15, 0xF7, 0xFF, 0xCA, 0xF3, 0xCE, 0x26, 0x00, 0x93, 0xFF, 0xFF, 0x8F, 0x00, 0x27, 0xCE,
0xF2, 0xCC, 0xA3, 0x00, 0x00, 0x39, 0xF9, 0xF9, 0x38, 0x00, 0x00, 0xA5, 0xCA, 0x97, 0xF0, 0x21,
0x24, 0x06, 0x05, 0x05, 0x06, 0x24, 0x22, 0xF2, 0x95, 0x21, 0xF3, 0xFF, 0xFF, 0x7B, 0x00, 0x00,
0x80, 0xFF, 0xFF, 0xF2, 0x20, 0x00, 0x62, 0xFE, 0xFF, 0xC4, 0x0F, 0x0F, 0xC8, 0xFF, 0xFE, 0x60,
0x00, 0x00, 0x00, 0x40, 0xDF, 0xFF, 0xFF, 0xFF, 0xFF, 0xDE, 0x3F, 0x00, 0x00, 0x00, 0x00, 0x00,
0x05, 0x33, 0x66, 0x66, 0x32, 0x05, 0x00, 0x00, 0x00, 0x00, 0x00, 0x06, 0x57, 0x85, 0xA9, 0xAA,
0x85, 0x57, 0x06, 0x00, 0x00, 0x03, 0x76, 0xE6, 0xFF, 0xFF, 0xFF, 0xFF, 0xFF, 0xFF, 0xE6, 0x76,
0x03, 0x95, 0xFF, 0xFF, 0xFB, 0xD6, 0xAE, 0xB3, 0xE6, 0xFF, 0xFF, 0xFF, 0x91, 0xF2, 0xFF, 0xFF,
0xCC, 0x00, 0x00, 0x00, 0x00, 0xCB, 0xFF, 0xFF, 0xED, 0xE3, 0xFF, 0xFF, 0xB7, 0x00, 0x00, 0x00,
0x00, 0xB5, 0xFF, 0xFF, 0xDE, 0x63, 0xB4, 0x54, 0x04, 0x00, 0x00, 0x00, 0x00, 0x04, 0x54, 0xB4,
0x60, 0x00, 0x00, 0x00, 0x00, 0x00, 0x00, 0x00, 0x00, 0x00, 0x00, 0x00, 0x00, 0x20, 0xE5, 0x1F,
0xCF, 0x55, 0x93, 0x92, 0x56, 0xCF, 0x20, 0xE5, 0x1F, 0x06, 0x66, 0x06, 0x56, 0x1C, 0x3A, 0x39,
0x1D, 0x56, 0x06, 0x66, 0x06, 0x13, 0xA5, 0x13, 0x96, 0xBF, 0xBF, 0xBF, 0xBF, 0x95, 0x13, 0xA5,
0x13, 0x13, 0xA6, 0x13, 0x96, 0xBF, 0xBF, 0xBF, 0xBF, 0x96, 0x13, 0xA6, 0x13, 0x00, 0x00, 0x66,
0xBC, 0x39, 0x00, 0x00, 0x39, 0xBC, 0x66, 0x00, 0x00, 0x00, 0x00, 0x90, 0xC0, 0x60, 0x00, 0x00,
0x60, 0xC0, 0x90, 0x00, 0x00, 0x00, 0x26, 0x7E, 0x80, 0x40, 0x60, 0x60, 0x40, 0x80, 0x7E, 0x27,
0x00, 0x00, 0x9E, 0xFF, 0xFF, 0x80, 0xC0, 0xC0, 0x80, 0xFF, 0xFF, 0x9F, 0x00, 0x00, 0xC7, 0xFF,
0xFF, 0x80, 0xC0, 0xC0, 0x80, 0xFF, 0xFF, 0xC3, 0x00, 0x19, 0xFD, 0xFF, 0xFF, 0x80, 0xC0, 0xC0,
0x80, 0xFF, 0xFF, 0xFC, 0x16, 0x74, 0xFF, 0xFF, 0xFF, 0x80, 0x30, 0x30, 0x80, 0xFF, 0xFF, 0xFF,
0x70, 0xD4, 0xFF, 0xFF, 0xFF, 0x80, 0x00, 0x00, 0x80, 0xFF, 0xFF, 0xFF, 0xD1, 0xF9, 0xFF, 0xFF,
0xFF, 0x80, 0x00, 0x00, 0x80, 0xFF, 0xFF, 0xFF, 0xF9, 0xFF, 0xFF, 0xFF, 0xFF, 0x80, 0x00, 0x00,
0x80, 0xFF, 0xFF, 0xFF, 0xFF, 0x96, 0xC0, 0xC0, 0xBC, 0x39, 0x00, 0x00, 0x3A, 0xBC, 0xC0, 0xC0,
0x96, 0x00, 0x00, 0x13, 0x13, 0x00, 0x00, 0x00, 0x25, 0x00, 0x00, 0x00, 0x00, 0x00, 0xB3, 0xB2,
0x00, 0x00, 0x33, 0xFF, 0x32, 0x00, 0x00, 0x00, 0x00, 0xC0, 0xC0, 0x00, 0x00, 0x40, 0xFF, 0x40,
0x00, 0x00, 0x23, 0x40, 0xD0, 0xD0, 0x40, 0x40, 0x70, 0xFF, 0x70, 0x3C, 0x06, 0xE6, 0xFF, 0xFF,
0xFF, 0xFF, 0xFF, 0xFF, 0xFF, 0xFF, 0xFF, 0x65, 0x53, 0xFF, 0xFF, 0xFF, 0xFF, 0xFF, 0xFF, 0xFF,
0xFF, 0xCC, 0x06, 0x3E, 0xFF, 0xFF, 0xFF, 0xFF, 0xFF, 0xFF, 0xFF, 0xFF, 0xBE, 0x00, 0x1E, 0xFF,
0xFF, 0xFF, 0xFF, 0xFF, 0xFF, 0xFF, 0xFF, 0x9C, 0x00, 0x00, 0xD8, 0xFF, 0xFF, 0xFF, 0xFF, 0xFF,
0xFF, 0xFF, 0x56, 0x00, 0x00, 0x44, 0xFB, 0xFF, 0xFF, 0xFF, 0xFF, 0xFF, 0xBC, 0x00, 0x00, 0x00,
0x00, 0x42, 0xD5, 0xFF, 0xFF, 0xF5, 0x96, 0x08, 0x00, 0x00, 0x00, 0x00, 0x00, 0x00, 0x8C, 0xFF,
0x0C, 0x00, 0x00, 0x00, 0x00, 0x00, 0x00, 0x00, 0x00, 0x7C, 0xFC, 0x00, 0x00, 0x00, 0x00, 0x00,
0x00, 0x00, 0x00, 0x00, 0x1D, 0x56, 0x00, 0x00, 0x00, 0x00, 0x00, 0x00, 0x00, 0x22, 0xA1, 0xC0,
0xC0, 0xC0, 0xC0, 0xC0, 0xC0, 0xB2, 0x40, 0x21, 0x00, 0xA2, 0xFF, 0xCD, 0xC0, 0xEC, 0xFF, 0xFF,
0xFF, 0xFF, 0xE1, 0xFA, 0x1A, 0xC0, 0xCC, 0x00, 0x00, 0x4D, 0xFF, 0xFF, 0xFF, 0xFF, 0xFF, 0xFF,
0x20, 0xC0, 0xC0, 0x00, 0x00, 0x40, 0xFF, 0xAA, 0xA0, 0xE6, 0xFF, 0xFF, 0x20, 0xC0, 0xEC, 0x4C,
0x40, 0x99, 0xF7, 0x4A, 0x40, 0xB9, 0xFF, 0xFF, 0x20, 0xC0, 0xFF, 0xE5, 0xE0, 0xE0, 0xE0, 0xE0,
0xE0, 0xFD, 0xFF, 0xFF, 0x20, 0xC0, 0xDD, 0x05, 0x00, 0x00, 0x00, 0x00, 0x00, 0xA3, 0xFF, 0xFF,
0x20, 0xC0, 0xFF, 0xFF, 0xFF, 0xFF, 0xFF, 0xFF, 0xFF, 0xFF, 0xFF, 0xFF, 0x20, 0xC0, 0xDF, 0x25,
0x20, 0x20, 0x20, 0x20, 0x20, 0xAE, 0xFF, 0xE2, 0x90, 0xEA, 0xFD, 0xC5, 0xC0, 0xC0, 0xC0, 0xC0,
0xC0, 0xF2, 0xE1, 0x43, 0xB3, 0xC0, 0xC0, 0xC0, 0xC0, 0xC0, 0xC0, 0xC0, 0xC0, 0xB2, 0x41, 0x00,
0x00, 0x00, 0x22, 0x70, 0x9F, 0xB7, 0xAC, 0x8E, 0x49, 0x07, 0x00, 0x00, 0x00, 0x00, 0x24, 0xAC,
0xFF, 0xFF, 0xE1, 0xC8, 0xD4, 0xF4, 0xFF, 0xE6, 0x67, 0x01, 0x00, 0x4F, 0xF2, 0xFA, 0x84, 0x1E,
0x00, 0x00, 0x00, 0x06, 0x48, 0xD2, 0xFF, 0xB3, 0x0E, 0xE5, 0xCF, 0x30, 0x00, 0x00, 0x00, 0x00,
0x00, 0x00, 0x00, 0x05, 0x80, 0xFA, 0x61, 0x14, 0x02, 0x00, 0x00, 0x1A, 0x5A, 0x8E, 0x75, 0x3D,
0x01, 0x00, 0x00, 0x14, 0x01, 0x00, 0x00, 0x00, 0x5B, 0xF3, 0xFF, 0xF0, 0xFD, 0xFF, 0xB8, 0x15,
0x00, 0x00, 0x00, 0x00, 0x00, 0x41, 0xFF, 0xB7, 0x28, 0x00, 0x0D, 0x61, 0xF3, 0xC0, 0x00, 0x00,
0x00, 0x00, 0x00, 0x0A, 0x4A, 0x01, 0x00, 0x00, 0x00, 0x00, 0x1F, 0x34, 0x00, 0x00, 0x00, 0x00,
0x00, 0x00, 0x00, 0x00, 0x04, 0x5F, 0x29, 0x00, 0x00, 0x00, 0x00, 0x00, 0x00, 0x00, 0x00, 0x00,
0x00, 0x00, 0x44, 0xFF, 0xC3, 0x00, 0x00, 0x00, 0x00, 0x00, 0x00, 0x00, 0x00, 0x00, 0x00, 0x00,
0x0F, 0xA0, 0x55, 0x00, 0x00, 0x00, 0x00, 0x00, 0x00, 0x00, 0x19, 0x46, 0x6F, 0x6E, 0x74, 0x20,
0x41, 0x77, 0x65, 0x73, 0x6F, 0x6D, 0x65, 0x20, 0x37, 0x20, 0x46, 0x72, 0x65, 0x65, 0x20, 0x53,
0x6F, 0x6C, 0x69, 0x64, 0x00, 0x16, 0x46, 0x6F, 0x6E, 0x74, 0x41, 0x77, 0x65, 0x73, 0x6F, 0x6D,
0x65, 0x37, 0x46, 0x72, 0x65, 0x65, 0x2D, 0x53, 0x6F, 0x6C, 0x69, 0x64, 0x01, 
};
